Year,Country,ISO3,GDP_Growth_Percent,Inflation_Percent,Data_Type,Source,GDP,Inflation,GDP_Growth
2001-01-01,Afghanistan,AFG,-9.4319740700862,,Historical,World Bank API,-9.4319740700862,6.747787530076212,
2002-01-01,Afghanistan,AFG,28.6000011706788,,Historical,World Bank API,28.6000011706788,6.747787530076212,-403.2239164162315
2003-01-01,Afghanistan,AFG,8.83227780288267,,Historical,World Bank API,8.83227780288267,6.747787530076212,-69.11791104422167
2004-01-01,Afghanistan,AFG,1.41411799339429,,Historical,World Bank API,1.41411799339429,6.747787530076212,-83.98920386162727
2005-01-01,Afghanistan,AFG,11.2297148272859,12.6862687216715,Historical,World Bank API,11.2297148272859,12.6862687216715,694.1144147619077
2006-01-01,Afghanistan,AFG,5.35740324748592,6.78459655001655,Historical,World Bank API,5.35740324748592,6.78459655001655,-52.29261535236379
2007-01-01,Afghanistan,AFG,13.8263195471281,8.68057078513406,Historical,World Bank API,13.8263195471281,8.68057078513406,158.07875398620416
2008-01-01,Afghanistan,AFG,3.92498381999467,26.4186641547444,Historical,World Bank API,3.92498381999467,26.4186641547444,-71.61222980116978
2009-01-01,Afghanistan,AFG,21.3905283926492,-6.81116108898996,Historical,World Bank API,21.3905283926492,-6.81116108898996,444.98386168323736
2010-01-01,Afghanistan,AFG,14.3624414710737,2.17853752389419,Historical,World Bank API,14.3624414710737,2.17853752389419,-32.85606971724309
2011-01-01,Afghanistan,AFG,0.426354776777345,11.8041858089129,Historical,World Bank API,0.426354776777345,11.8041858089129,-97.03146030125843
2012-01-01,Afghanistan,AFG,12.7522870926697,6.44121280934117,Historical,World Bank API,12.7522870926697,6.44121280934117,2891.0036868964926
2013-01-01,Afghanistan,AFG,5.60074465863221,7.38577178397855,Historical,World Bank API,5.60074465863221,7.38577178397855,-56.08046919009813
2014-01-01,Afghanistan,AFG,2.72454336219565,4.67399603536345,Historical,World Bank API,2.72454336219565,4.67399603536345,-51.35390866290579
2015-01-01,Afghanistan,AFG,1.45131466066431,-0.661709164713742,Historical,World Bank API,1.45131466066431,-0.661709164713742,-46.73182006195977
2016-01-01,Afghanistan,AFG,2.26031420279821,4.38389195513915,Historical,World Bank API,2.26031420279821,4.38389195513915,55.74253220618586
2017-01-01,Afghanistan,AFG,2.6470032027451,4.97595150553833,Historical,World Bank API,2.6470032027451,4.97595150553833,17.107754287796762
2018-01-01,Afghanistan,AFG,1.18922812944517,0.626149149168847,Historical,World Bank API,1.18922812944517,0.626149149168847,-55.07265997215758
2019-01-01,Afghanistan,AFG,3.91160341625552,2.30237251516834,Historical,World Bank API,3.91160341625552,2.30237251516834,228.91951673565475
2020-01-01,Afghanistan,AFG,-2.35110067203466,5.60188791482224,Historical,World Bank API,-2.35110067203466,5.60188791482224,-160.1058037290833
2021-01-01,Afghanistan,AFG,-20.7388393676343,5.13320340824963,Historical,World Bank API,-20.7388393676343,5.13320340824963,782.0906571255731
2022-01-01,Afghanistan,AFG,-6.24017199240269,13.7121023720065,Historical,World Bank API,-6.24017199240269,13.7121023720065,-69.91069807820922
2023-01-01,Afghanistan,AFG,2.26694373649188,-4.64470870797775,Historical,World Bank API,2.26694373649188,-4.64470870797775,-136.32822523564812
2024-01-01,Afghanistan,AFG,,-6.60118564073726,Historical,World Bank API,3.326306297196254,-6.60118564073726,46.7308713335669
2000-01-01,Albania,ALB,7.46285871776054,0.0500181363468238,Historical,World Bank API,7.46285871776054,0.0500181363468238,
2001-01-01,Albania,ALB,8.8637306604876,3.10758827031434,Historical,World Bank API,8.8637306604876,3.10758827031434,18.771251013947033
2002-01-01,Albania,ALB,4.62839587394552,7.77052583431552,Historical,World Bank API,4.62839587394552,7.77052583431552,-47.782755915883065
2003-01-01,Albania,ALB,5.33326426009945,0.484002611818478,Historical,World Bank API,5.33326426009945,0.484002611818478,15.229215593286295
2004-01-01,Albania,ALB,5.26626173860785,2.28001916938101,Historical,World Bank API,5.26626173860785,2.28001916938101,-1.2563135487749344
2005-01-01,Albania,ALB,5.13082193056189,2.36658195679795,Historical,World Bank API,5.13082193056189,2.36658195679795,-2.571839661007125
2006-01-01,Albania,ALB,6.0189812403864,2.37072831904282,Historical,World Bank API,6.0189812403864,2.37072831904282,17.31027351649379
2007-01-01,Albania,ALB,6.50009261158209,2.93268248162323,Historical,World Bank API,6.50009261158209,2.93268248162323,7.993235931149112
2008-01-01,Albania,ALB,6.90706230713707,3.32087090389265,Historical,World Bank API,6.90706230713707,3.32087090389265,6.260983033223666
2009-01-01,Albania,ALB,2.69075152362146,2.26692209450831,Historical,World Bank API,2.69075152362146,2.26692209450831,-61.04347399847392
2010-01-01,Albania,ALB,2.97315442681247,3.6271009151748,Historical,World Bank API,2.97315442681247,3.6271009151748,10.495317041052022
2011-01-01,Albania,ALB,2.46351683915714,3.42807130141503,Historical,World Bank API,2.46351683915714,3.42807130141503,-17.141309010366957
2012-01-01,Albania,ALB,0.984129880204108,2.03159268395296,Historical,World Bank API,0.984129880204108,2.03159268395296,-60.05183059593718
2013-01-01,Albania,ALB,1.7072283175406,1.93762080205223,Historical,World Bank API,1.7072283175406,1.93762080205223,73.47591531175965
2014-01-01,Albania,ALB,2.24022695382642,1.62586504402604,Historical,World Bank API,2.24022695382642,1.62586504402604,31.22011454529101
2015-01-01,Albania,ALB,2.2277040745779,1.89617402592366,Historical,World Bank API,2.2277040745779,1.89617402592366,-0.5590004721231612
2016-01-01,Albania,ALB,3.90893551362245,1.27543168367423,Historical,World Bank API,3.90893551362245,1.27543168367423,75.46924469144788
2017-01-01,Albania,ALB,3.28317593330073,1.98666133171194,Historical,World Bank API,3.28317593330073,1.98666133171194,-16.00843959029199
2018-01-01,Albania,ALB,3.67141928098908,2.02805963071135,Historical,World Bank API,3.67141928098908,2.02805963071135,11.825237379162656
2019-01-01,Albania,ALB,2.06257790176122,1.41109078954251,Historical,World Bank API,2.06257790176122,1.41109078954251,-43.82069320054446
2020-01-01,Albania,ALB,-3.31375636888916,1.62088661717004,Historical,World Bank API,-3.31375636888916,1.62088661717004,-260.66090721032003
2021-01-01,Albania,ALB,8.96957619074095,2.04147163139545,Historical,World Bank API,8.96957619074095,2.04147163139545,-370.6769958996032
2022-01-01,Albania,ALB,4.8268006234359,6.7252027153006,Historical,World Bank API,4.8268006234359,6.7252027153006,-46.18697114788461
2023-01-01,Albania,ALB,4.01541716935742,4.75834555150039,Historical,World Bank API,4.01541716935742,4.75834555150039,-16.809964143513902
2024-01-01,Albania,ALB,4.04592845095348,2.21587375089999,Historical,World Bank API,4.04592845095348,2.21587375089999,0.7598533429826082
2000-01-01,Algeria,DZA,3.80000000158476,0.339163189071768,Historical,World Bank API,3.80000000158476,0.339163189071768,
2001-01-01,Algeria,DZA,2.99999999863043,4.22598834854673,Historical,World Bank API,2.99999999863043,4.22598834854673,-21.052631647913056
2002-01-01,Algeria,DZA,5.40000000000001,1.41830192345051,Historical,World Bank API,5.40000000000001,1.41830192345051,80.00000008217452
2003-01-01,Algeria,DZA,6.50000000062043,4.268953958395,Historical,World Bank API,6.50000000062043,4.268953958395,20.37037038185958
2004-01-01,Algeria,DZA,4.49999999976698,3.96180030257187,Historical,World Bank API,4.49999999976698,3.96180030257187,-30.76923077942382
2005-01-01,Algeria,DZA,5.39999999969525,1.38244656662118,Historical,World Bank API,5.39999999969525,1.38244656662118,19.99999999944164
2006-01-01,Algeria,DZA,2.89999999905852,2.31149918514424,Historical,World Bank API,2.89999999905852,2.31149918514424,-46.296296310700335
2007-01-01,Algeria,DZA,3.10000000128674,3.67899574741699,Historical,World Bank API,3.10000000128674,3.67899574741699,6.896551803212048
2008-01-01,Algeria,DZA,2.49999999929371,4.85859062814939,Historical,World Bank API,2.49999999929371,4.85859062814939,-19.354838765934957
2009-01-01,Algeria,DZA,1.19999999969519,5.73706036145628,Historical,World Bank API,1.19999999969519,5.73706036145628,-51.99999999863163
2010-01-01,Algeria,DZA,4.80000000093564,3.91106195534028,Historical,World Bank API,4.80000000093564,3.91106195534028,300.00000017957336
2011-01-01,Algeria,DZA,2.99999999941909,4.5242115050527,Historical,World Bank API,2.99999999941909,4.5242115050527,-37.50000002428509
2012-01-01,Algeria,DZA,2.40000000034432,8.89145091062317,Historical,World Bank API,2.40000000034432,8.89145091062317,-19.999999973031734
2013-01-01,Algeria,DZA,2.60000000061164,3.25423910998847,Historical,World Bank API,2.60000000061164,3.25423910998847,8.333333343276106
2014-01-01,Algeria,DZA,4.09999999866501,2.91692692067458,Historical,World Bank API,4.09999999866501,2.91692692067458,57.69230760386539
2015-01-01,Algeria,DZA,3.20000000089023,4.78444700693889,Historical,World Bank API,3.20000000089023,4.78444700693889,-21.951219465068938
2016-01-01,Algeria,DZA,3.90000000017621,6.39769480268757,Historical,World Bank API,3.90000000017621,6.39769480268757,21.874999971601316
2017-01-01,Algeria,DZA,1.49999999895587,5.59111590961664,Historical,World Bank API,1.49999999895587,5.59111590961664,-61.53846156697187
2018-01-01,Algeria,DZA,1.40000000088281,4.26999020467084,Historical,World Bank API,1.40000000088281,4.26999020467084,-6.66666654284459
2019-01-01,Algeria,DZA,0.899999999219148,1.95176821052892,Historical,World Bank API,0.899999999219148,1.95176821052892,-35.71428581059806
2020-01-01,Algeria,DZA,-4.99999999908597,2.41513094083414,Historical,World Bank API,-4.99999999908597,2.41513094083414,-655.5555559360041
2021-01-01,Algeria,DZA,3.79999999900707,7.22606307415477,Historical,World Bank API,3.79999999900707,7.22606307415477,-175.99999999403465
2022-01-01,Algeria,DZA,3.60000000094915,9.26551551551553,Historical,World Bank API,3.60000000094915,9.26551551551553,-5.263157845004718
2023-01-01,Algeria,DZA,4.10000000005964,9.32217375928322,Historical,World Bank API,4.10000000005964,9.32217375928322,13.888888860518422
2024-01-01,Algeria,DZA,3.69999999907979,4.04611455313434,Historical,World Bank API,3.69999999907979,4.04611455313434,-9.756097584732471
2003-01-01,American Samoa,ASM,0.965517241379317,,Historical,World Bank API,0.965517241379317,6.747787530076212,
2004-01-01,American Samoa,ASM,0.409836065573771,,Historical,World Bank API,0.409836065573771,6.747787530076212,-57.55269320843115
2005-01-01,American Samoa,ASM,-0.408163265306129,,Historical,World Bank API,-0.408163265306129,6.747787530076212,-199.59183673469533
2006-01-01,American Samoa,ASM,-4.09836065573771,,Historical,World Bank API,-4.09836065573771,6.747787530076212,904.0983606557228
2007-01-01,American Samoa,ASM,1.85185185185186,,Historical,World Bank API,1.85185185185186,6.747787530076212,-145.18518518518533
2008-01-01,American Samoa,ASM,-2.65734265734265,,Historical,World Bank API,-2.65734265734265,6.747787530076212,-243.49650349650247
2009-01-01,American Samoa,ASM,-4.16666666666666,,Historical,World Bank API,-4.16666666666666,6.747787530076212,56.79824561403526
2010-01-01,American Samoa,ASM,0.299850074962521,,Historical,World Bank API,0.299850074962521,6.747787530076212,-107.1964017991005
2011-01-01,American Samoa,ASM,0.0,,Historical,World Bank API,0.0,6.747787530076212,-100.0
2012-01-01,American Samoa,ASM,-4.33482810164425,,Historical,World Bank API,-4.33482810164425,6.747787530076212,-inf
2013-01-01,American Samoa,ASM,-2.5,,Historical,World Bank API,-2.5,6.747787530076212,-42.32758620689662
2014-01-01,American Samoa,ASM,1.76282051282051,,Historical,World Bank API,1.76282051282051,6.747787530076212,-170.51282051282038
2015-01-01,American Samoa,ASM,3.14960629921259,,Historical,World Bank API,3.14960629921259,6.747787530076212,78.66857551896902
2016-01-01,American Samoa,ASM,-1.67938931297709,,Historical,World Bank API,-1.67938931297709,6.747787530076212,-153.32061068702276
2017-01-01,American Samoa,ASM,-6.98757763975155,,Historical,World Bank API,-6.98757763975155,6.747787530076212,316.0784867306628
2018-01-01,American Samoa,ASM,2.6711185308848,,Historical,World Bank API,2.6711185308848,6.747787530076212,-138.22667408644028
2019-01-01,American Samoa,ASM,-0.487804878048777,,Historical,World Bank API,-0.487804878048777,6.747787530076212,-118.26219512195115
2020-01-01,American Samoa,ASM,4.41176470588236,,Historical,World Bank API,4.41176470588236,6.747787530076212,-1004.4117647058904
2021-01-01,American Samoa,ASM,-0.782472613458523,,Historical,World Bank API,-0.782472613458523,6.747787530076212,-117.73604590505981
2022-01-01,American Samoa,ASM,1.73501577287065,,Historical,World Bank API,1.73501577287065,6.747787530076212,-321.7350157728707
2000-01-01,Andorra,AND,3.52836236122388,,Historical,World Bank API,3.52836236122388,6.747787530076212,
2001-01-01,Andorra,AND,8.11935772169949,,Historical,World Bank API,8.11935772169949,6.747787530076212,130.11688966331496
2002-01-01,Andorra,AND,4.54636221364653,,Historical,World Bank API,4.54636221364653,6.747787530076212,-44.00588852618116
2003-01-01,Andorra,AND,8.69420371612468,,Historical,World Bank API,8.69420371612468,6.747787530076212,91.23429475169915
2004-01-01,Andorra,AND,8.13567633837351,,Historical,World Bank API,8.13567633837351,6.747787530076212,-6.424134929289704
2005-01-01,Andorra,AND,5.39779598500422,,Historical,World Bank API,5.39779598500422,6.747787530076212,-33.65276886023037
2006-01-01,Andorra,AND,4.80868869916921,,Historical,World Bank API,4.80868869916921,6.747787530076212,-10.913848679565275
2007-01-01,Andorra,AND,1.55318814103222,,Historical,World Bank API,1.55318814103222,6.747787530076212,-67.70038074411924
2008-01-01,Andorra,AND,-5.55918636850581,,Historical,World Bank API,-5.55918636850581,6.747787530076212,-457.9209898429484
2009-01-01,Andorra,AND,-5.30284654348291,,Historical,World Bank API,-5.30284654348291,6.747787530076212,-4.6111032807809815
2010-01-01,Andorra,AND,-1.97495799965345,,Historical,World Bank API,-1.97495799965345,6.747787530076212,-62.75664431435164
2011-01-01,Andorra,AND,-0.0080697534113909,,Historical,World Bank API,-0.0080697534113909,6.747787530076212,-99.59139620119481
2012-01-01,Andorra,AND,-4.97444371853503,,Historical,World Bank API,-4.97444371853503,6.747787530076212,61543.0696818236
2013-01-01,Andorra,AND,-3.54759651549344,,Historical,World Bank API,-3.54759651549344,6.747787530076212,-28.683553051873613
2014-01-01,Andorra,AND,2.50446552114518,,Historical,World Bank API,2.50446552114518,6.747787530076212,-170.5961207879028
2015-01-01,Andorra,AND,1.43414039522716,,Historical,World Bank API,1.43414039522716,6.747787530076212,-42.736668438086866
2016-01-01,Andorra,AND,3.70967806978986,,Historical,World Bank API,3.70967806978986,6.747787530076212,158.6691011658079
2017-01-01,Andorra,AND,0.346071889630295,,Historical,World Bank API,0.346071889630295,6.747787530076212,-90.67110721955723
2018-01-01,Andorra,AND,1.58876549046354,,Historical,World Bank API,1.58876549046354,6.747787530076212,359.0853918128981
2019-01-01,Andorra,AND,2.01554763848308,,Historical,World Bank API,2.01554763848308,6.747787530076212,26.86250114200439
2020-01-01,Andorra,AND,-11.1839399355384,,Historical,World Bank API,-11.1839399355384,6.747787530076212,-654.8834332665805
2021-01-01,Andorra,AND,8.28677879049404,,Historical,World Bank API,8.28677879049404,6.747787530076212,-174.0953442012125
2022-01-01,Andorra,AND,9.56461225648184,,Historical,World Bank API,9.56461225648184,6.747787530076212,15.420146938803692
2023-01-01,Andorra,AND,2.58355480961319,,Historical,World Bank API,2.58355480961319,6.747787530076212,-72.98839994415516
2024-01-01,Andorra,AND,3.37182032638998,,Historical,World Bank API,3.37182032638998,6.747787530076212,30.510888092782864
2000-01-01,Angola,AGO,3.05462423430785,324.996871601321,Historical,World Bank API,3.05462423430785,324.996871601321,
2001-01-01,Angola,AGO,4.20599855619506,152.561022469299,Historical,World Bank API,4.20599855619506,152.561022469299,37.69283006910016
2002-01-01,Angola,AGO,13.6656887608562,108.897436089429,Historical,World Bank API,13.6656887608562,108.897436089429,224.90949719247672
2003-01-01,Angola,AGO,3.48731240097521,98.2241436573304,Historical,World Bank API,3.48731240097521,98.2241436573304,-74.4812540223789
2004-01-01,Angola,AGO,11.4198633904585,43.5421067519687,Historical,World Bank API,11.4198633904585,43.5421067519687,227.4688951659447
2005-01-01,Angola,AGO,14.1547775343954,22.953513851394,Historical,World Bank API,14.1547775343954,22.953513851394,23.948746586775883
2006-01-01,Angola,AGO,11.8418178757044,13.3052101780032,Historical,World Bank API,11.8418178757044,13.3052101780032,-16.340487535537907
2007-01-01,Angola,AGO,13.0026889457975,12.2514974459487,Historical,World Bank API,13.0026889457975,12.2514974459487,9.803149164072455
2008-01-01,Angola,AGO,10.7866360496581,12.4758291326398,Historical,World Bank API,10.7866360496581,12.4758291326398,-17.04303552424542
2009-01-01,Angola,AGO,1.99558909788963,13.7302839288408,Historical,World Bank API,1.99558909788963,13.7302839288408,-81.4994305110268
2010-01-01,Angola,AGO,5.29366572819954,14.4696564932577,Historical,World Bank API,5.29366572819954,14.4696564932577,165.26832271220977
2011-01-01,Angola,AGO,3.59386960240222,13.4824679218511,Historical,World Bank API,3.59386960240222,13.4824679218511,-32.11000114235486
2012-01-01,Angola,AGO,8.50312283866612,10.2779049218839,Historical,World Bank API,8.50312283866612,10.2779049218839,136.60076127921977
2013-01-01,Angola,AGO,4.88306129688392,8.77781429332624,Historical,World Bank API,4.88306129688392,8.77781429332624,-42.57331818518192
2014-01-01,Angola,AGO,4.65572356315585,7.28038730361121,Historical,World Bank API,4.65572356315585,7.28038730361121,-4.655639565146219
2015-01-01,Angola,AGO,0.763177710914789,9.35597215533784,Historical,World Bank API,0.763177710914789,9.35597215533784,-83.60775289679196
2016-01-01,Angola,AGO,-1.70053036291208,30.6944150806719,Historical,World Bank API,-1.70053036291208,30.6944150806719,-322.82233070902004
2017-01-01,Angola,AGO,-0.149396225571834,29.8444799015679,Historical,World Bank API,-0.149396225571834,29.8444799015679,-91.21472754441152
2018-01-01,Angola,AGO,-0.59441122698307,19.6289379701521,Historical,World Bank API,-0.59441122698307,19.6289379701521,297.875665672196
2019-01-01,Angola,AGO,-0.204680245744115,17.080954143438,Historical,World Bank API,-0.204680245744115,17.080954143438,-65.56588495426506
2020-01-01,Angola,AGO,-4.04244724639663,22.271539247051,Historical,World Bank API,-4.04244724639663,22.271539247051,1875.0060547857533
2021-01-01,Angola,AGO,2.10275251923413,25.7542948841891,Historical,World Bank API,2.10275251923413,25.7542948841891,-152.01682028401206
2022-01-01,Angola,AGO,4.21600258475137,21.3552901320822,Historical,World Bank API,4.21600258475137,21.3552901320822,100.49922880543893
2023-01-01,Angola,AGO,1.26330814020108,13.6441017767715,Historical,World Bank API,1.26330814020108,13.6441017767715,-70.0354040395926
2024-01-01,Angola,AGO,4.42390664406875,28.2404948915772,Historical,World Bank API,4.42390664406875,28.2404948915772,250.18429022111738
2000-01-01,Antigua and Barbuda,ATG,6.20355212555867,0.77177979690018,Historical,World Bank API,6.20355212555867,0.77177979690018,
2001-01-01,Antigua and Barbuda,ATG,-4.54810977120295,1.40279663573988,Historical,World Bank API,-4.54810977120295,1.40279663573988,-173.3146055542068
2002-01-01,Antigua and Barbuda,ATG,1.02723486062159,2.40765801293491,Historical,World Bank API,1.02723486062159,2.40765801293491,-122.58597334491976
2003-01-01,Antigua and Barbuda,ATG,6.07663666406602,1.99353055152454,Historical,World Bank API,6.07663666406602,1.99353055152454,491.55280812695423
2004-01-01,Antigua and Barbuda,ATG,5.76710338270556,2.03007757853236,Historical,World Bank API,5.76710338270556,2.03007757853236,-5.093825720910283
2005-01-01,Antigua and Barbuda,ATG,6.47368941781741,2.09875196709308,Historical,World Bank API,6.47368941781741,2.09875196709308,12.252009166868172
2006-01-01,Antigua and Barbuda,ATG,12.7081474873625,1.78778537419121,Historical,World Bank API,12.7081474873625,1.78778537419121,96.3045593813338
2007-01-01,Antigua and Barbuda,ATG,9.31518272315685,1.41605259409741,Historical,World Bank API,9.31518272315685,1.41605259409741,-26.69912957478463
2008-01-01,Antigua and Barbuda,ATG,-0.0140065981851762,5.33380639820233,Historical,World Bank API,-0.0140065981851762,5.33380639820233,-100.15036310721375
2009-01-01,Antigua and Barbuda,ATG,-11.9628794703471,-0.550159995508914,Historical,World Bank API,-11.9628794703471,-0.550159995508914,85308.88595639121
2010-01-01,Antigua and Barbuda,ATG,-7.84050683730972,3.37002540220148,Historical,World Bank API,-7.84050683730972,3.37002540220148,-34.45970214157621
2011-01-01,Antigua and Barbuda,ATG,-1.95874262217572,3.4567496723461,Historical,World Bank API,-1.95874262217572,3.4567496723461,-75.01765303162703
2012-01-01,Antigua and Barbuda,ATG,3.37314273947959,3.37688044338874,Historical,World Bank API,3.37314273947959,3.37688044338874,-272.2095951398041
2013-01-01,Antigua and Barbuda,ATG,-0.600982329599361,1.05949782356169,Historical,World Bank API,-0.600982329599361,1.05949782356169,-117.81668835313151
2014-01-01,Antigua and Barbuda,ATG,2.19829188738797,1.08944157435355,Historical,World Bank API,2.19829188738797,1.08944157435355,-465.7831152628797
2015-01-01,Antigua and Barbuda,ATG,1.42161997595372,0.968993458825638,Historical,World Bank API,1.42161997595372,0.968993458825638,-35.3306999807518
2016-01-01,Antigua and Barbuda,ATG,4.1203675438061,-0.489437796230499,Historical,World Bank API,4.1203675438061,-0.489437796230499,189.8360752874111
2017-01-01,Antigua and Barbuda,ATG,2.71272657973627,2.43248789041363,Historical,World Bank API,2.71272657973627,2.43248789041363,-34.162995147989925
2018-01-01,Antigua and Barbuda,ATG,6.71200487159726,1.20715793367008,Historical,World Bank API,6.71200487159726,1.20715793367008,147.4265162488214
2019-01-01,Antigua and Barbuda,ATG,3.1722219373937,1.43135598182984,Historical,World Bank API,3.1722219373937,1.43135598182984,-52.73808648713325
2020-01-01,Antigua and Barbuda,ATG,-18.8687765208148,0.625989707046719,Historical,World Bank API,-18.8687765208148,0.625989707046719,-694.8126232402706
2021-01-01,Antigua and Barbuda,ATG,8.17286311186622,2.06299638545334,Historical,World Bank API,8.17286311186622,2.06299638545334,-143.31421861322303
2022-01-01,Antigua and Barbuda,ATG,9.10780623385958,7.53107834634288,Historical,World Bank API,9.10780623385958,7.53107834634288,11.439603345808047
2023-01-01,Antigua and Barbuda,ATG,2.42736300110336,5.06713865364213,Historical,World Bank API,2.42736300110336,5.06713865364213,-73.34854366928352
2024-01-01,Antigua and Barbuda,ATG,3.65638765956977,6.19886698842116,Historical,World Bank API,3.65638765956977,6.19886698842116,50.63209161166895
2000-01-01,Argentina,ARG,-0.78899893905691,,Historical,World Bank API,-0.78899893905691,6.747787530076212,
2001-01-01,Argentina,ARG,-4.40883968258557,,Historical,World Bank API,-4.40883968258557,6.747787530076212,458.78905082628546
2002-01-01,Argentina,ARG,-10.8944848285903,,Historical,World Bank API,-10.8944848285903,6.747787530076212,147.10548835836136
2003-01-01,Argentina,ARG,8.83704079576924,,Historical,World Bank API,8.83704079576924,6.747787530076212,-181.1148111618667
2004-01-01,Argentina,ARG,9.02957330068152,,Historical,World Bank API,9.02957330068152,6.747787530076212,2.1786988355248393
2005-01-01,Argentina,ARG,8.85165992013437,,Historical,World Bank API,8.85165992013437,6.747787530076212,-1.9703409521435677
2006-01-01,Argentina,ARG,8.04715150043027,,Historical,World Bank API,8.04715150043027,6.747787530076212,-9.088785910924246
2007-01-01,Argentina,ARG,9.00765087504757,,Historical,World Bank API,9.00765087504757,6.747787530076212,11.935892776045588
2008-01-01,Argentina,ARG,4.05723310346406,,Historical,World Bank API,4.05723310346406,6.747787530076212,-54.95792232908191
2009-01-01,Argentina,ARG,-5.91852507634947,,Historical,World Bank API,-5.91852507634947,6.747787530076212,-245.87589436989072
2010-01-01,Argentina,ARG,10.1253981561002,,Historical,World Bank API,10.1253981561002,6.747787530076212,-271.0797542543406
2011-01-01,Argentina,ARG,6.00395169280579,,Historical,World Bank API,6.00395169280579,6.747787530076212,-40.704043433703205
2012-01-01,Argentina,ARG,-1.0264204544321,,Historical,World Bank API,-1.0264204544321,6.747787530076212,-117.09574804977203
2013-01-01,Argentina,ARG,2.40532378079436,,Historical,World Bank API,2.40532378079436,6.747787530076212,-334.34098282123404
2014-01-01,Argentina,ARG,-2.51261532081394,,Historical,World Bank API,-2.51261532081394,6.747787530076212,-204.46058617456262
2015-01-01,Argentina,ARG,2.73115982828944,,Historical,World Bank API,2.73115982828944,6.747787530076212,-208.69788963177632
2016-01-01,Argentina,ARG,-2.08032784377811,,Historical,World Bank API,-2.08032784377811,6.747787530076212,-176.17012458333664
2017-01-01,Argentina,ARG,2.81850297775918,,Historical,World Bank API,2.81850297775918,6.747787530076212,-235.48359630857317
2018-01-01,Argentina,ARG,-2.61739646282038,34.2772237131003,Historical,World Bank API,-2.61739646282038,34.2772237131003,-192.86477550225305
2019-01-01,Argentina,ARG,-2.00086100285785,53.5483043492339,Historical,World Bank API,-2.00086100285785,53.5483043492339,-23.555295069749626
2020-01-01,Argentina,ARG,-9.9004848136464,42.0150947376509,Historical,World Bank API,-9.9004848136464,42.0150947376509,394.81122374345034
2021-01-01,Argentina,ARG,10.4418119882506,48.4093786255199,Historical,World Bank API,10.4418119882506,48.4093786255199,-205.46768350028736
2022-01-01,Argentina,ARG,6.02074537534855,72.430757531824,Historical,World Bank API,6.02074537534855,72.430757531824,-42.34003272494037
2023-01-01,Argentina,ARG,-1.85578803046339,133.488935594175,Historical,World Bank API,-1.85578803046339,133.488935594175,-130.82322727119075
2024-01-01,Argentina,ARG,-1.34293072157739,219.883929014578,Historical,World Bank API,-1.34293072157739,219.883929014578,-27.635554301853084
2000-01-01,Armenia,ARM,5.90000000312092,-0.790883768934757,Historical,World Bank API,5.90000000312092,-0.790883768934757,
2001-01-01,Armenia,ARM,9.59999999927597,3.1459046468502,Historical,World Bank API,9.59999999927597,3.1459046468502,62.71186430843838
2002-01-01,Armenia,ARM,13.1999999979356,1.06004929341667,Historical,World Bank API,13.1999999979356,1.06004929341667,37.499999988866065
2003-01-01,Armenia,ARM,14.0000000015501,4.7215533660534,Historical,World Bank API,14.0000000015501,4.7215533660534,6.060606088936482
2004-01-01,Armenia,ARM,10.4999999988202,6.96126135875795,Historical,World Bank API,10.4999999988202,6.96126135875795,-25.00000001673125
2005-01-01,Armenia,ARM,13.8999999991133,0.638928002410097,Historical,World Bank API,13.8999999991133,0.638928002410097,32.38095238738219
2006-01-01,Armenia,ARM,13.1999999994661,2.89235662459004,Historical,World Bank API,13.1999999994661,2.89235662459004,-5.035971220804713
2007-01-01,Armenia,ARM,13.7000000015467,4.40736089644516,Historical,World Bank API,13.7000000015467,4.40736089644516,3.7878788037941202
2008-01-01,Armenia,ARM,6.90000000042959,8.94995335353387,Historical,World Bank API,6.90000000042959,8.94995335353387,-49.63503649890077
2009-01-01,Armenia,ARM,-14.1000000006998,3.40676682683801,Historical,World Bank API,-14.1000000006998,3.40676682683801,-304.347826084376
2010-01-01,Armenia,ARM,2.2000000002151,8.17636138473952,Historical,World Bank API,2.2000000002151,8.17636138473952,-115.60283688018376
2011-01-01,Armenia,ARM,4.69999999867412,7.65000807859294,Historical,World Bank API,4.69999999867412,7.65000807859294,113.63636355520855
2012-01-01,Armenia,ARM,7.20000000096486,2.55802007757907,Historical,World Bank API,7.20000000096486,2.55802007757907,53.19148942544671
2013-01-01,Armenia,ARM,3.3,5.78966778544651,Historical,World Bank API,3.3,5.78966778544651,-54.16666667280872
2014-01-01,Armenia,ARM,3.60000000058993,2.98130868933672,Historical,World Bank API,3.60000000058993,2.98130868933672,9.09090910878576
2015-01-01,Armenia,ARM,3.19999999896625,3.73169119261693,Historical,World Bank API,3.19999999896625,3.73169119261693,-11.11111115439255
2016-01-01,Armenia,ARM,0.199999999825991,-1.403607559009,Historical,World Bank API,0.199999999825991,-1.403607559009,-93.75000000341875
2017-01-01,Armenia,ARM,7.50000000164144,0.969553268816138,Historical,World Bank API,7.50000000164144,0.969553268816138,3650.0000040833884
2018-01-01,Armenia,ARM,5.19999999965324,2.52023382001638,Historical,World Bank API,5.19999999965324,2.52023382001638,-30.66666668646433
2019-01-01,Armenia,ARM,7.59999999853918,1.44344660770698,Historical,World Bank API,7.59999999853918,1.44344660770698,46.15384613549966
2020-01-01,Armenia,ARM,-7.19999999920631,1.21143577838465,Historical,World Bank API,-7.19999999920631,1.21143577838465,-194.73684211302955
2021-01-01,Armenia,ARM,5.80000000065645,7.18483629443371,Historical,World Bank API,5.80000000065645,7.18483629443371,-180.55555557355294
2022-01-01,Armenia,ARM,12.5999999997766,8.64091108973855,Historical,World Bank API,12.5999999997766,8.64091108973855,117.2413792819055
2023-01-01,Armenia,ARM,8.29999999959539,1.98041877615554,Historical,World Bank API,8.29999999959539,1.98041877615554,-34.126984129027385
2024-01-01,Armenia,ARM,5.90000000046228,0.269511978259125,Historical,World Bank API,5.90000000046228,0.269511978259125,-28.91566264156753
2000-01-01,Aruba,ABW,7.62292064930222,4.04402131190513,Historical,World Bank API,7.62292064930222,4.04402131190513,
2001-01-01,Aruba,ABW,4.1820016304779,2.88360430316264,Historical,World Bank API,4.1820016304779,2.88360430316264,-45.13911631940301
2002-01-01,Aruba,ABW,-0.944953481157384,3.31524678585423,Historical,World Bank API,-0.944953481157384,3.31524678585423,-122.59572244713351
2003-01-01,Aruba,ABW,1.11050459944282,3.65636507938418,Historical,World Bank API,1.11050459944282,3.65636507938418,-217.51949927552712
2004-01-01,Aruba,ABW,7.29372807096192,2.52912946932762,Historical,World Bank API,7.29372807096192,2.52912946932762,556.7940443129587
2005-01-01,Aruba,ABW,-0.383137672063768,3.39778677828806,Historical,World Bank API,-0.383137672063768,3.39778677828806,-105.2529744505986
2006-01-01,Aruba,ABW,1.12741146411624,3.60802438784541,Historical,World Bank API,1.12741146411624,3.60802438784541,-394.2575336023334
2007-01-01,Aruba,ABW,3.0895443848509,5.39256784475517,Historical,World Bank API,3.0895443848509,5.39256784475517,174.03875897898064
2008-01-01,Aruba,ABW,1.83575517191368,8.95598705177784,Historical,World Bank API,1.83575517191368,8.95598705177784,-40.581686383435056
2009-01-01,Aruba,ABW,-11.6777413693852,-2.13542872046937,Historical,World Bank API,-11.6777413693852,-2.13542872046937,-736.1273849612396
2010-01-01,Aruba,ABW,-2.73345679250639,2.07814071860787,Historical,World Bank API,-2.73345679250639,2.07814071860787,-76.59259007334653
2011-01-01,Aruba,ABW,3.36923718421511,4.31629742195203,Historical,World Bank API,3.36923718421511,4.31629742195203,-223.25920766158345
2012-01-01,Aruba,ABW,-1.04079988436683,0.627471992893373,Historical,World Bank API,-1.04079988436683,0.627471992893373,-130.89126195220038
2013-01-01,Aruba,ABW,6.43146080719245,-2.37206524252261,Historical,World Bank API,6.43146080719245,-2.37206524252261,-717.9344275297481
2014-01-01,Aruba,ABW,1.42609864257801,0.421440918881214,Historical,World Bank API,1.42609864257801,0.421440918881214,-77.82620954506679
2015-01-01,Aruba,ABW,3.61147995361162,0.474763597342641,Historical,World Bank API,3.61147995361162,0.474763597342641,153.2419459486349
2016-01-01,Aruba,ABW,1.23433537363427,-0.931195987079561,Historical,World Bank API,1.23433537363427,-0.931195987079561,-65.82189602354329
2017-01-01,Aruba,ABW,3.49342985290626,-1.02828178762012,Historical,World Bank API,3.49342985290626,-1.02828178762012,183.02112436594186
2018-01-01,Aruba,ABW,3.21247111920076,3.62604141352961,Historical,World Bank API,3.21247111920076,3.62604141352961,-8.042489631551197
2019-01-01,Aruba,ABW,1.22511225158814,4.25746204335428,Historical,World Bank API,1.22511225158814,4.25746204335428,-61.86386721842532
2020-01-01,Aruba,ABW,-23.8979898352395,,Historical,World Bank API,-23.8979898352395,6.747787530076212,-2050.677564791308
2021-01-01,Aruba,ABW,14.7306159219273,,Historical,World Bank API,14.7306159219273,6.747787530076212,-161.63956058013645
2022-01-01,Aruba,ABW,10.6364309604414,,Historical,World Bank API,10.6364309604414,6.747787530076212,-27.793711975013135
2023-01-01,Aruba,ABW,7.70679839650956,,Historical,World Bank API,7.70679839650956,6.747787530076212,-27.543379680906266
2024-01-01,Aruba,ABW,6.81077669324542,,Historical,World Bank API,6.81077669324542,6.747787530076212,-11.626380465200082
2000-01-01,Australia,AUS,3.9160574881715,4.45743514797224,Historical,World Bank API,3.9160574881715,4.45743514797224,
2001-01-01,Australia,AUS,2.03145880248898,4.40713536201469,Historical,World Bank API,2.03145880248898,4.40713536201469,-48.12489835440296
2002-01-01,Australia,AUS,3.94980535772942,2.98157453936348,Historical,World Bank API,3.94980535772942,2.98157453936348,94.43196942463452
2003-01-01,Australia,AUS,3.0912800997751,2.73259596616786,Historical,World Bank API,3.0912800997751,2.73259596616786,-21.73588772606888
2004-01-01,Australia,AUS,4.21894147547516,2.34325522482583,Historical,World Bank API,4.21894147547516,2.34325522482583,36.47878352343745
2005-01-01,Australia,AUS,3.15548121323168,2.69183168316832,Historical,World Bank API,3.15548121323168,2.69183168316832,-25.206802901282423
2006-01-01,Australia,AUS,2.7709261737475,3.55528773727026,Historical,World Bank API,2.7709261737475,3.55528773727026,-12.18689047716872
2007-01-01,Australia,AUS,3.78947119882653,2.32761128891476,Historical,World Bank API,3.78947119882653,2.32761128891476,36.75828806732564
2008-01-01,Australia,AUS,3.62398503565633,4.35029854990048,Historical,World Bank API,3.62398503565633,4.35029854990048,-4.366998836709602
2009-01-01,Australia,AUS,1.95484826298522,1.77111716621254,Historical,World Bank API,1.95484826298522,1.77111716621254,-46.05804814999236
2010-01-01,Australia,AUS,2.21004795300735,2.91834002677376,Historical,World Bank API,2.21004795300735,2.91834002677376,13.054705823173096
2011-01-01,Australia,AUS,2.39473494330615,3.3038501560874,Historical,World Bank API,2.39473494330615,3.3038501560874,8.356696063878854
2012-01-01,Australia,AUS,3.95247138119184,1.76278015613196,Historical,World Bank API,3.95247138119184,1.76278015613196,65.04838634605183
2013-01-01,Australia,AUS,2.65445302592404,2.4498886414254,Historical,World Bank API,2.65445302592404,2.4498886414254,-32.84067688496183
2014-01-01,Australia,AUS,2.60118978187332,2.48792270531404,Historical,World Bank API,2.60118978187332,2.48792270531404,-2.006561936886353
2015-01-01,Australia,AUS,2.16434780647852,1.50836672165921,Historical,World Bank API,2.16434780647852,1.50836672165921,-16.79392939488621
2016-01-01,Australia,AUS,2.75564065529868,1.27699094497324,Historical,World Bank API,2.75564065529868,1.27699094497324,27.319677874796678
2017-01-01,Australia,AUS,2.29331030192918,1.94864740944527,Historical,World Bank API,2.29331030192918,1.94864740944527,-16.777599520478436
2018-01-01,Australia,AUS,2.87417039499501,1.91140094445691,Historical,World Bank API,2.87417039499501,1.91140094445691,25.328456100214545
2019-01-01,Australia,AUS,2.19401703622717,1.61076787290379,Historical,World Bank API,2.19401703622717,1.61076787290379,-23.664336670930773
2020-01-01,Australia,AUS,-0.133531904304775,0.846905537459305,Historical,World Bank API,-0.133531904304775,0.846905537459305,-106.08618356648662
2021-01-01,Australia,AUS,2.00694844335034,2.86391042204994,Historical,World Bank API,2.00694844335034,2.86391042204994,-1602.9729814753891
2022-01-01,Australia,AUS,4.25304559238732,6.59409671341846,Historical,World Bank API,4.25304559238732,6.59409671341846,111.91603633262308
2023-01-01,Australia,AUS,3.58382100798981,5.5970149253731,Historical,World Bank API,3.58382100798981,5.5970149253731,-15.735184818977233
2024-01-01,Australia,AUS,1.37340773365975,3.1616142830575,Historical,World Bank API,1.37340773365975,3.1616142830575,-61.677557818935156
2000-01-01,Austria,AUT,3.18952292988787,2.34486285357282,Historical,World Bank API,3.18952292988787,2.34486285357282,
2001-01-01,Austria,AUT,1.31698749571339,2.65000077279528,Historical,World Bank API,1.31698749571339,2.65000077279528,-58.70895037711206
2002-01-01,Austria,AUT,1.48436877605324,1.81035787764127,Historical,World Bank API,1.48436877605324,1.81035787764127,12.70940543358632
2003-01-01,Austria,AUT,1.14156504542775,1.35555370896452,Historical,World Bank API,1.14156504542775,1.35555370896452,-23.094242896766147
2004-01-01,Austria,AUT,2.56525534067859,2.06120618032862,Historical,World Bank API,2.56525534067859,2.06120618032862,124.71390053094838
2005-01-01,Austria,AUT,2.32036514266782,2.29913785639285,Historical,World Bank API,2.32036514266782,2.29913785639285,-9.54642581295586
2006-01-01,Austria,AUT,3.26933601506059,1.4415485111902,Historical,World Bank API,3.26933601506059,1.4415485111902,40.8974800966756
2007-01-01,Austria,AUT,3.77522468729185,2.16855528800749,Historical,World Bank API,3.77522468729185,2.16855528800749,15.473743595054845
2008-01-01,Austria,AUT,1.45330562142114,3.21595033239886,Historical,World Bank API,1.45330562142114,3.21595033239886,-61.50412911016255
2009-01-01,Austria,AUT,-3.58626472551299,0.506308827696515,Historical,World Bank API,-3.58626472551299,0.506308827696515,-346.76603961705587
2010-01-01,Austria,AUT,1.80898243043663,1.81353438995062,Historical,World Bank API,1.80898243043663,1.81353438995062,-150.44196591421087
2011-01-01,Austria,AUT,2.92746800169145,3.2865791487538,Historical,World Bank API,2.92746800169145,3.2865791487538,61.8295430865436
2012-01-01,Austria,AUT,0.628246239479637,2.48567562177015,Historical,World Bank API,0.628246239479637,2.48567562177015,-78.53960353736932
2013-01-01,Austria,AUT,-0.250726423318454,2.00015616900597,Historical,World Bank API,-0.250726423318454,2.00015616900597,-139.90894136129256
2014-01-01,Austria,AUT,0.755798850316665,1.60581182954474,Historical,World Bank API,0.755798850316665,1.60581182954474,-401.4436373771048
2015-01-01,Austria,AUT,1.30352331826198,0.89656333526032,Historical,World Bank API,1.30352331826198,0.89656333526032,72.4696085097019
2016-01-01,Austria,AUT,2.11721964494312,0.891591752655362,Historical,World Bank API,2.11721964494312,0.891591752655362,62.42284394007325
2017-01-01,Austria,AUT,2.27224992038207,2.08126911385587,Historical,World Bank API,2.27224992038207,2.08126911385587,7.322352019982081
2018-01-01,Austria,AUT,2.48422114080024,1.9983798142954,Historical,World Bank API,2.48422114080024,1.9983798142954,9.328693050741887
2019-01-01,Austria,AUT,1.75497619649288,1.53089564152644,Historical,World Bank API,1.75497619649288,1.53089564152644,-29.355073601557425
2020-01-01,Austria,AUT,-6.31825509209936,1.38191063351862,Historical,World Bank API,-6.31825509209936,1.38191063351862,-460.0194181964218
2021-01-01,Austria,AUT,4.92309171717903,2.7666666666667,Historical,World Bank API,4.92309171717903,2.7666666666667,-177.91853360487283
2022-01-01,Austria,AUT,5.33096379400371,8.5468699318845,Historical,World Bank API,5.33096379400371,8.5468699318845,8.284876664016183
2023-01-01,Austria,AUT,-0.786244288594673,7.81413417002832,Historical,World Bank API,-0.786244288594673,7.81413417002832,-114.74863306104317
2024-01-01,Austria,AUT,-0.659089573171372,2.93791574279383,Historical,World Bank API,-0.659089573171372,2.93791574279383,-16.172418326952354
2000-01-01,Azerbaijan,AZE,11.0999991434346,1.80500303704356,Historical,World Bank API,11.0999991434346,1.80500303704356,
2001-01-01,Azerbaijan,AZE,9.89999986533643,1.5471959015228,Historical,World Bank API,9.89999986533643,1.5471959015228,-10.810805141439516
2002-01-01,Azerbaijan,AZE,9.43891626906561,2.7711647199827,Historical,World Bank API,9.43891626906561,2.7711647199827,-4.657410126693485
2003-01-01,Azerbaijan,AZE,10.2082994004776,2.2338649296705,Historical,World Bank API,10.2082994004776,2.2338649296705,8.151180808050063
2004-01-01,Azerbaijan,AZE,9.25380179728907,6.70893042797784,Historical,World Bank API,9.25380179728907,6.70893042797784,-9.350211683092613
2005-01-01,Azerbaijan,AZE,27.9615381082131,9.67950731917057,Historical,World Bank API,27.9615381082131,9.67950731917057,202.1627080494043
2006-01-01,Azerbaijan,AZE,34.4662096226792,8.3289248286321,Historical,World Bank API,34.4662096226792,8.3289248286321,23.262924554767217
2007-01-01,Azerbaijan,AZE,25.4632157314482,16.6997549618244,Historical,World Bank API,25.4632157314482,16.6997549618244,-26.12121840432061
2008-01-01,Azerbaijan,AZE,10.591437462476,20.8490871772712,Historical,World Bank API,10.591437462476,20.8490871772712,-58.40494942123471
2009-01-01,Azerbaijan,AZE,9.36950260277183,1.45704835970321,Historical,World Bank API,9.36950260277183,1.45704835970321,-11.537006794718064
2010-01-01,Azerbaijan,AZE,4.78883248761557,5.72687224669605,Historical,World Bank API,4.78883248761557,5.72687224669605,-48.889149289537905
2011-01-01,Azerbaijan,AZE,-1.5729973511111,7.8583333333334,Historical,World Bank API,-1.5729973511111,7.8583333333334,-132.84719929500642
2012-01-01,Azerbaijan,AZE,2.20293891708398,1.06621339720303,Historical,World Bank API,2.20293891708398,1.06621339720303,-240.04721085689783
2013-01-01,Azerbaijan,AZE,5.84341590483928,2.41571745279419,Historical,World Bank API,5.84341590483928,2.41571745279419,165.25546666424066
2014-01-01,Azerbaijan,AZE,2.79758521448559,1.37344181533176,Historical,World Bank API,2.79758521448559,1.37344181533176,-52.12414690234966
2015-01-01,Azerbaijan,AZE,1.04954641215085,4.02768573742726,Historical,World Bank API,1.04954641215085,4.02768573742726,-62.483844755955474
2016-01-01,Azerbaijan,AZE,-3.06359842251706,12.4433748584372,Historical,World Bank API,-3.06359842251706,12.4433748584372,-391.8973746228893
2017-01-01,Azerbaijan,AZE,0.153614661745507,12.9359184187335,Historical,World Bank API,0.153614661745507,12.9359184187335,-105.01419052237586
2018-01-01,Azerbaijan,AZE,1.50040167167313,2.26854690373999,Historical,World Bank API,1.50040167167313,2.26854690373999,876.730772065782
2019-01-01,Azerbaijan,AZE,2.47980879185565,2.61057182799215,Historical,World Bank API,2.47980879185565,2.61057182799215,65.27632824418026
2020-01-01,Azerbaijan,AZE,-4.19896065333343,2.75980947008127,Historical,World Bank API,-4.19896065333343,2.75980947008127,-269.32598461316576
2021-01-01,Azerbaijan,AZE,5.61644027150554,6.65029912708779,Historical,World Bank API,5.61644027150554,6.65029912708779,-233.75786855842085
2022-01-01,Azerbaijan,AZE,4.71468033247649,13.8522590144267,Historical,World Bank API,4.71468033247649,13.8522590144267,-16.055720268299478
2023-01-01,Azerbaijan,AZE,1.35447749115767,8.78543049849081,Historical,World Bank API,1.35447749115767,8.78543049849081,-71.27106408832175
2024-01-01,Azerbaijan,AZE,4.07140205008956,2.21217188919901,Historical,World Bank API,4.07140205008956,2.21217188919901,200.58838752718867
2000-01-01,"Bahamas, The",BHS,4.14841930754267,1.60632941740579,Historical,World Bank API,4.14841930754267,1.60632941740579,
2001-01-01,"Bahamas, The",BHS,2.62600982683425,2.04498977505121,Historical,World Bank API,2.62600982683425,2.04498977505121,-36.69854389936836
2002-01-01,"Bahamas, The",BHS,2.70495624731029,2.17357792508093,Historical,World Bank API,2.70495624731029,2.17357792508093,3.0063261633416216
2003-01-01,"Bahamas, The",BHS,-1.26491667612372,3.02504526252236,Historical,World Bank API,-1.26491667612372,3.02504526252236,-146.76292555125457
2004-01-01,"Bahamas, The",BHS,0.882373744518318,0.981914036757662,Historical,World Bank API,0.882373744518318,0.981914036757662,-169.7574600109086
2005-01-01,"Bahamas, The",BHS,3.39608420536011,1.59160618079802,Historical,World Bank API,3.39608420536011,1.59160618079802,284.88046890085224
2006-01-01,"Bahamas, The",BHS,2.51659221712706,2.38982627439254,Historical,World Bank API,2.51659221712706,2.38982627439254,-25.897237378417458
2007-01-01,"Bahamas, The",BHS,1.44609991235758,2.49257794939396,Historical,World Bank API,1.44609991235758,2.49257794939396,-42.537376436439644
2008-01-01,"Bahamas, The",BHS,-2.32364807041851,4.4895599537506,Historical,World Bank API,-2.32364807041851,4.4895599537506,-260.6837847483347
2009-01-01,"Bahamas, The",BHS,-4.17542805647342,2.06273473452682,Historical,World Bank API,-4.17542805647342,2.06273473452682,79.69279038548154
2010-01-01,"Bahamas, The",BHS,1.53866248693835,1.34402738392836,Historical,World Bank API,1.53866248693835,1.34402738392836,-136.8504130864587
2011-01-01,"Bahamas, The",BHS,0.613170735890648,3.1987814166032,Historical,World Bank API,0.613170735890648,3.1987814166032,-60.14910735162311
2012-01-01,"Bahamas, The",BHS,4.52003886739061,1.97336755976254,Historical,World Bank API,4.52003886739061,1.97336755976254,637.1582828109246
2013-01-01,"Bahamas, The",BHS,-2.86320081549439,0.722414784530551,Historical,World Bank API,-2.86320081549439,0.722414784530551,-163.34460608625912
2014-01-01,"Bahamas, The",BHS,1.8469701294558,1.51375643050831,Historical,World Bank API,1.8469701294558,1.51375643050831,-164.50718089561883
2015-01-01,"Bahamas, The",BHS,0.997411675486745,1.86148302863371,Historical,World Bank API,0.997411675486745,1.86148302863371,-45.99741167548675
2016-01-01,"Bahamas, The",BHS,-1.15650811269629,-0.346376929989397,Historical,World Bank API,-1.15650811269629,-0.346376929989397,-215.9509299038338
2017-01-01,"Bahamas, The",BHS,3.3713988456489,1.51820700736147,Historical,World Bank API,3.3713988456489,1.51820700736147,-391.5153649712669
2018-01-01,"Bahamas, The",BHS,2.39795510823548,2.26586346678736,Historical,World Bank API,2.39795510823548,2.26586346678736,-28.873585771963416
2019-01-01,"Bahamas, The",BHS,-0.838585871193203,2.49123527368046,Historical,World Bank API,-0.838585871193203,2.49123527368046,-134.9708744885667
2020-01-01,"Bahamas, The",BHS,-20.0893664891399,0.0385210980054558,Historical,World Bank API,-20.0893664891399,0.0385210980054558,2295.624250210087
2021-01-01,"Bahamas, The",BHS,17.5861390037409,2.90491262928478,Historical,World Bank API,17.5861390037409,2.90491262928478,-187.53953995138565
2022-01-01,"Bahamas, The",BHS,10.8779009410268,5.60540633583044,Historical,World Bank API,10.8779009410268,5.60540633583044,-38.14503036332837
2023-01-01,"Bahamas, The",BHS,3.04824180553773,3.05291578969743,Historical,World Bank API,3.04824180553773,3.05291578969743,-71.97766534128783
2024-01-01,"Bahamas, The",BHS,3.37866553336166,0.409162489083286,Historical,World Bank API,3.37866553336166,0.409162489083286,10.839813535253363
2000-01-01,Bahrain,BHR,5.30006940305884,-0.70485295309079,Historical,World Bank API,5.30006940305884,-0.70485295309079,
2001-01-01,Bahrain,BHR,2.49094875338352,-1.20757180156659,Historical,World Bank API,2.49094875338352,-1.20757180156659,-53.00158235765906
2002-01-01,Bahrain,BHR,3.34855067103268,-0.495540138751154,Historical,World Bank API,3.34855067103268,-0.495540138751154,34.4287258613513
2003-01-01,Bahrain,BHR,6.29644129075703,1.59362549800787,Historical,World Bank API,6.29644129075703,1.59362549800787,88.03482190745025
2004-01-01,Bahrain,BHR,6.98096175867695,2.35294117647062,Historical,World Bank API,6.98096175867695,2.35294117647062,10.871545311234376
2005-01-01,Bahrain,BHR,6.76899737789502,2.58620689655173,Historical,World Bank API,6.76899737789502,2.58620689655173,-3.0363206118192876
2006-01-01,Bahrain,BHR,6.4669995195042,2.00746965452849,Historical,World Bank API,6.4669995195042,2.00746965452849,-4.4614858232480685
2007-01-01,Bahrain,BHR,8.29396129093843,3.25666666666703,Historical,World Bank API,8.29396129093843,3.25666666666703,28.25053204232024
2008-01-01,Bahrain,BHR,6.24501094995797,3.52600316363721,Historical,World Bank API,6.24501094995797,3.52600316363721,-24.70412230183714
2009-01-01,Bahrain,BHR,2.53988570158225,2.79551283550412,Historical,World Bank API,2.53988570158225,2.79551283550412,-59.32936352018176
2010-01-01,Bahrain,BHR,4.3342989754845,1.96188468334623,Historical,World Bank API,4.3342989754845,1.96188468334623,70.64937106360338
2011-01-01,Bahrain,BHR,1.92815791170796,-0.40004069748808,Historical,World Bank API,1.92815791170796,-0.40004069748808,-55.513961482261955
2012-01-01,Bahrain,BHR,3.80302899043062,2.75739669962979,Historical,World Bank API,3.80302899043062,2.75739669962979,97.23638646701409
2013-01-01,Bahrain,BHR,5.29262224906203,3.30001156888442,Historical,World Bank API,5.29262224906203,3.30001156888442,39.16860119603618
2014-01-01,Bahrain,BHR,4.30885692657077,2.64755321246189,Historical,World Bank API,4.30885692657077,2.64755321246189,-18.587484165634628
2015-01-01,Bahrain,BHR,2.50787205267615,1.84862742374977,Historical,World Bank API,2.50787205267615,1.84862742374977,-41.797277203352046
2016-01-01,Bahrain,BHR,3.81499327422425,2.78679347602044,Historical,World Bank API,3.81499327422425,2.78679347602044,52.1207300090637
2017-01-01,Bahrain,BHR,4.95383534123657,1.38671830576406,Historical,World Bank API,4.95383534123657,1.38671830576406,29.851745079259562
2018-01-01,Bahrain,BHR,2.05258864979861,2.08766938046978,Historical,World Bank API,2.05258864979861,2.08766938046978,-58.565666631821365
2019-01-01,Bahrain,BHR,2.05287774418655,1.00582004702137,Historical,World Bank API,2.05287774418655,1.00582004702137,0.014084380129841811
2020-01-01,Bahrain,BHR,-5.9113629524152,-2.31770629331379,Historical,World Bank API,-5.9113629524152,-2.31770629331379,-387.9549436957616
2021-01-01,Bahrain,BHR,4.35004091668986,-0.60631938514085,Historical,World Bank API,4.35004091668986,-0.60631938514085,-173.5877825758029
2022-01-01,Bahrain,BHR,6.18016125475185,3.62574104304482,Historical,World Bank API,6.18016125475185,3.62574104304482,42.071336180778054
2023-01-01,Bahrain,BHR,3.87811614845566,0.0746206782192256,Historical,World Bank API,3.87811614845566,0.0746206782192256,-37.24894887695973
2024-01-01,Bahrain,BHR,2.60379670648454,0.919635459817651,Historical,World Bank API,2.60379670648454,0.919635459817651,-32.859238691924645
2000-01-01,Bangladesh,BGD,5.29329471892532,2.20825620937535,Historical,World Bank API,5.29329471892532,2.20825620937535,
2001-01-01,Bangladesh,BGD,5.07728777526728,2.0071737421384,Historical,World Bank API,5.07728777526728,2.0071737421384,-4.080765480254522
2002-01-01,Bangladesh,BGD,3.83312393993225,3.33256493271913,Historical,World Bank API,3.83312393993225,3.33256493271913,-24.50449709381569
2003-01-01,Bangladesh,BGD,4.73956739963045,5.66870773441476,Historical,World Bank API,4.73956739963045,5.66870773441476,23.647642860048546
2004-01-01,Bangladesh,BGD,5.23953291029852,7.5875363850469,Historical,World Bank API,5.23953291029852,7.5875363850469,10.548758325644926
2005-01-01,Bangladesh,BGD,6.53594493875502,7.04661816222039,Historical,World Bank API,6.53594493875502,7.04661816222039,24.74289312904876
2006-01-01,Bangladesh,BGD,6.67190498576788,6.76526117054757,Historical,World Bank API,6.67190498576788,6.76526117054757,2.080189602067817
2007-01-01,Bangladesh,BGD,7.05859935449848,9.10698496905383,Historical,World Bank API,7.05859935449848,9.10698496905383,5.7958614452015444
2008-01-01,Bangladesh,BGD,6.01378975738535,8.90194489465154,Historical,World Bank API,6.01378975738535,8.90194489465154,-14.801939374095063
2009-01-01,Bangladesh,BGD,5.04512479919337,5.42347236174679,Historical,World Bank API,5.04512479919337,5.42347236174679,-16.10739645499567
2010-01-01,Bangladesh,BGD,5.57178818533122,8.12667639169917,Historical,World Bank API,5.57178818533122,8.12667639169917,10.439055664630036
2011-01-01,Bangladesh,BGD,6.46437912497728,11.3951651552399,Historical,World Bank API,6.46437912497728,11.3951651552399,16.01982900204235
2012-01-01,Bangladesh,BGD,6.52145877906443,6.21750422069284,Historical,World Bank API,6.52145877906443,6.21750422069284,0.8829874143149175
2013-01-01,Bangladesh,BGD,6.01360565834344,7.53040640913172,Historical,World Bank API,6.01360565834344,7.53040640913172,-7.78741594367397
2014-01-01,Bangladesh,BGD,6.0610593588495,6.99163889220849,Historical,World Bank API,6.0610593588495,6.99163889220849,0.7891056248462425
2015-01-01,Bangladesh,BGD,6.55263987816197,6.19428022984984,Historical,World Bank API,6.55263987816197,6.19428022984984,8.110471952312004
2016-01-01,Bangladesh,BGD,7.11347821270093,5.51352572692995,Historical,World Bank API,7.11347821270093,5.51352572692995,8.558967759056468
2017-01-01,Bangladesh,BGD,6.59024999794057,5.70207015717239,Historical,World Bank API,6.59024999794057,5.70207015717239,-7.355448335051474
2018-01-01,Bangladesh,BGD,7.31941263014136,5.54362139486476,Historical,World Bank API,7.31941263014136,5.54362139486476,11.064263608036896
2019-01-01,Bangladesh,BGD,7.88191515117722,5.59199639930629,Historical,World Bank API,7.88191515117722,5.59199639930629,7.685077334204027
2020-01-01,Bangladesh,BGD,3.44801755122445,5.69107474746211,Historical,World Bank API,3.44801755122445,5.69107474746211,-56.254064080993516
2021-01-01,Bangladesh,BGD,6.93867912442445,5.54565430773473,Historical,World Bank API,6.93867912442445,5.54565430773473,101.23676928385721
2022-01-01,Bangladesh,BGD,7.09982877575158,7.69695437176898,Historical,World Bank API,7.09982877575158,7.69695437176898,2.3224831187232287
2023-01-01,Bangladesh,BGD,5.77511237007889,9.8835030377921,Historical,World Bank API,5.77511237007889,9.8835030377921,-18.658427513027686
2024-01-01,Bangladesh,BGD,4.22325911250161,10.4657482763412,Historical,World Bank API,4.22325911250161,10.4657482763412,-26.871395015922104
2000-01-01,Barbados,BRB,4.44718962836241,2.43581303489137,Historical,World Bank API,4.44718962836241,2.43581303489137,
2001-01-01,Barbados,BRB,-2.36546466744424,2.57783490431289,Historical,World Bank API,-2.36546466744424,2.57783490431289,-153.19010128010385
2002-01-01,Barbados,BRB,0.787402032457734,0.12524945805599,Historical,World Bank API,0.787402032457734,0.12524945805599,-133.28741465872244
2003-01-01,Barbados,BRB,2.17548079415926,1.61943319838055,Historical,World Bank API,2.17548079415926,1.61943319838055,176.28590027496975
2004-01-01,Barbados,BRB,1.41159830663733,1.39442231075691,Historical,World Bank API,1.41159830663733,1.39442231075691,-35.11327195224177
2005-01-01,Barbados,BRB,3.95545720757542,6.08218729535043,Historical,World Bank API,3.95545720757542,6.08218729535043,180.21124628563769
2006-01-01,Barbados,BRB,6.07054621673575,7.30766262828939,Historical,World Bank API,6.07054621673575,7.30766262828939,53.47268085999135
2007-01-01,Barbados,BRB,2.07918386258883,4.03422982885071,Historical,World Bank API,2.07918386258883,4.03422982885071,-65.74964116314976
2008-01-01,Barbados,BRB,0.633460590858988,8.10810810810782,Historical,World Bank API,0.633460590858988,8.10810810810782,-69.53320953202021
2009-01-01,Barbados,BRB,-5.01727538250874,3.64386189258334,Historical,World Bank API,-5.01727538250874,3.64386189258334,-892.0422288157173
2010-01-01,Barbados,BRB,-2.21771085628247,5.82421853311866,Historical,World Bank API,-2.21771085628247,5.82421853311866,-55.798502429946964
2011-01-01,Barbados,BRB,-0.310320187825369,9.43220240177221,Historical,World Bank API,-0.310320187825369,9.43220240177221,-86.00718452785337
2012-01-01,Barbados,BRB,-3.41390821153806,4.53334753888766,Historical,World Bank API,-3.41390821153806,4.53334753888766,1000.1244345273528
2013-01-01,Barbados,BRB,-1.771174940631,1.81410436049105,Historical,World Bank API,-1.771174940631,1.81410436049105,-48.11884705496998
2014-01-01,Barbados,BRB,0.752615446604594,1.76950322089729,Historical,World Bank API,0.752615446604594,1.76950322089729,-142.4924398679933
2015-01-01,Barbados,BRB,-1.17048018967635,-1.11278992510967,Historical,World Bank API,-1.17048018967635,-1.11278992510967,-255.52168042217875
2016-01-01,Barbados,BRB,1.49650622520576,1.28192813061895,Historical,World Bank API,1.49650622520576,1.28192813061895,-227.85404130757306
2017-01-01,Barbados,BRB,0.708386729317951,4.66018463955996,Historical,World Bank API,0.708386729317951,4.66018463955996,-52.66396374525255
2018-01-01,Barbados,BRB,-1.2760241773002,3.67381410406801,Historical,World Bank API,-1.2760241773002,3.67381410406801,-280.1310109985801
2019-01-01,Barbados,BRB,0.227712137486577,4.10028964518461,Historical,World Bank API,0.227712137486577,4.10028964518461,-117.84544066934282
2020-01-01,Barbados,BRB,-14.3647119341564,,Historical,World Bank API,-14.3647119341564,6.747787530076212,-6408.276797499721
2021-01-01,Barbados,BRB,-0.0967779613221893,,Historical,World Bank API,-0.0967779613221893,6.747787530076212,-99.32627983237123
2022-01-01,Barbados,BRB,17.2264626793379,,Historical,World Bank API,17.2264626793379,6.747787530076212,-17899.98508336857
2023-01-01,Barbados,BRB,2.914357359625,9.79207077126447,Historical,World Bank API,2.914357359625,9.79207077126447,-83.08209053782937
2024-01-01,Barbados,BRB,2.4822621396186,-0.440112940205204,Historical,World Bank API,2.4822621396186,-0.440112940205204,-14.826432269170953
2000-01-01,Belarus,BLR,5.80000327485702,168.620235850934,Historical,World Bank API,5.80000327485702,168.620235850934,
2001-01-01,Belarus,BLR,4.72530605111095,61.1349331618476,Historical,World Bank API,4.72530605111095,61.1349331618476,-18.529252016199305
2002-01-01,Belarus,BLR,5.04526758311702,42.5375481348794,Historical,World Bank API,5.04526758311702,42.5375481348794,6.77123404378952
2003-01-01,Belarus,BLR,7.04319246586394,28.3978399133474,Historical,World Bank API,7.04319246586394,28.3978399133474,39.59997859048301
2004-01-01,Belarus,BLR,11.4497432088167,18.1082424937646,Historical,World Bank API,11.4497432088167,18.1082424937646,62.56467879175356
2005-01-01,Belarus,BLR,9.40000151584914,10.3388794457932,Historical,World Bank API,9.40000151584914,10.3388794457932,-17.902075667419226
2006-01-01,Belarus,BLR,9.99999473022963,6.99712903535585,Historical,World Bank API,9.99999473022963,6.99712903535585,6.382905506651815
2007-01-01,Belarus,BLR,8.60000659811426,8.42675273505309,Historical,World Bank API,8.60000659811426,8.42675273505309,-13.999888698773566
2008-01-01,Belarus,BLR,10.1999994860937,14.8378764828254,Historical,World Bank API,10.1999994860937,14.8378764828254,18.604554191042986
2009-01-01,Belarus,BLR,0.199995231733979,12.9456563410401,Historical,World Bank API,0.199995231733979,12.9456563410401,-98.03926233519282
2010-01-01,Belarus,BLR,7.75001707500896,7.735748043125,Historical,World Bank API,7.75001707500896,7.735748043125,3775.1009250648244
2011-01-01,Belarus,BLR,5.54997471638077,53.2286983118174,Historical,World Bank API,5.54997471638077,53.2286983118174,-28.38758079285453
2012-01-01,Belarus,BLR,1.70785253368828,59.2197360232518,Historical,World Bank API,1.70785253368828,59.2197360232518,-69.2277420895712
2013-01-01,Belarus,BLR,0.998719299661161,18.3122610377873,Historical,World Bank API,0.998719299661161,18.3122610377873,-41.52192417314124
2014-01-01,Belarus,BLR,1.65112470228097,18.1195543526734,Historical,World Bank API,1.65112470228097,18.1195543526734,65.32420098832104
2015-01-01,Belarus,BLR,-3.82957056812593,13.5344897649735,Historical,World Bank API,-3.82957056812593,13.5344897649735,-331.9370888725433
2016-01-01,Belarus,BLR,-2.5264464460425,11.8365807653496,Historical,World Bank API,-2.5264464460425,11.8365807653496,-34.02794383604054
2017-01-01,Belarus,BLR,2.53218349471909,6.03183725177785,Historical,World Bank API,2.53218349471909,6.03183725177785,-200.22707976595254
2018-01-01,Belarus,BLR,3.14919758275296,4.8723022055069,Historical,World Bank API,3.14919758275296,4.8723022055069,24.36687899280061
2019-01-01,Belarus,BLR,1.44645548204305,5.59815595039854,Historical,World Bank API,1.44645548204305,5.59815595039854,-54.06907810533153
2020-01-01,Belarus,BLR,-0.672742918585868,5.54814357456511,Historical,World Bank API,-0.672742918585868,5.54814357456511,-146.50975622392818
2021-01-01,Belarus,BLR,2.43886210234947,9.46028389623106,Historical,World Bank API,2.43886210234947,9.46028389623106,-462.5251243782772
2022-01-01,Belarus,BLR,-4.65839591328999,15.209675274081,Historical,World Bank API,-4.65839591328999,15.209675274081,-291.0069416717878
2023-01-01,Belarus,BLR,4.12654007153881,5.00059903091313,Historical,World Bank API,4.12654007153881,5.00059903091313,-188.58285444923558
2024-01-01,Belarus,BLR,4.00984852465452,5.78531910427999,Historical,World Bank API,4.00984852465452,5.78531910427999,-2.8278302127519472
2000-01-01,Belgium,BEL,3.71670510672588,2.54451776190908,Historical,World Bank API,3.71670510672588,2.54451776190908,
2001-01-01,Belgium,BEL,1.09960362419645,2.46925823086078,Historical,World Bank API,1.09960362419645,2.46925823086078,-70.41455825466032
2002-01-01,Belgium,BEL,1.70689430349601,1.64521436175357,Historical,World Bank API,1.70689430349601,1.64521436175357,55.228144572854234
2003-01-01,Belgium,BEL,1.03795518162204,1.5889639997038,Historical,World Bank API,1.03795518162204,1.5889639997038,-39.19042441607947
2004-01-01,Belgium,BEL,3.57120671942319,2.09728311239314,Historical,World Bank API,3.57120671942319,2.09728311239314,244.06174588794585
2005-01-01,Belgium,BEL,2.32173792911834,2.78143263670022,Historical,World Bank API,2.32173792911834,2.78143263670022,-34.98729948925108
2006-01-01,Belgium,BEL,2.55234087322462,1.7912077007046,Historical,World Bank API,2.55234087322462,1.7912077007046,9.932341683105017
2007-01-01,Belgium,BEL,3.67692462515802,1.82305630026808,Historical,World Bank API,3.67692462515802,1.82305630026808,44.06087618354064
2008-01-01,Belgium,BEL,0.446905130727231,4.48944420508401,Historical,World Bank API,0.446905130727231,4.48944420508401,-87.84568147877046
2009-01-01,Belgium,BEL,-1.90644105515335,-0.0531456741253769,Historical,World Bank API,-1.90644105515335,-0.0531456741253769,-526.5874173453936
2010-01-01,Belgium,BEL,2.71031150254662,2.18929920422457,Historical,World Bank API,2.71031150254662,2.18929920422457,-242.16602686037982
2011-01-01,Belgium,BEL,1.93115502411325,3.53208210722742,Historical,World Bank API,1.93115502411325,3.53208210722742,-28.747857126432553
2012-01-01,Belgium,BEL,0.215803612089744,2.83966343445899,Historical,World Bank API,0.215803612089744,2.83966343445899,-88.82515337219823
2013-01-01,Belgium,BEL,0.305494549070232,1.1130959402754,Historical,World Bank API,0.305494549070232,1.1130959402754,41.561369669377534
2014-01-01,Belgium,BEL,1.76554038149924,0.340002833356922,Historical,World Bank API,1.76554038149924,0.340002833356922,477.9286035946092
2015-01-01,Belgium,BEL,1.47416433731927,0.561429152790065,Historical,World Bank API,1.47416433731927,0.561429152790065,-16.50350494575167
2016-01-01,Belgium,BEL,1.19350273007754,1.97385264653181,Historical,World Bank API,1.19350273007754,1.97385264653181,-19.038691965110623
2017-01-01,Belgium,BEL,1.47446761556785,2.12597086002607,Historical,World Bank API,1.47446761556785,2.12597086002607,23.541201742542817
2018-01-01,Belgium,BEL,1.87796847383565,2.05316499865186,Historical,World Bank API,1.87796847383565,2.05316499865186,27.36586778899195
2019-01-01,Belgium,BEL,2.4428900448156,1.43681956996429,Historical,World Bank API,2.4428900448156,1.43681956996429,30.081525800384078
2020-01-01,Belgium,BEL,-4.7929839083518,0.740791812220344,Historical,World Bank API,-4.7929839083518,0.740791812220344,-296.20137707481615
2021-01-01,Belgium,BEL,6.25445686466593,2.44024851144084,Historical,World Bank API,6.25445686466593,2.44024851144084,-230.4919228659939
2022-01-01,Belgium,BEL,3.9562379757933,9.597511728725,Historical,World Bank API,3.9562379757933,9.597511728725,-36.74529920985209
2023-01-01,Belgium,BEL,1.71412195515242,4.04901077613941,Historical,World Bank API,1.71412195515242,4.04901077613941,-56.672931061263924
2024-01-01,Belgium,BEL,1.07045413019414,3.14349136500041,Historical,World Bank API,1.07045413019414,3.14349136500041,-37.550876880346884
2000-01-01,Belize,BLZ,12.2406120663359,3.06743966930585,Historical,World Bank API,12.2406120663359,3.06743966930585,
2001-01-01,Belize,BLZ,4.99356206143864,3.65141786561502,Historical,World Bank API,4.99356206143864,3.65141786561502,-59.20496430752902
2002-01-01,Belize,BLZ,5.39907320663811,4.24026660688645,Historical,World Bank API,5.39907320663811,4.24026660688645,8.12067899047284
2003-01-01,Belize,BLZ,9.66522679614125,2.31808274663101,Historical,World Bank API,9.66522679614125,2.31808274663101,79.01640570937145
2004-01-01,Belize,BLZ,4.78066505273344,6.39443099742399,Historical,World Bank API,4.78066505273344,6.39443099742399,-50.5374767342027
2005-01-01,Belize,BLZ,2.2191905367057,-1.1043104441191,Historical,World Bank API,2.2191905367057,-1.1043104441191,-53.57987827578855
2006-01-01,Belize,BLZ,4.51145460193301,-7.11376771265014,Historical,World Bank API,4.51145460193301,-7.11376771265014,103.29280101518839
2007-01-01,Belize,BLZ,3.33939738340764,2.31808274642021,Historical,World Bank API,3.33939738340764,2.31808274642021,-25.979585786437532
2008-01-01,Belize,BLZ,-1.62747776449082,6.39443100250034,Historical,World Bank API,-1.62747776449082,6.39443100250034,-148.73567226761386
2009-01-01,Belize,BLZ,-0.446709636828217,-1.10431044864355,Historical,World Bank API,-0.446709636828217,-1.10431044864355,-72.552028262704
2010-01-01,Belize,BLZ,1.41741099233461,0.917977378808888,Historical,World Bank API,1.41741099233461,0.917977378808888,-417.3002943027347
2011-01-01,Belize,BLZ,-0.13007112300869,1.602056156402,Historical,World Bank API,-0.13007112300869,1.602056156402,-109.17666955541601
2012-01-01,Belize,BLZ,3.94389321816617,1.30058074547858,Historical,World Bank API,3.94389321816617,1.30058074547858,-3132.1051490442505
2013-01-01,Belize,BLZ,4.06646561608865,0.50974776898322,Historical,World Bank API,4.06646561608865,0.50974776898322,3.107903564880843
2014-01-01,Belize,BLZ,3.89226067249989,1.20139964481058,Historical,World Bank API,3.89226067249989,1.20139964481058,-4.283939913312739
2015-01-01,Belize,BLZ,2.7602602736023,-0.861584009427748,Historical,World Bank API,2.7602602736023,-0.861584009427748,-29.083365533443008
2016-01-01,Belize,BLZ,-0.0187414958130319,0.663427167917601,Historical,World Bank API,-0.0187414958130319,0.663427167917601,-100.67897567458641
2017-01-01,Belize,BLZ,-1.83323729057784,1.14765339305816,Historical,World Bank API,-1.83323729057784,1.14765339305816,9681.70210567237
2018-01-01,Belize,BLZ,0.822068592512508,0.269982622646335,Historical,World Bank API,0.822068592512508,0.269982622646335,-144.84245420588135
2019-01-01,Belize,BLZ,4.25658710030072,0.187069385181424,Historical,World Bank API,4.25658710030072,0.187069385181424,417.78977314912504
2020-01-01,Belize,BLZ,-13.5228997055506,0.121434644614894,Historical,World Bank API,-13.5228997055506,0.121434644614894,-417.6934804081709
2021-01-01,Belize,BLZ,17.9899244143607,3.23563659237071,Historical,World Bank API,17.9899244143607,3.23563659237071,-233.03303881619834
2022-01-01,Belize,BLZ,9.25051329530994,6.27689319447544,Historical,World Bank API,9.25051329530994,6.27689319447544,-48.57947658787497
2023-01-01,Belize,BLZ,0.500127941638667,4.38984017487675,Historical,World Bank API,0.500127941638667,4.38984017487675,-94.5935114552807
2024-01-01,Belize,BLZ,3.50466435023895,3.28955985952768,Historical,World Bank API,3.50466435023895,3.28955985952768,600.7535589305273
2000-01-01,Benin,BEN,5.85771420543269,4.16540442290283,Historical,World Bank API,5.85771420543269,4.16540442290283,
2001-01-01,Benin,BEN,5.33313570603937,3.98429547767893,Historical,World Bank API,5.33313570603937,3.98429547767893,-8.955344712905323
2002-01-01,Benin,BEN,4.64303087074482,2.48916235491541,Historical,World Bank API,4.64303087074482,2.48916235491541,-12.939945152962428
2003-01-01,Benin,BEN,3.44357677591658,1.48724246145442,Historical,World Bank API,3.44357677591658,1.48724246145442,-25.833429245234097
2004-01-01,Benin,BEN,4.42968455385082,0.8738908308685,Historical,World Bank API,4.42968455385082,0.8738908308685,28.636149042205304
2005-01-01,Benin,BEN,1.71316456361184,5.36452085832342,Historical,World Bank API,1.71316456361184,5.36452085832342,-61.32535979063003
2006-01-01,Benin,BEN,3.94373882815798,3.78217696540375,Historical,World Bank API,3.94373882815798,3.78217696540375,130.2019847902675
2007-01-01,Benin,BEN,5.98634932177609,1.29806813334152,Historical,World Bank API,5.98634932177609,1.29806813334152,51.79375670199138
2008-01-01,Benin,BEN,4.89657708429647,7.94729876067854,Historical,World Bank API,4.89657708429647,7.94729876067854,-18.204287436341847
2009-01-01,Benin,BEN,2.31929213912838,0.896072355749069,Historical,World Bank API,2.31929213912838,0.896072355749069,-52.63441993864555
2010-01-01,Benin,BEN,2.11406472648392,2.20783532536524,Historical,World Bank API,2.11406472648392,2.20783532536524,-8.848709016949751
2011-01-01,Benin,BEN,2.96375291904201,2.7042390774728,Historical,World Bank API,2.96375291904201,2.7042390774728,40.19215598811292
2012-01-01,Benin,BEN,4.811223315688,6.74468253340712,Historical,World Bank API,4.811223315688,6.74468253340712,62.335506606372505
2013-01-01,Benin,BEN,7.19143372144946,0.428888888888884,Historical,World Bank API,7.19143372144946,0.428888888888884,49.47204171546738
2014-01-01,Benin,BEN,6.35767909791932,-0.548757550948181,Historical,World Bank API,6.35767909791932,-0.548757550948181,-11.593719080568732
2015-01-01,Benin,BEN,1.77815106030278,0.218785923536245,Historical,World Bank API,1.77815106030278,0.218785923536245,-72.0314436618118
2016-01-01,Benin,BEN,3.33967342629693,-0.793310145785624,Historical,World Bank API,3.33967342629693,-0.793310145785624,87.8171939862217
2017-01-01,Benin,BEN,5.67156195150444,0.0432648555103608,Historical,World Bank API,5.67156195150444,0.0432648555103608,69.82384884839281
2018-01-01,Benin,BEN,6.69725362180888,0.919170717886054,Historical,World Bank API,6.69725362180888,0.919170717886054,18.084818240103395
2019-01-01,Benin,BEN,6.86568662848335,0.732849371241066,Historical,World Bank API,6.86568662848335,0.732849371241066,2.514956371459287
2020-01-01,Benin,BEN,3.84879240030133,3.02272119663759,Historical,World Bank API,3.84879240030133,3.02272119663759,-43.941624362317576
2021-01-01,Benin,BEN,7.1554516457574,1.73353962694036,Historical,World Bank API,7.1554516457574,1.73353962694036,85.91420117118254
2022-01-01,Benin,BEN,6.25294705373625,1.35077863583527,Historical,World Bank API,6.25294705373625,1.35077863583527,-12.612824971799807
2023-01-01,Benin,BEN,6.3527773854442,2.73870078406075,Historical,World Bank API,6.3527773854442,2.73870078406075,1.5965324965977246
2024-01-01,Benin,BEN,7.45311566226201,1.16093089640415,Historical,World Bank API,7.45311566226201,1.16093089640415,17.32058610048197
2000-01-01,Bermuda,BMU,9.31715641086083,,Historical,World Bank API,9.31715641086083,6.747787530076212,
2001-01-01,Bermuda,BMU,7.22243553752608,,Historical,World Bank API,7.22243553752608,6.747787530076212,-22.48240537094531
2002-01-01,Bermuda,BMU,-1.47779059768867,,Historical,World Bank API,-1.47779059768867,6.747787530076212,-120.46111162931696
2003-01-01,Bermuda,BMU,3.41070667687531,,Historical,World Bank API,3.41070667687531,6.747787530076212,-330.7976977394366
2004-01-01,Bermuda,BMU,2.32126722323136,,Historical,World Bank API,2.32126722323136,6.747787530076212,-31.941751573959177
2005-01-01,Bermuda,BMU,1.67420611410508,,Historical,World Bank API,1.67420611410508,6.747787530076212,-27.87533906697426
2006-01-01,Bermuda,BMU,5.5438663804406,,Historical,World Bank API,5.5438663804406,6.747787530076212,231.13404220268214
2007-01-01,Bermuda,BMU,3.34513970877607,,Historical,World Bank API,3.34513970877607,6.747787530076212,-39.660527883967255
2008-01-01,Bermuda,BMU,-1.86595582635186,,Historical,World Bank API,-1.86595582635186,6.747787530076212,-155.7811029971774
2009-01-01,Bermuda,BMU,-5.6266977105161,,Historical,World Bank API,-5.6266977105161,6.747787530076212,201.54506505745564
2010-01-01,Bermuda,BMU,-2.50287828947368,,Historical,World Bank API,-2.50287828947368,6.747787530076212,-55.517811365698776
2011-01-01,Bermuda,BMU,-3.74274431740703,,Historical,World Bank API,-3.74274431740703,6.747787530076212,49.537607687430786
2012-01-01,Bermuda,BMU,-5.30529910675297,,Historical,World Bank API,-5.30529910675297,6.747787530076212,41.748905531128464
2013-01-01,Bermuda,BMU,-0.279708545423034,,Historical,World Bank API,-0.279708545423034,6.747787530076212,-94.72775163483242
2014-01-01,Bermuda,BMU,-3.70106759364258,,Historical,World Bank API,-3.70106759364258,6.747787530076212,1223.1871725781734
2015-01-01,Bermuda,BMU,0.775529699568978,,Historical,World Bank API,0.775529699568978,6.747787530076212,-120.95421604569248
2016-01-01,Bermuda,BMU,-0.657206304259205,,Historical,World Bank API,-0.657206304259205,6.747787530076212,-184.7428930993185
2017-01-01,Bermuda,BMU,3.61141983706115,,Historical,World Bank API,3.61141983706115,6.747787530076212,-649.5108329996772
2018-01-01,Bermuda,BMU,-0.432801300339307,,Historical,World Bank API,-0.432801300339307,6.747787530076212,-111.98424220573328
2019-01-01,Bermuda,BMU,0.307106461240664,,Historical,World Bank API,0.307106461240664,6.747787530076212,-170.957841623835
2020-01-01,Bermuda,BMU,-6.82757303480177,,Historical,World Bank API,-6.82757303480177,6.747787530076212,-2323.1942002194937
2021-01-01,Bermuda,BMU,4.60742917109469,,Historical,World Bank API,4.60742917109469,6.747787530076212,-167.48267865623
2022-01-01,Bermuda,BMU,6.47622571186707,,Historical,World Bank API,6.47622571186707,6.747787530076212,40.560505031667525
2023-01-01,Bermuda,BMU,4.91721557264164,,Historical,World Bank API,4.91721557264164,6.747787530076212,-24.07281970374644
2024-01-01,Bermuda,BMU,5.97253260071749,,Historical,World Bank API,5.97253260071749,6.747787530076212,21.461679124816357
2000-01-01,Bhutan,BTN,3.35506838174288,4.01212081070342,Historical,World Bank API,3.35506838174288,4.01212081070342,
2001-01-01,Bhutan,BTN,7.32837435673082,3.41478946111594,Historical,World Bank API,7.32837435673082,3.41478946111594,118.42697444288453
2002-01-01,Bhutan,BTN,10.4437797168913,2.45535714285714,Historical,World Bank API,10.4437797168913,2.45535714285714,42.511547698148135
2003-01-01,Bhutan,BTN,7.78656040877364,2.57230861693339,Historical,World Bank API,7.78656040877364,2.57230861693339,-25.44308076337527
2004-01-01,Bhutan,BTN,5.15725736177561,4.10593698272958,Historical,World Bank API,5.15725736177561,4.10593698272958,-33.7671951281007
2005-01-01,Bhutan,BTN,6.93507146766659,5.3126310463775,Historical,World Bank API,6.93507146766659,5.3126310463775,34.472084311086036
2006-01-01,Bhutan,BTN,5.6408051539139,5.00045438022541,Historical,World Bank API,5.6408051539139,5.00045438022541,-18.66262402322677
2007-01-01,Bhutan,BTN,16.1047836542012,5.15611138758463,Historical,World Bank API,16.1047836542012,5.15611138758463,185.50505140257889
2008-01-01,Bhutan,BTN,4.52944877696235,8.32716049382713,Historical,World Bank API,4.52944877696235,8.32716049382713,-71.87513428172772
2009-01-01,Bhutan,BTN,7.66749238553135,4.36112219119805,Historical,World Bank API,7.66749238553135,4.36112219119805,69.28091613552836
2010-01-01,Bhutan,BTN,11.9318738376229,7.03638316073019,Historical,World Bank API,11.9318738376229,7.03638316073019,55.61637674578574
2011-01-01,Bhutan,BTN,8.4892584842808,8.848985699468,Historical,World Bank API,8.4892584842808,8.848985699468,-28.85226076131515
2012-01-01,Bhutan,BTN,5.16482012683895,10.919656944683,Historical,World Bank API,5.16482012683895,10.919656944683,-39.160526960011545
2013-01-01,Bhutan,BTN,1.73634039505693,8.77638345268213,Historical,World Bank API,1.73634039505693,8.77638345268213,-66.38139659435475
2014-01-01,Bhutan,BTN,5.88108550658288,8.27106093949328,Historical,World Bank API,5.88108550658288,8.27106093949328,238.7057931339583
2015-01-01,Bhutan,BTN,6.66080128866197,4.54814395082205,Historical,World Bank API,6.66080128866197,4.54814395082205,13.258024920847177
2016-01-01,Bhutan,BTN,8.47594339232963,3.21988689395718,Historical,World Bank API,8.47594339232963,3.21988689395718,27.251107261785414
2017-01-01,Bhutan,BTN,2.08684522733067,4.95508366985129,Historical,World Bank API,2.08684522733067,4.95508366985129,-75.3791981525127
2018-01-01,Bhutan,BTN,3.50187185732737,2.72396386183713,Historical,World Bank API,3.50187185732737,2.72396386183713,67.80697540309166
2019-01-01,Bhutan,BTN,5.75514851246506,2.72643037388832,Historical,World Bank API,5.75514851246506,2.72643037388832,64.34492028664324
2020-01-01,Bhutan,BTN,-10.2183974208569,5.62936522632508,Historical,World Bank API,-10.2183974208569,5.62936522632508,-277.5522803403753
2021-01-01,Bhutan,BTN,4.42136738945015,7.3468144053353,Historical,World Bank API,4.42136738945015,7.3468144053353,-143.2686967178008
2022-01-01,Bhutan,BTN,5.21386783786224,5.6391667139637,Historical,World Bank API,5.21386783786224,5.6391667139637,17.924329253956127
2023-01-01,Bhutan,BTN,4.63215704523927,4.22934419929251,Historical,World Bank API,4.63215704523927,4.22934419929251,-11.156991521700688
2024-01-01,Bhutan,BTN,,2.76131569624098,Historical,World Bank API,3.326306297196254,2.76131569624098,-28.19098608466034
2000-01-01,Bolivia,BOL,2.50781080899505,4.60822998872598,Historical,World Bank API,2.50781080899505,4.60822998872598,
2001-01-01,Bolivia,BOL,1.68379912721821,1.58965377879568,Historical,World Bank API,1.68379912721821,1.58965377879568,-32.85780884352455
2002-01-01,Bolivia,BOL,2.48556573783827,0.92825885161107,Historical,World Bank API,2.48556573783827,0.92825885161107,47.616523708778224
2003-01-01,Bolivia,BOL,2.7113398370071,3.33727499671534,Historical,World Bank API,2.7113398370071,3.33727499671534,9.083408888842692
2004-01-01,Bolivia,BOL,4.17329558916195,4.43738080101725,Historical,World Bank API,4.17329558916195,4.43738080101725,53.92004839085842
2005-01-01,Bolivia,BOL,4.42143312687995,5.39323106890663,Historical,World Bank API,4.42143312687995,5.39323106890663,5.945841419965858
2006-01-01,Bolivia,BOL,4.79700882356046,4.28239604802561,Historical,World Bank API,4.79700882356046,4.28239604802561,8.494433499337827
2007-01-01,Bolivia,BOL,4.56438426887904,8.70560923578869,Historical,World Bank API,4.56438426887904,8.70560923578869,-4.849366829155832
2008-01-01,Bolivia,BOL,6.14849787462195,14.0068107702519,Historical,World Bank API,6.14849787462195,14.0068107702519,34.705964976343886
2009-01-01,Bolivia,BOL,3.35699957430558,3.34645420142014,Historical,World Bank API,3.35699957430558,3.34645420142014,-45.401305444673504
2010-01-01,Bolivia,BOL,4.12672259105658,2.50327605844241,Historical,World Bank API,4.12672259105658,2.50327605844241,22.92889825314388
2011-01-01,Bolivia,BOL,5.20409244308591,9.88446419823883,Historical,World Bank API,5.20409244308591,9.88446419823883,26.107154727681547
2012-01-01,Bolivia,BOL,5.12227558091767,4.51560291399376,Historical,World Bank API,5.12227558091767,4.51560291399376,-1.5721638895354606
2013-01-01,Bolivia,BOL,6.79601142810857,5.73640023719607,Historical,World Bank API,6.79601142810857,5.73640023719607,32.67563060109793
2014-01-01,Bolivia,BOL,5.46056950635116,5.76660074579144,Historical,World Bank API,5.46056950635116,5.76660074579144,-19.65037781181429
2015-01-01,Bolivia,BOL,4.8571871797142,4.05961041135645,Historical,World Bank API,4.8571871797142,4.05961041135645,-11.049805811191838
2016-01-01,Bolivia,BOL,4.26392086382097,3.62321431764138,Historical,World Bank API,4.26392086382097,3.62321431764138,-12.21419504628063
2017-01-01,Bolivia,BOL,4.19520633360403,2.8227580554717,Historical,World Bank API,4.19520633360403,2.8227580554717,-1.6115339006400609
2018-01-01,Bolivia,BOL,2.86808404814794,2.27205987230155,Historical,World Bank API,2.86808404814794,2.27205987230155,-31.63425538395348
2019-01-01,Bolivia,BOL,1.50672102666863,1.83954504969026,Historical,World Bank API,1.50672102666863,1.83954504969026,-47.46593888552212
2020-01-01,Bolivia,BOL,-12.7194690092717,0.940742153381849,Historical,World Bank API,-12.7194690092717,0.940742153381849,-944.1820870711899
2021-01-01,Bolivia,BOL,10.0290488827886,0.737383721452275,Historical,World Bank API,10.0290488827886,0.737383721452275,-178.84801539653935
2022-01-01,Bolivia,BOL,3.74741781241461,1.74632872945969,Historical,World Bank API,3.74741781241461,1.74632872945969,-62.63436487137122
2023-01-01,Bolivia,BOL,2.51636590154891,2.57688800489192,Historical,World Bank API,2.51636590154891,2.57688800489192,-32.85067138196912
2024-01-01,Bolivia,BOL,-1.12335595517212,5.09976568317427,Historical,World Bank API,-1.12335595517212,5.09976568317427,-144.64199560487828
2000-01-01,Bosnia and Herzegovina,BIH,5.41431594987505,,Historical,World Bank API,5.41431594987505,6.747787530076212,
2001-01-01,Bosnia and Herzegovina,BIH,2.42331317180992,,Historical,World Bank API,2.42331317180992,6.747787530076212,-55.24248687655835
2002-01-01,Bosnia and Herzegovina,BIH,5.027444647203,,Historical,World Bank API,5.027444647203,6.747787530076212,107.46161518398014
2003-01-01,Bosnia and Herzegovina,BIH,3.86713552011777,,Historical,World Bank API,3.86713552011777,6.747787530076212,-23.079500790342134
2004-01-01,Bosnia and Herzegovina,BIH,6.32526794858342,,Historical,World Bank API,6.32526794858342,6.747787530076212,63.564682842839446
2005-01-01,Bosnia and Herzegovina,BIH,3.89718320544974,,Historical,World Bank API,3.89718320544974,6.747787530076212,-38.3870653839647
2006-01-01,Bosnia and Herzegovina,BIH,5.41400299607282,6.12556615620285,Historical,World Bank API,5.41400299607282,6.12556615620285,38.92092597807542
2007-01-01,Bosnia and Herzegovina,BIH,5.85911689412598,1.50077710611542,Historical,World Bank API,5.85911689412598,1.50077710611542,8.22153032379247
2008-01-01,Bosnia and Herzegovina,BIH,5.44184730165964,7.42704310332953,Historical,World Bank API,5.44184730165964,7.42704310332953,-7.12171475678649
2009-01-01,Bosnia and Herzegovina,BIH,-3.0044555389081,-0.381464282453057,Historical,World Bank API,-3.0044555389081,-0.381464282453057,-155.21021396524318
2010-01-01,Bosnia and Herzegovina,BIH,0.865667236280544,1.99621236745887,Historical,World Bank API,0.865667236280544,1.99621236745887,-128.8127823850291
2011-01-01,Bosnia and Herzegovina,BIH,0.959511709726897,3.67125,Historical,World Bank API,0.959511709726897,3.67125,10.840709860935526
2012-01-01,Bosnia and Herzegovina,BIH,-0.821837252962993,2.05267452001717,Historical,World Bank API,-0.821837252962993,2.05267452001717,-185.65161265170073
2013-01-01,Bosnia and Herzegovina,BIH,2.34985873172397,-0.0930456838317588,Historical,World Bank API,2.34985873172397,-0.0930456838317588,-385.92750246499025
2014-01-01,Bosnia and Herzegovina,BIH,1.15384793371298,-0.897194054194333,Historical,World Bank API,1.15384793371298,-0.897194054194333,-50.897136149692656
2015-01-01,Bosnia and Herzegovina,BIH,4.28413016137854,-1.03602303425474,Historical,World Bank API,4.28413016137854,-1.03602303425474,271.2907079178615
2016-01-01,Bosnia and Herzegovina,BIH,3.24225822231566,-1.58410000000002,Historical,World Bank API,3.24225822231566,-1.58410000000002,-24.319334376330627
2017-01-01,Bosnia and Herzegovina,BIH,3.24409895306594,0.810133321953039,Historical,World Bank API,3.24409895306594,0.810133321953039,0.05677310763252397
2018-01-01,Bosnia and Herzegovina,BIH,3.82900399349064,1.41710814018034,Historical,World Bank API,3.82900399349064,1.41710814018034,18.02981502373462
2019-01-01,Bosnia and Herzegovina,BIH,2.88585242083978,0.56278215406123,Historical,World Bank API,2.88585242083978,0.56278215406123,-24.63177302124079
2020-01-01,Bosnia and Herzegovina,BIH,-3.01509335460439,-1.0512960076349,Historical,World Bank API,-3.01509335460439,-1.0512960076349,-204.47843184326803
2021-01-01,Bosnia and Herzegovina,BIH,7.39164256472846,1.98163900587622,Historical,World Bank API,7.39164256472846,1.98163900587622,-345.15468330161593
2022-01-01,Bosnia and Herzegovina,BIH,4.22681333390325,14.0208440826771,Historical,World Bank API,4.22681333390325,14.0208440826771,-42.816318607276614
2023-01-01,Bosnia and Herzegovina,BIH,1.99439414850893,6.1059011284828,Historical,World Bank API,1.99439414850893,6.1059011284828,-52.815655886388356
2024-01-01,Bosnia and Herzegovina,BIH,2.9715174617652,1.69212733599724,Historical,World Bank API,2.9715174617652,1.69212733599724,48.99349077948294
2000-01-01,Botswana,BWA,1.98769583378552,8.60148514851491,Historical,World Bank API,1.98769583378552,8.60148514851491,
2001-01-01,Botswana,BWA,0.250573949689084,6.55903767014862,Historical,World Bank API,0.250573949689084,6.55903767014862,-87.39374780436744
2002-01-01,Botswana,BWA,6.06953087648317,8.03279662527486,Historical,World Bank API,6.06953087648317,8.03279662527486,2322.2513489587955
2003-01-01,Botswana,BWA,4.62589474959299,9.18990265632739,Historical,World Bank API,4.62589474959299,9.18990265632739,-23.78497047413748
2004-01-01,Botswana,BWA,2.70582170611173,6.94570363654675,Historical,World Bank API,2.70582170611173,6.94570363654675,-41.507062901727245
2005-01-01,Botswana,BWA,4.55664565323181,8.6102252854644,Historical,World Bank API,4.55664565323181,8.6102252854644,68.40154851812896
2006-01-01,Botswana,BWA,8.36387109282306,11.5552187914379,Historical,World Bank API,8.36387109282306,11.5552187914379,83.55324792242665
2007-01-01,Botswana,BWA,5.79255577727118,7.08099847172693,Historical,World Bank API,5.79255577727118,7.08099847172693,-30.743124649043153
2008-01-01,Botswana,BWA,3.25207295796832,12.7021883920076,Historical,World Bank API,3.25207295796832,12.7021883920076,-43.8577187166881
2009-01-01,Botswana,BWA,-14.1442346163423,8.02729703109582,Historical,World Bank API,-14.1442346163423,8.02729703109582,-534.9298062851174
2010-01-01,Botswana,BWA,10.119723322694,6.94887658743103,Historical,World Bank API,10.119723322694,6.94887658743103,-171.54663081593426
2011-01-01,Botswana,BWA,6.83841052493574,8.45987233408583,Historical,World Bank API,6.83841052493574,8.45987233408583,-32.42492598982175
2012-01-01,Botswana,BWA,-0.170857099335691,7.53690261091916,Historical,World Bank API,-0.170857099335691,7.53690261091916,-102.49849140692378
2013-01-01,Botswana,BWA,11.1029068737822,5.88460707056817,Historical,World Bank API,11.1029068737822,5.88460707056817,-6598.35852121532
2014-01-01,Botswana,BWA,5.69714422072884,4.40225309243427,Historical,World Bank API,5.69714422072884,4.40225309243427,-48.687814051815856
2015-01-01,Botswana,BWA,-4.85132507409779,3.06203169580558,Historical,World Bank API,-4.85132507409779,3.06203169580558,-185.15362936480403
2016-01-01,Botswana,BWA,7.20442475914267,2.81495791361944,Historical,World Bank API,7.20442475914267,2.81495791361944,-248.50426737240423
2017-01-01,Botswana,BWA,4.11437856445083,3.30828076768219,Historical,World Bank API,4.11437856445083,3.30828076768219,-42.890949631619954
2018-01-01,Botswana,BWA,4.18869237159223,3.23801558947715,Historical,World Bank API,4.18869237159223,3.23801558947715,1.806197606206883
2019-01-01,Botswana,BWA,3.0317733945467,2.77286442863321,Historical,World Bank API,3.0317733945467,2.77286442863321,-27.62005118570585
2020-01-01,Botswana,BWA,-8.72888243996397,1.8903591682421,Historical,World Bank API,-8.72888243996397,1.8903591682421,-387.9134191118885
2021-01-01,Botswana,BWA,11.9162724376008,7.24097765588442,Historical,World Bank API,11.9162724376008,7.24097765588442,-236.51544192007688
2022-01-01,Botswana,BWA,5.48601706446772,11.665567478802,Historical,World Bank API,5.48601706446772,11.665567478802,-53.96197012786437
2023-01-01,Botswana,BWA,3.20806812224438,5.0676154934383,Historical,World Bank API,3.20806812224438,5.0676154934383,-41.522819113657974
2024-01-01,Botswana,BWA,-2.98986879467928,2.81835131676251,Historical,World Bank API,-2.98986879467928,2.81835131676251,-193.19841975760644
2000-01-01,Brazil,BRA,4.38794944364869,7.04414105947266,Historical,World Bank API,4.38794944364869,7.04414105947266,
2001-01-01,Brazil,BRA,1.3898964044581,6.84035902487523,Historical,World Bank API,1.3898964044581,6.84035902487523,-68.32469420380636
2002-01-01,Brazil,BRA,3.05346185683619,8.45016437708331,Historical,World Bank API,3.05346185683619,8.45016437708331,119.68988818462982
2003-01-01,Brazil,BRA,1.14082899877101,14.7149197228147,Historical,World Bank API,1.14082899877101,14.7149197228147,-62.638177509344516
2004-01-01,Brazil,BRA,5.75996463685998,6.59718509985963,Historical,World Bank API,5.75996463685998,6.59718509985963,404.8929018341104
2005-01-01,Brazil,BRA,3.20213206216255,6.86953720898964,Historical,World Bank API,3.20213206216255,6.86953720898964,-44.40708816732981
2006-01-01,Brazil,BRA,3.96198870899485,4.18356812896909,Historical,World Bank API,3.96198870899485,4.18356812896909,23.729709833364375
2007-01-01,Brazil,BRA,6.06987060733128,3.64127299102652,Historical,World Bank API,6.06987060733128,3.64127299102652,53.20262255041097
2008-01-01,Brazil,BRA,5.09419544811998,5.67859390284168,Historical,World Bank API,5.09419544811998,5.67859390284168,-16.074068498805637
2009-01-01,Brazil,BRA,-0.12581200299141,4.88803479876799,Historical,World Bank API,-0.12581200299141,4.88803479876799,-102.46971291684225
2010-01-01,Brazil,BRA,7.52822581812151,5.03872690108075,Historical,World Bank API,7.52822581812151,5.03872690108075,-6083.710329002163
2011-01-01,Brazil,BRA,3.97442307944702,6.6364496221309,Historical,World Bank API,3.97442307944702,6.6364496221309,-47.206378030265526
2012-01-01,Brazil,BRA,1.92117598509462,5.40349914036997,Historical,World Bank API,1.92117598509462,5.40349914036997,-51.661512961978815
2013-01-01,Brazil,BRA,3.0048226702888,6.20431066640101,Historical,World Bank API,3.0048226702888,6.20431066640101,56.405383660925224
2014-01-01,Brazil,BRA,0.503955740273241,6.32904015516139,Historical,World Bank API,0.503955740273241,6.32904015516139,-83.22843656445109
2015-01-01,Brazil,BRA,-3.54576339347278,9.02990102416136,Historical,World Bank API,-3.54576339347278,9.02990102416136,-803.5862696097666
2016-01-01,Brazil,BRA,-3.2759169063211,8.73914352329393,Historical,World Bank API,-3.2759169063211,8.73914352329393,-7.610391817131035
2017-01-01,Brazil,BRA,1.32286905390815,3.44637335032669,Historical,World Bank API,1.32286905390815,3.44637335032669,-140.38164250612053
2018-01-01,Brazil,BRA,1.78366676137003,3.66485028376729,Historical,World Bank API,1.78366676137003,3.66485028376729,34.833206363135204
2019-01-01,Brazil,BRA,1.22077782271943,3.73297621216894,Historical,World Bank API,1.22077782271943,3.73297621216894,-31.557965357735686
2020-01-01,Brazil,BRA,-3.27675879612903,3.21176803803376,Historical,World Bank API,-3.27675879612903,3.21176803803376,-368.41565558830797
2021-01-01,Brazil,BRA,4.7626043797061,8.30165975585673,Historical,World Bank API,4.7626043797061,8.30165975585673,-245.34497886546794
2022-01-01,Brazil,BRA,3.01669435408112,9.28010608956873,Historical,World Bank API,3.01669435408112,9.28010608956873,-36.65872464789359
2023-01-01,Brazil,BRA,3.24165532813583,4.59356282283204,Historical,World Bank API,3.24165532813583,4.59356282283204,7.457201414865655
2024-01-01,Brazil,BRA,3.41931516597739,4.36746407652337,Historical,World Bank API,3.41931516597739,4.36746407652337,5.480528306003674
2000-01-01,Brunei Darussalam,BRN,3.47467627672586,1.55815247634946,Historical,World Bank API,3.47467627672586,1.55815247634946,
2001-01-01,Brunei Darussalam,BRN,1.4660608198711,0.59589041095899,Historical,World Bank API,1.4660608198711,0.59589041095899,-57.80726884714138
2002-01-01,Brunei Darussalam,BRN,3.9614389000248,-2.31497242459321,Historical,World Bank API,3.9614389000248,-2.31497242459321,170.20972433961506
2003-01-01,Brunei Darussalam,BRN,3.58342909978997,0.299999999999967,Historical,World Bank API,3.58342909978997,0.299999999999967,-9.542234773139214
2004-01-01,Brunei Darussalam,BRN,0.104538372603315,0.814223994682613,Historical,World Bank API,0.104538372603315,0.814223994682613,-97.08272803250266
2005-01-01,Brunei Darussalam,BRN,-0.0039253166074644,1.24443711883965,Historical,World Bank API,-0.0039253166074644,1.24443711883965,-103.75490502646292
2006-01-01,Brunei Darussalam,BRN,4.09841257308588,0.159888078345121,Historical,World Bank API,4.09841257308588,0.159888078345121,-104509.73258799863
2007-01-01,Brunei Darussalam,BRN,-3.76362326254647,0.967774119525101,Historical,World Bank API,-3.76362326254647,0.967774119525101,-191.831244303271
2008-01-01,Brunei Darussalam,BRN,-3.90071101715114,2.08498023715415,Historical,World Bank API,-3.90071101715114,2.08498023715415,3.642440941655689
2009-01-01,Brunei Darussalam,BRN,-1.90025367202547,1.03571774271613,Historical,World Bank API,-1.90025367202547,1.03571774271613,-51.28442830883411
2010-01-01,Brunei Darussalam,BRN,2.74136439456163,0.356869132017561,Historical,World Bank API,2.74136439456163,0.356869132017561,-244.26307576291245
2011-01-01,Brunei Darussalam,BRN,3.74440625524871,0.13791156316954,Historical,World Bank API,3.74440625524871,0.13791156316954,36.589147457993285
2012-01-01,Brunei Darussalam,BRN,0.913135189664487,0.111766261400307,Historical,World Bank API,0.913135189664487,0.111766261400307,-75.61335155915567
2013-01-01,Brunei Darussalam,BRN,-2.12478292664558,0.389205053123632,Historical,World Bank API,-2.12478292664558,0.389205053123632,-332.6909477036241
2014-01-01,Brunei Darussalam,BRN,-2.50788727590711,-0.207108731719822,Historical,World Bank API,-2.50788727590711,-0.207108731719822,18.030281797601845
2015-01-01,Brunei Darussalam,BRN,-0.392383749502031,-0.488347420743522,Historical,World Bank API,-0.392383749502031,-0.488347420743522,-84.3540117105102
2016-01-01,Brunei Darussalam,BRN,-2.47791771833224,-0.278693265753083,Historical,World Bank API,-2.47791771833224,-0.278693265753083,531.5036546434281
2017-01-01,Brunei Darussalam,BRN,1.32872661057823,-1.2605056462896,Historical,World Bank API,1.32872661057823,-1.2605056462896,-153.62270912984667
2018-01-01,Brunei Darussalam,BRN,0.0523710418528935,1.02505179290212,Historical,World Bank API,0.0523710418528935,1.02505179290212,-96.0585539992984
2019-01-01,Brunei Darussalam,BRN,3.86884436177075,-0.390522069165529,Historical,World Bank API,3.86884436177075,-0.390522069165529,7287.373298087245
2020-01-01,Brunei Darussalam,BRN,1.1335733495246,1.94031996607184,Historical,World Bank API,1.1335733495246,1.94031996607184,-70.69994955791476
2021-01-01,Brunei Darussalam,BRN,-1.59076260099606,1.73341388450593,Historical,World Bank API,-1.59076260099606,1.73341388450593,-240.3316866670513
2022-01-01,Brunei Darussalam,BRN,-1.62833154515108,3.68225030604216,Historical,World Bank API,-1.62833154515108,3.68225030604216,2.3616939530446635
2023-01-01,Brunei Darussalam,BRN,1.12764418162719,0.35706431153689,Historical,World Bank API,1.12764418162719,0.35706431153689,-169.25150992653434
2024-01-01,Brunei Darussalam,BRN,4.05251709306727,-0.388674165036461,Historical,World Bank API,4.05251709306727,-0.388674165036461,259.3790629256376
2000-01-01,Bulgaria,BGR,4.58722541447194,10.316262128999,Historical,World Bank API,4.58722541447194,10.316262128999,
2001-01-01,Bulgaria,BGR,3.82370364608695,7.36093927231844,Historical,World Bank API,3.82370364608695,7.36093927231844,-16.644522546814578
2002-01-01,Bulgaria,BGR,5.87193108148227,5.81014365721825,Historical,World Bank API,5.87193108148227,5.81014365721825,53.56658425899212
2003-01-01,Bulgaria,BGR,5.23715364977618,2.34864169582755,Historical,World Bank API,5.23715364977618,2.34864169582755,-10.810369244760466
2004-01-01,Bulgaria,BGR,6.51042578445376,6.14713074246273,Historical,World Bank API,6.51042578445376,6.14713074246273,24.312292894671828
2005-01-01,Bulgaria,BGR,7.05634873469204,5.03883807111902,Historical,World Bank API,7.05634873469204,5.03883807111902,8.385364772022875
2006-01-01,Bulgaria,BGR,6.80258943603174,7.26159462769944,Historical,World Bank API,6.80258943603174,7.26159462769944,-3.596184205192565
2007-01-01,Bulgaria,BGR,6.65438792422609,8.40253419005901,Historical,World Bank API,6.65438792422609,8.40253419005901,-2.1786043858631365
2008-01-01,Bulgaria,BGR,6.12955841579208,12.3487195994021,Historical,World Bank API,6.12955841579208,12.3487195994021,-7.8869689355395955
2009-01-01,Bulgaria,BGR,-3.34714149737695,2.75320223914816,Historical,World Bank API,-3.34714149737695,2.75320223914816,-154.6065682113974
2010-01-01,Bulgaria,BGR,1.55535979911015,2.43899060504113,Historical,World Bank API,1.55535979911015,2.43899060504113,-146.46830139475838
2011-01-01,Bulgaria,BGR,2.09017507758604,4.21990346601873,Historical,World Bank API,2.09017507758604,4.21990346601873,34.385309352978496
2012-01-01,Bulgaria,BGR,0.748815411928831,2.95456829831022,Historical,World Bank API,0.748815411928831,2.95456829831022,-64.17451246267638
2013-01-01,Bulgaria,BGR,-0.542751388861134,0.890093540913002,Historical,World Bank API,-0.542751388861134,0.890093540913002,-172.4813325440367
2014-01-01,Bulgaria,BGR,0.949449090947894,-1.4181838026484,Historical,World Bank API,0.949449090947894,-1.4181838026484,-274.9325953711775
2015-01-01,Bulgaria,BGR,3.39755336780412,-0.104633261008385,Historical,World Bank API,3.39755336780412,-0.104633261008385,257.8447122859564
2016-01-01,Bulgaria,BGR,3.02662841229517,-0.79864988645371,Historical,World Bank API,3.02662841229517,-0.79864988645371,-10.917413660780351
2017-01-01,Bulgaria,BGR,2.74592676054861,2.06159619443141,Historical,World Bank API,2.74592676054861,2.06159619443141,-9.274400868182454
2018-01-01,Bulgaria,BGR,2.33015213407045,2.81454473824829,Historical,World Bank API,2.33015213407045,2.81454473824829,-15.141504589696064
2019-01-01,Bulgaria,BGR,3.79331765354152,3.10372944796781,Historical,World Bank API,3.79331765354152,3.10372944796781,62.79270344958656
2020-01-01,Bulgaria,BGR,-3.13323303076419,1.67244096855756,Historical,World Bank API,-3.13323303076419,1.67244096855756,-182.59875172433658
2021-01-01,Bulgaria,BGR,7.82817232822165,3.29774435299515,Historical,World Bank API,7.82817232822165,3.29774435299515,-349.8432849187848
2022-01-01,Bulgaria,BGR,4.0838640915123,15.3252589264366,Historical,World Bank API,4.0838640915123,15.3252589264366,-47.83119328135634
2023-01-01,Bulgaria,BGR,1.68151074972904,9.44284140088564,Historical,World Bank API,1.68151074972904,9.44284140088564,-58.82549683218381
2024-01-01,Bulgaria,BGR,3.38709063847314,2.44651943006079,Historical,World Bank API,3.38709063847314,2.44651943006079,101.43139965170835
2000-01-01,Burkina Faso,BFA,1.88847388906525,-0.304212168486803,Historical,World Bank API,1.88847388906525,-0.304212168486803,
2001-01-01,Burkina Faso,BFA,6.61340574539679,5.00743290822373,Historical,World Bank API,6.61340574539679,5.00743290822373,250.19842125909776
2002-01-01,Burkina Faso,BFA,4.35296382988099,2.17569480664608,Historical,World Bank API,4.35296382988099,2.17569480664608,-34.17969503971783
2003-01-01,Burkina Faso,BFA,7.80249388870359,2.03456574053815,Historical,World Bank API,7.80249388870359,2.03456574053815,79.24554840412976
2004-01-01,Burkina Faso,BFA,4.47845213670386,-0.400228702115452,Historical,World Bank API,4.47845213670386,-0.400228702115452,-42.60229869339931
2005-01-01,Burkina Faso,BFA,8.66187322841225,6.41504018369684,Historical,World Bank API,8.66187322841225,6.41504018369684,93.41220948690072
2006-01-01,Burkina Faso,BFA,6.25316468817478,2.3331085637222,Historical,World Bank API,6.25316468817478,2.3331085637222,-27.80817124333502
2007-01-01,Burkina Faso,BFA,4.11137901761516,-0.230627306273049,Historical,World Bank API,4.11137901761516,-0.230627306273049,-34.25122761615255
2008-01-01,Burkina Faso,BFA,5.79999174105387,10.6597978997424,Historical,World Bank API,5.79999174105387,10.6597978997424,41.07168704718942
2009-01-01,Burkina Faso,BFA,2.96195085866692,2.60817666368314,Historical,World Bank API,2.96195085866692,2.60817666368314,-48.93180902825341
2010-01-01,Burkina Faso,BFA,8.44628157707625,-0.764230734676768,Historical,World Bank API,8.44628157707625,-0.764230734676768,185.1594094602114
2011-01-01,Burkina Faso,BFA,6.62256261306693,2.75976724854534,Historical,World Bank API,6.62256261306693,2.75976724854534,-21.591974496315757
2012-01-01,Burkina Faso,BFA,6.45267237953146,3.8181524025238,Historical,World Bank API,6.45267237953146,3.8181524025238,-2.56532468564753
2013-01-01,Burkina Faso,BFA,5.79258484509867,0.533738507090536,Historical,World Bank API,5.79258484509867,0.533738507090536,-10.229676878166883
2014-01-01,Burkina Faso,BFA,4.32684561452976,-0.258089517535291,Historical,World Bank API,4.32684561452976,-0.258089517535291,-25.303716212445792
2015-01-01,Burkina Faso,BFA,3.9212287937935,0.724838981070517,Historical,World Bank API,3.9212287937935,0.724838981070517,-9.374423237431417
2016-01-01,Burkina Faso,BFA,5.95797670754024,0.441041448058809,Historical,World Bank API,5.95797670754024,0.441041448058809,51.94157293169157
2017-01-01,Burkina Faso,BFA,6.20348941121868,1.48299897161326,Historical,World Bank API,6.20348941121868,1.48299897161326,4.1207395686479575
2018-01-01,Burkina Faso,BFA,6.60456906812341,1.95594302672532,Historical,World Bank API,6.60456906812341,1.95594302672532,6.465387950520207
2019-01-01,Burkina Faso,BFA,5.88920497068135,-3.23338933983322,Historical,World Bank API,5.88920497068135,-3.23338933983322,-10.831351600132788
2020-01-01,Burkina Faso,BFA,2.01077262406221,1.88470066518847,Historical,World Bank API,2.01077262406221,1.88470066518847,-65.85663711702033
2021-01-01,Burkina Faso,BFA,6.94252492572348,3.65326761825509,Historical,World Bank API,6.94252492572348,3.65326761825509,245.26653300550848
2022-01-01,Burkina Faso,BFA,1.62673258211919,14.2902354303358,Historical,World Bank API,1.62673258211919,14.2902354303358,-76.56857412075236
2023-01-01,Burkina Faso,BFA,3.00027415814125,0.742910428668918,Historical,World Bank API,3.00027415814125,0.742910428668918,84.43560983039443
2024-01-01,Burkina Faso,BFA,4.79980951667159,4.19081721344523,Historical,World Bank API,4.79980951667159,4.19081721344523,59.97903070448736
2000-01-01,Burundi,BDI,-0.856864058424151,24.4320242102151,Historical,World Bank API,-0.856864058424151,24.4320242102151,
2001-01-01,Burundi,BDI,2.05580710835243,9.29618771341889,Historical,World Bank API,2.05580710835243,9.29618771341889,-339.92220097704194
2002-01-01,Burundi,BDI,4.44651941224797,-1.3656800532806,Historical,World Bank API,4.44651941224797,-1.3656800532806,116.2906915820284
2003-01-01,Burundi,BDI,-1.22372796023444,10.6474645658306,Historical,World Bank API,-1.22372796023444,10.6474645658306,-127.52103042356393
2004-01-01,Burundi,BDI,4.83365776809453,8.17642937482053,Historical,World Bank API,4.83365776809453,8.17642937482053,-494.99446978138053
2005-01-01,Burundi,BDI,0.900000000901912,13.2520699188224,Historical,World Bank API,0.900000000901912,13.2520699188224,-81.3805601455169
2006-01-01,Burundi,BDI,5.41380714491444,2.74542000214241,Historical,World Bank API,5.41380714491444,2.74542000214241,501.53412660990347
2007-01-01,Burundi,BDI,3.44449364663615,8.41206285772544,Historical,World Bank API,3.44449364663615,8.41206285772544,-36.37576008092939
2008-01-01,Burundi,BDI,4.90874190813545,24.4069510353914,Historical,World Bank API,4.90874190813545,24.4069510353914,42.5098261664459
2009-01-01,Burundi,BDI,3.7870758305051,10.5554355299529,Historical,World Bank API,3.7870758305051,10.5554355299529,-22.85037793026701
2010-01-01,Burundi,BDI,5.09373697323055,6.49326591473993,Historical,World Bank API,5.09373697323055,6.49326591473993,34.503168175303614
2011-01-01,Burundi,BDI,4.02442793864228,9.5921660597967,Historical,World Bank API,4.02442793864228,9.5921660597967,-20.992623690777133
2012-01-01,Burundi,BDI,4.42303118490126,18.1610453065451,Historical,World Bank API,4.42303118490126,18.1610453065451,9.904593953133546
2013-01-01,Burundi,BDI,4.92392485117456,7.93795807492418,Historical,World Bank API,4.92392485117456,7.93795807492418,11.324669561073474
2014-01-01,Burundi,BDI,4.24490803087248,4.40535234185293,Historical,World Bank API,4.24490803087248,4.40535234185293,-13.79015400976532
2015-01-01,Burundi,BDI,-0.404525595204191,5.54468891259779,Historical,World Bank API,-0.404525595204191,5.54468891259779,-109.5296668917712
2016-01-01,Burundi,BDI,3.20017470604286,5.55768961400965,Historical,World Bank API,3.20017470604286,5.55768961400965,-891.0932568871244
2017-01-01,Burundi,BDI,3.83185756925806,16.0525353030392,Historical,World Bank API,3.83185756925806,16.0525353030392,19.739011811523888
2018-01-01,Burundi,BDI,5.3422447312502,-2.81469807668465,Historical,World Bank API,5.3422447312502,-2.81469807668465,39.416578896605145
2019-01-01,Burundi,BDI,4.45934202358784,-0.686772170797359,Historical,World Bank API,4.45934202358784,-0.686772170797359,-16.526811332653836
2020-01-01,Burundi,BDI,0.306443809481593,7.32110643415521,Historical,World Bank API,0.306443809481593,7.32110643415521,-93.12804876009402
2021-01-01,Burundi,BDI,3.23707479823578,8.40453845076341,Historical,World Bank API,3.23707479823578,8.40453845076341,956.3355166847382
2022-01-01,Burundi,BDI,2.31770122223331,18.8008786664945,Historical,World Bank API,2.31770122223331,18.8008786664945,-28.401369548319757
2023-01-01,Burundi,BDI,3.254768974261,26.9414835762453,Historical,World Bank API,3.254768974261,26.9414835762453,40.43091245060235
2024-01-01,Burundi,BDI,4.11227376264944,20.2124925027847,Historical,World Bank API,4.11227376264944,20.2124925027847,26.346103061988813
2000-01-01,Cabo Verde,CPV,14.2848688450919,-2.47745668519835,Historical,World Bank API,14.2848688450919,-2.47745668519835,
2001-01-01,Cabo Verde,CPV,2.23165454528898,3.34996472317894,Historical,World Bank API,2.23165454528898,3.34996472317894,-84.37749362987152
2002-01-01,Cabo Verde,CPV,5.25089116960211,1.88453410076765,Historical,World Bank API,5.25089116960211,1.88453410076765,135.29139761737477
2003-01-01,Cabo Verde,CPV,4.17625932578332,1.18817038620528,Historical,World Bank API,4.17625932578332,1.18817038620528,-20.465703994017858
2004-01-01,Cabo Verde,CPV,10.197072633926,-1.8908217230618,Historical,World Bank API,10.197072633926,-1.8908217230618,144.1676112154119
2005-01-01,Cabo Verde,CPV,6.91245795720201,0.41889161285517,Historical,World Bank API,6.91245795720201,0.41889161285517,-32.21134922385438
2006-01-01,Cabo Verde,CPV,7.98375044795048,5.36907687065549,Historical,World Bank API,7.98375044795048,5.36907687065549,15.497996477972098
2007-01-01,Cabo Verde,CPV,15.1706879735517,4.41099704193489,Historical,World Bank API,15.1706879735517,4.41099704193489,90.01956627346976
2008-01-01,Cabo Verde,CPV,7.03901129565128,6.77443546371143,Historical,World Bank API,7.03901129565128,6.77443546371143,-53.601238731407804
2009-01-01,Cabo Verde,CPV,-1.50358672385678,0.991103480568085,Historical,World Bank API,-1.50358672385678,0.991103480568085,-121.3607658903133
2010-01-01,Cabo Verde,CPV,1.83641914989978,2.07866470906424,Historical,World Bank API,1.83641914989978,2.07866470906424,-222.13589816683586
2011-01-01,Cabo Verde,CPV,3.92471821338283,4.47388342165023,Historical,World Bank API,3.92471821338283,4.47388342165023,113.7158182867466
2012-01-01,Cabo Verde,CPV,1.08364848376166,2.54039644167109,Historical,World Bank API,1.08364848376166,2.54039644167109,-72.38913917267881
2013-01-01,Cabo Verde,CPV,0.632136727385131,1.50654285701407,Historical,World Bank API,0.632136727385131,1.50654285701407,-41.66588733730332
2014-01-01,Cabo Verde,CPV,0.696666840118581,-0.238778144990624,Historical,World Bank API,0.696666840118581,-0.238778144990624,10.208252414059604
2015-01-01,Cabo Verde,CPV,0.936026507808833,0.131187999024545,Historical,World Bank API,0.936026507808833,0.131187999024545,34.35783848266843
2016-01-01,Cabo Verde,CPV,4.28071482662371,-1.40781637091706,Historical,World Bank API,4.28071482662371,-1.40781637091706,357.32837595000785
2017-01-01,Cabo Verde,CPV,4.5513148102974,0.784415251101334,Historical,World Bank API,4.5513148102974,0.784415251101334,6.321373757268445
2018-01-01,Cabo Verde,CPV,3.70696458310842,1.25699566690509,Historical,World Bank API,3.70696458310842,1.25699566690509,-18.551786953489323
2019-01-01,Cabo Verde,CPV,6.94782634051859,1.10666674296063,Historical,World Bank API,6.94782634051859,1.10666674296063,87.42629406760057
2020-01-01,Cabo Verde,CPV,-20.8052758990735,0.605795808395385,Historical,World Bank API,-20.8052758990735,0.605795808395385,-399.4501428128755
2021-01-01,Cabo Verde,CPV,7.03353010694514,1.86215297494647,Historical,World Bank API,7.03353010694514,1.86215297494647,-133.80647361306254
2022-01-01,Cabo Verde,CPV,15.843675684642,7.93092925430087,Historical,World Bank API,15.843675684642,7.93092925430087,125.25922891831276
2023-01-01,Cabo Verde,CPV,4.7947613911073,3.72437517668748,Historical,World Bank API,4.7947613911073,3.72437517668748,-69.73706426119868
2024-01-01,Cabo Verde,CPV,7.24388538990945,1.04817001091965,Historical,World Bank API,7.24388538990945,1.04817001091965,51.07916325814392
2000-01-01,Cambodia,KHM,9.99358032292079,-0.791992529473567,Historical,World Bank API,9.99358032292079,-0.791992529473567,
2001-01-01,Cambodia,KHM,7.38971065070517,-0.600648300123686,Historical,World Bank API,7.38971065070517,-0.600648300123686,-26.055423462635417
2002-01-01,Cambodia,KHM,6.26507280509637,0.211466568022607,Historical,World Bank API,6.26507280509637,0.211466568022607,-15.218969980935315
2003-01-01,Cambodia,KHM,10.2836813071691,0.94174611779921,Historical,World Bank API,10.2836813071691,0.94174611779921,64.14304553338572
2004-01-01,Cambodia,KHM,9.45769481103929,4.31933677434786,Historical,World Bank API,9.45769481103929,4.31933677434786,-8.032011800618388
2005-01-01,Cambodia,KHM,13.3033338358455,6.61525912001587,Historical,World Bank API,13.3033338358455,6.61525912001587,40.661483602933245
2006-01-01,Cambodia,KHM,10.9433600681694,5.81068550464306,Historical,World Bank API,10.9433600681694,5.81068550464306,-17.73971695213128
2007-01-01,Cambodia,KHM,10.398458101201,8.70882770568049,Historical,World Bank API,10.398458101201,8.70882770568049,-4.979293046870847
2008-01-01,Cambodia,KHM,7.47636606631011,24.096851930605,Historical,World Bank API,7.47636606631011,24.096851930605,-28.101205067637814
2009-01-01,Cambodia,KHM,4.07477850599065,-1.24171754189637,Historical,World Bank API,4.07477850599065,-1.24171754189637,-45.49787330034098
2010-01-01,Cambodia,KHM,5.07691843229247,3.99639528107218,Historical,World Bank API,5.07691843229247,3.99639528107218,24.59372760577039
2011-01-01,Cambodia,KHM,7.28665813879552,5.4784474961745,Historical,World Bank API,7.28665813879552,5.4784474961745,43.52521585628957
2012-01-01,Cambodia,KHM,7.65025657870362,2.93431609293951,Historical,World Bank API,7.65025657870362,2.93431609293951,4.989920385755919
2013-01-01,Cambodia,KHM,7.8574997554252,2.94162509547349,Historical,World Bank API,7.8574997554252,2.94162509547349,2.7089702755655587
2014-01-01,Cambodia,KHM,8.00032074618566,3.85568861424207,Historical,World Bank API,8.00032074618566,3.85568861424207,1.8176391372058065
2015-01-01,Cambodia,KHM,7.20703472529512,1.22393195511119,Historical,World Bank API,7.20703472529512,1.22393195511119,-9.915677709156313
2016-01-01,Cambodia,KHM,7.90550116130704,3.01913975139128,Historical,World Bank API,7.90550116130704,3.01913975139128,9.691453734230727
2017-01-01,Cambodia,KHM,8.07503915535979,2.91263557371478,Historical,World Bank API,8.07503915535979,2.91263557371478,2.144557196228658
2018-01-01,Cambodia,KHM,8.77622376224463,2.45908515380146,Historical,World Bank API,8.77622376224463,2.45908515380146,8.68335859918934
2019-01-01,Cambodia,KHM,7.93695013588524,1.94257500833107,Historical,World Bank API,7.93695013588524,1.94257500833107,-9.563038148251756
2020-01-01,Cambodia,KHM,-3.55572193406549,2.9402951426397,Historical,World Bank API,-3.55572193406549,2.9402951426397,-144.7996002644523
2021-01-01,Cambodia,KHM,3.08984284148661,2.92073477592949,Historical,World Bank API,3.08984284148661,2.92073477592949,-186.89776362669028
2022-01-01,Cambodia,KHM,5.12990110773977,5.34370264895437,Historical,World Bank API,5.12990110773977,5.34370264895437,66.02466115304529
2023-01-01,Cambodia,KHM,5.00733043811898,2.12746796594194,Historical,World Bank API,5.00733043811898,2.12746796594194,-2.389337865321828
2024-01-01,Cambodia,KHM,5.97510939607335,0.808042016536654,Historical,World Bank API,5.97510939607335,0.808042016536654,19.327243726258246
2000-01-01,Cameroon,CMR,3.83241779430614,1.22719012976132,Historical,World Bank API,3.83241779430614,1.22719012976132,
2001-01-01,Cameroon,CMR,4.32426119221549,4.41977245881146,Historical,World Bank API,4.32426119221549,4.41977245881146,12.833762504706204
2002-01-01,Cameroon,CMR,4.47702683369155,2.83442260128067,Historical,World Bank API,4.47702683369155,2.83442260128067,3.532757034914269
2003-01-01,Cameroon,CMR,5.45315368881347,0.623163557374316,Historical,World Bank API,5.45315368881347,0.623163557374316,21.803015514138657
2004-01-01,Cameroon,CMR,7.04886281858374,0.233647380067584,Historical,World Bank API,7.04886281858374,0.233647380067584,29.262133818888824
2005-01-01,Cameroon,CMR,2.22827020924117,2.01353950175986,Historical,World Bank API,2.22827020924117,2.01353950175986,-68.38823131347483
2006-01-01,Cameroon,CMR,3.80958327566137,5.11757816019469,Historical,World Bank API,3.80958327566137,5.11757816019469,70.96594748079099
2007-01-01,Cameroon,CMR,4.32758900972871,0.921402245650095,Historical,World Bank API,4.32758900972871,0.921402245650095,13.597438265144902
2008-01-01,Cameroon,CMR,2.8476778892105,5.33780627627498,Historical,World Bank API,2.8476778892105,5.33780627627498,-34.197127250098625
2009-01-01,Cameroon,CMR,2.57925177738754,3.04361847939999,Historical,World Bank API,2.57925177738754,3.04361847939999,-9.426140254134552
2010-01-01,Cameroon,CMR,2.89902472122014,1.27538046242338,Historical,World Bank API,2.89902472122014,1.27538046242338,12.397895646949596
2011-01-01,Cameroon,CMR,3.37921128506045,2.93969946305091,Historical,World Bank API,3.37921128506045,2.93969946305091,16.56372780561215
2012-01-01,Cameroon,CMR,4.62597872209571,2.73529677529539,Historical,World Bank API,4.62597872209571,2.73529677529539,36.89521997476868
2013-01-01,Cameroon,CMR,4.99552916130783,2.05034718001741,Historical,World Bank API,4.99552916130783,2.05034718001741,7.98858925673358
2014-01-01,Cameroon,CMR,5.71981814509198,1.85489850366777,Historical,World Bank API,5.71981814509198,1.85489850366777,14.498743984802044
2015-01-01,Cameroon,CMR,5.66695298703932,2.676235314199,Historical,World Bank API,5.66695298703932,2.676235314199,-0.9242454342367923
2016-01-01,Cameroon,CMR,4.53579423678801,0.874190383288856,Historical,World Bank API,4.53579423678801,0.874190383288856,-19.960616451880608
2017-01-01,Cameroon,CMR,3.54117654926007,0.64040914988195,Historical,World Bank API,3.54117654926007,0.64040914988195,-21.928192409192516
2018-01-01,Cameroon,CMR,3.95551423892049,1.0688581131292,Historical,World Bank API,3.95551423892049,1.0688581131292,11.700565727145019
2019-01-01,Cameroon,CMR,3.47505998194981,2.45280214062732,Historical,World Bank API,3.47505998194981,2.45280214062732,-12.146442357436749
2020-01-01,Cameroon,CMR,0.259932915907115,2.43760882182236,Historical,World Bank API,0.259932915907115,2.43760882182236,-92.52004520044946
2021-01-01,Cameroon,CMR,3.33885747179505,2.27185762503637,Historical,World Bank API,3.33885747179505,2.27185762503637,1184.50737381339
2022-01-01,Cameroon,CMR,3.7367840056412,6.24767713343861,Historical,World Bank API,3.7367840056412,6.24767713343861,11.918044936258232
2023-01-01,Cameroon,CMR,3.34756290750219,7.38281384280984,Historical,World Bank API,3.34756290750219,7.38281384280984,-10.415937810465525
2024-01-01,Cameroon,CMR,3.52472308052245,4.53331349711606,Historical,World Bank API,3.52472308052245,4.53331349711606,5.292213407647339
2000-01-01,Canada,CAN,5.1385391803606,2.71943995691976,Historical,World Bank API,5.1385391803606,2.71943995691976,
2001-01-01,Canada,CAN,1.87509810696022,2.52512013979906,Historical,World Bank API,1.87509810696022,2.52512013979906,-63.50912115009633
2002-01-01,Canada,CAN,2.99925535017809,2.25839440940855,Historical,World Bank API,2.99925535017809,2.25839440940855,59.95191606482266
2003-01-01,Canada,CAN,1.80638512302554,2.75856321360112,Historical,World Bank API,1.80638512302554,2.75856321360112,-39.77221302886797
2004-01-01,Canada,CAN,3.09236384292251,1.85725871857256,Historical,World Bank API,3.09236384292251,1.85725871857256,71.19072801834561
2005-01-01,Canada,CAN,3.21045439063563,2.21355203439767,Historical,World Bank API,3.21045439063563,2.21355203439767,3.818779215886692
2006-01-01,Canada,CAN,2.63794375007348,2.00202539534161,Historical,World Bank API,2.63794375007348,2.00202539534161,-17.83269814491275
2007-01-01,Canada,CAN,2.04990463726786,2.13838399266837,Historical,World Bank API,2.04990463726786,2.13838399266837,-22.291571334272774
2008-01-01,Canada,CAN,0.995406301140747,2.37027067444299,Historical,World Bank API,0.995406301140747,2.37027067444299,-51.44133619467111
2009-01-01,Canada,CAN,-2.91508621550267,0.299466803009299,Historical,World Bank API,-2.91508621550267,0.299466803009299,-392.8539041958995
2010-01-01,Canada,CAN,3.09080634469335,1.77687154092627,Historical,World Bank API,3.09080634469335,1.77687154092627,-206.02795650626683
2011-01-01,Canada,CAN,3.13719442170364,2.91213508872351,Historical,World Bank API,3.13719442170364,2.91213508872351,1.5008406168809163
2012-01-01,Canada,CAN,1.75566129145483,1.51567823124517,Historical,World Bank API,1.75566129145483,1.51567823124517,-44.0372174797689
2013-01-01,Canada,CAN,2.32581354806429,0.938291897815317,Historical,World Bank API,2.32581354806429,0.938291897815317,32.47507132409366
2014-01-01,Canada,CAN,2.87346677785811,1.90663590717861,Historical,World Bank API,2.87346677785811,1.90663590717861,23.546738312261372
2015-01-01,Canada,CAN,0.649971001734855,1.12524136094277,Historical,World Bank API,0.649971001734855,1.12524136094277,-77.38024999128943
2016-01-01,Canada,CAN,1.03855092490855,1.42875954701085,Historical,World Bank API,1.03855092490855,1.42875954701085,59.78419377734176
2017-01-01,Canada,CAN,3.03383491200222,1.59688412852977,Historical,World Bank API,3.03383491200222,1.59688412852977,192.1219209611089
2018-01-01,Canada,CAN,2.74296344906655,2.26822567248103,Historical,World Bank API,2.74296344906655,2.26822567248103,-9.587583747057128
2019-01-01,Canada,CAN,1.90843194590616,1.94926902411593,Historical,World Bank API,1.90843194590616,1.94926902411593,-30.42444854467117
2020-01-01,Canada,CAN,-5.03823343468899,0.716999632307827,Historical,World Bank API,-5.03823343468899,0.716999632307827,-363.9985903346813
2021-01-01,Canada,CAN,5.95052802804381,3.39519318527528,Historical,World Bank API,5.95052802804381,3.39519318527528,-218.1074300184969
2022-01-01,Canada,CAN,4.18903628100851,6.80280115341613,Historical,World Bank API,4.18903628100851,6.80280115341613,-29.6022762809232
2023-01-01,Canada,CAN,1.52874550838358,3.87900159788426,Historical,World Bank API,1.52874550838358,3.87900159788426,-63.506033229783
2024-01-01,Canada,CAN,1.55479521049516,2.38158383281173,Historical,World Bank API,1.55479521049516,2.38158383281173,1.7039920620354643
2007-01-01,Cayman Islands,CYM,3.16262533840754,,Historical,World Bank API,3.16262533840754,6.747787530076212,
2008-01-01,Cayman Islands,CYM,-0.357401372925935,,Historical,World Bank API,-0.357401372925935,6.747787530076212,-111.30078130297582
2009-01-01,Cayman Islands,CYM,-7.20048278238133,,Historical,World Bank API,-7.20048278238133,6.747787530076212,1914.676866916653
2010-01-01,Cayman Islands,CYM,-2.71563682344265,0.276140861750108,Historical,World Bank API,-2.71563682344265,0.276140861750108,-62.28535078109666
2011-01-01,Cayman Islands,CYM,1.16906269526342,1.32543575779664,Historical,World Bank API,1.16906269526342,1.32543575779664,-143.0493019232735
2012-01-01,Cayman Islands,CYM,1.22975368307725,1.18894845245608,Historical,World Bank API,1.22975368307725,1.18894845245608,5.191422843250915
2013-01-01,Cayman Islands,CYM,1.2793305928175,2.16061146813391,Historical,World Bank API,1.2793305928175,2.16061146813391,4.031450397139058
2014-01-01,Cayman Islands,CYM,2.65452932151371,1.27397911533388,Historical,World Bank API,2.65452932151371,1.27397911533388,107.49361708513337
2015-01-01,Cayman Islands,CYM,2.83312242670048,-2.34752770165615,Historical,World Bank API,2.83312242670048,-2.34752770165615,6.727863344335927
2016-01-01,Cayman Islands,CYM,3.23997361448569,-0.62525835861814,Historical,World Bank API,3.23997361448569,-0.62525835861814,14.360522649882013
2017-01-01,Cayman Islands,CYM,3.18404730726789,,Historical,World Bank API,3.18404730726789,6.747787530076212,-1.7261346502254638
2018-01-01,Cayman Islands,CYM,4.26726567162505,,Historical,World Bank API,4.26726567162505,6.747787530076212,34.02017180726591
2019-01-01,Cayman Islands,CYM,3.91563637725301,,Historical,World Bank API,3.91563637725301,6.747787530076212,-8.240154736795036
2020-01-01,Cayman Islands,CYM,-4.95480732200573,,Historical,World Bank API,-4.95480732200573,6.747787530076212,-226.5390052761167
2021-01-01,Cayman Islands,CYM,4.86941655353661,,Historical,World Bank API,4.86941655353661,6.747787530076212,-198.27660768785344
2022-01-01,Cayman Islands,CYM,5.77566708028824,,Historical,World Bank API,5.77566708028824,6.747787530076212,18.61107006944045
2023-01-01,Cayman Islands,CYM,5.8155918263088,,Historical,World Bank API,5.8155918263088,6.747787530076212,0.6912577450459034
2000-01-01,Central African Republic,CAF,-2.48943244028874,3.20340091563112,Historical,World Bank API,-2.48943244028874,3.20340091563112,
2001-01-01,Central African Republic,CAF,4.46473902640867,3.83486060237362,Historical,World Bank API,4.46473902640867,3.83486060237362,-279.3476679323268
2002-01-01,Central African Republic,CAF,3.61654219150596,2.33181703516235,Historical,World Bank API,3.61654219150596,2.33181703516235,-18.99768004099848
2003-01-01,Central African Republic,CAF,-5.39748521855877,4.13470905150996,Historical,World Bank API,-5.39748521855877,4.13470905150996,-249.24435919026865
2004-01-01,Central African Republic,CAF,5.99488422798696,-2.06640601136303,Historical,World Bank API,5.99488422798696,-2.06640601136303,-211.06809903571548
2005-01-01,Central African Republic,CAF,0.908210514871953,2.88352073359022,Historical,World Bank API,0.908210514871953,2.88352073359022,-84.85024096658955
2006-01-01,Central African Republic,CAF,4.77108543044105,6.69526465773354,Historical,World Bank API,4.77108543044105,6.69526465773354,425.3281427944838
2007-01-01,Central African Republic,CAF,4.60753485452025,0.95991761945711,Historical,World Bank API,4.60753485452025,0.95991761945711,-3.427953204889078
2008-01-01,Central African Republic,CAF,2.05413096200485,9.25895099417076,Historical,World Bank API,2.05413096200485,9.25895099417076,-55.41800492318289
2009-01-01,Central African Republic,CAF,8.58726042640994,3.52126227238643,Historical,World Bank API,8.58726042640994,3.52126227238643,318.04834186563744
2010-01-01,Central African Republic,CAF,4.63081843223307,1.49102370047802,Historical,World Bank API,4.63081843223307,1.49102370047802,-46.073390088518984
2011-01-01,Central African Republic,CAF,4.19461533741989,1.1944757244985,Historical,World Bank API,4.19461533741989,1.1944757244985,-9.419568078440832
2012-01-01,Central African Republic,CAF,5.05376125356918,5.47829594346117,Historical,World Bank API,5.05376125356918,5.47829594346117,20.482114497720573
2013-01-01,Central African Republic,CAF,-36.3919770983887,6.98879341970198,Historical,World Bank API,-36.3919770983887,6.98879341970198,-820.0968797781485
2014-01-01,Central African Republic,CAF,0.0810705153264877,14.898684179755,Historical,World Bank API,0.0810705153264877,14.898684179755,-100.22277029661595
2015-01-01,Central African Republic,CAF,4.33712103020231,1.40297017136816,Historical,World Bank API,4.33712103020231,1.40297017136816,5249.813076598598
2016-01-01,Central African Republic,CAF,4.75031684122342,4.94543276106518,Historical,World Bank API,4.75031684122342,4.94543276106518,9.526960583846922
2017-01-01,Central African Republic,CAF,4.52727821346231,4.18072331871267,Historical,World Bank API,4.52727821346231,4.18072331871267,-4.695236869793029
2018-01-01,Central African Republic,CAF,3.78944359275462,1.61215686991555,Historical,World Bank API,3.78944359275462,1.61215686991555,-16.29753211352608
2019-01-01,Central African Republic,CAF,3.09999999999999,2.68537355266787,Historical,World Bank API,3.09999999999999,2.68537355266787,-18.19379483766006
2020-01-01,Central African Republic,CAF,0.899999996857062,1.71015659523153,Historical,World Bank API,0.899999996857062,1.71015659523153,-70.96774203686887
2021-01-01,Central African Republic,CAF,0.982919996264229,4.25936417542868,Historical,World Bank API,0.982919996264229,4.25936417542868,9.21333329963736
2022-01-01,Central African Republic,CAF,0.453901876447787,5.58316735183247,Historical,World Bank API,0.453901876447787,5.58316735183247,-53.82107616358138
2023-01-01,Central African Republic,CAF,0.69996840076054,2.97913852618937,Historical,World Bank API,0.69996840076054,2.97913852618937,54.21139173040152
2024-01-01,Central African Republic,CAF,1.49999999847535,1.47733600718744,Historical,World Bank API,1.49999999847535,1.47733600718744,114.29538774115345
2000-01-01,Chad,TCD,-0.879681024403922,3.82260088086306,Historical,World Bank API,-0.879681024403922,3.82260088086306,
2001-01-01,Chad,TCD,11.6581346546737,12.4312865279941,Historical,World Bank API,11.6581346546737,12.4312865279941,-1425.2684019839276
2002-01-01,Chad,TCD,8.49120981920397,5.19181895195446,Historical,World Bank API,8.49120981920397,5.19181895195446,-27.16493615211524
2003-01-01,Chad,TCD,14.7216670128899,-1.75256941248655,Historical,World Bank API,14.7216670128899,-1.75256941248655,73.37537672894321
2004-01-01,Chad,TCD,33.6293718505196,-5.35540028884816,Historical,World Bank API,33.6293718505196,-5.35540028884816,128.43453680262306
2005-01-01,Chad,TCD,17.3325337353466,7.89036567462993,Historical,World Bank API,17.3325337353466,7.89036567462993,-48.46013237360304
2006-01-01,Chad,TCD,-0.542829570704413,8.03628897951331,Historical,World Bank API,-0.542829570704413,8.03628897951331,-103.1318535362052
2007-01-01,Chad,TCD,4.20017418206496,-8.9747396200927,Historical,World Bank API,4.20017418206496,-8.9747396200927,-873.7555963678482
2008-01-01,Chad,TCD,3.08119033861925,10.2969758221254,Historical,World Bank API,3.08119033861925,10.2969758221254,-26.64136759432145
2009-01-01,Chad,TCD,-1.40828262674047,9.95242290748864,Historical,World Bank API,-1.40828262674047,9.95242290748864,-145.70579782395242
2010-01-01,Chad,TCD,13.6738272741836,-2.07786574641866,Historical,World Bank API,13.6738272741836,-2.07786574641866,-1070.9576057067645
2011-01-01,Chad,TCD,4.49542966941512,2.0292405367826,Historical,World Bank API,4.49542966941512,2.0292405367826,-67.12383753813708
2012-01-01,Chad,TCD,9.0618039227671,7.51662364663833,Historical,World Bank API,9.0618039227671,7.51662364663833,101.57814912375413
2013-01-01,Chad,TCD,2.83821524768997,0.222671564624551,Historical,World Bank API,2.83821524768997,0.222671564624551,-68.67935709181295
2014-01-01,Chad,TCD,2.06283074347695,1.6819731392567,Historical,World Bank API,2.06283074347695,1.6819731392567,-27.319439737493724
2015-01-01,Chad,TCD,3.30415979759636,4.37712665065654,Historical,World Bank API,3.30415979759636,4.37712665065654,60.176001256754596
2016-01-01,Chad,TCD,-4.12250332670322,-0.792440525236102,Historical,World Bank API,-4.12250332670322,-0.792440525236102,-224.76706876290217
2017-01-01,Chad,TCD,-1.61746922760291,-1.5370996298084,Historical,World Bank API,-1.61746922760291,-1.5370996298084,-60.76487756538924
2018-01-01,Chad,TCD,5.74111580758154,4.27462198610545,Historical,World Bank API,5.74111580758154,4.27462198610545,-454.9443605854485
2019-01-01,Chad,TCD,5.3828220290379,-0.971939175419401,Historical,World Bank API,5.3828220290379,-0.971939175419401,-6.240838724599285
2020-01-01,Chad,TCD,-0.393646583111035,4.46414437232861,Historical,World Bank API,-0.393646583111035,4.46414437232861,-107.31301501308215
2021-01-01,Chad,TCD,0.29344264815208,-0.77284437035914,Historical,World Bank API,0.29344264815208,-0.77284437035914,-174.5446958622042
2022-01-01,Chad,TCD,4.12969897676332,5.78802687843616,Historical,World Bank API,4.12969897676332,5.78802687843616,1307.3274633968874
2023-01-01,Chad,TCD,3.98004368401293,10.8363568399843,Historical,World Bank API,3.98004368401293,10.8363568399843,-3.6238789701733554
2024-01-01,Chad,TCD,4.19925854085865,8.89950732263754,Historical,World Bank API,4.19925854085865,8.89950732263754,5.5078505225021335
2010-01-01,Channel Islands,CHI,-3.60663231572742,,Historical,World Bank API,-3.60663231572742,6.747787530076212,
2011-01-01,Channel Islands,CHI,1.12504310895372,,Historical,World Bank API,1.12504310895372,6.747787530076212,-131.19372895450837
2012-01-01,Channel Islands,CHI,-5.75366122139113,,Historical,World Bank API,-5.75366122139113,6.747787530076212,-611.4169559904226
2013-01-01,Channel Islands,CHI,0.493931120528785,,Historical,World Bank API,0.493931120528785,6.747787530076212,-108.5846403102851
2014-01-01,Channel Islands,CHI,2.42710178482311,,Historical,World Bank API,2.42710178482311,6.747787530076212,391.3846655834808
2015-01-01,Channel Islands,CHI,0.374367083829384,,Historical,World Bank API,0.374367083829384,6.747787530076212,-84.57555071771874
2016-01-01,Channel Islands,CHI,1.21302407657195,,Historical,World Bank API,1.21302407657195,6.747787530076212,224.01996034586733
2017-01-01,Channel Islands,CHI,1.80648131383585,,Historical,World Bank API,1.80648131383585,6.747787530076212,48.92378055191053
2018-01-01,Channel Islands,CHI,1.1222435658518,,Historical,World Bank API,1.1222435658518,6.747787530076212,-37.876824008278945
2019-01-01,Channel Islands,CHI,1.57335596156342,,Historical,World Bank API,1.57335596156342,6.747787530076212,40.1973697545077
2020-01-01,Channel Islands,CHI,-8.89677926591959,,Historical,World Bank API,-8.89677926591959,6.747787530076212,-665.4651257099503
2021-01-01,Channel Islands,CHI,9.93680136985076,,Historical,World Bank API,9.93680136985076,6.747787530076212,-211.6898719507983
2022-01-01,Channel Islands,CHI,5.34196140375869,,Historical,World Bank API,5.34196140375869,6.747787530076212,-46.24063413437316
2023-01-01,Channel Islands,CHI,3.71500590367266,,Historical,World Bank API,3.71500590367266,6.747787530076212,-30.4561447962031
2000-01-01,Chile,CHL,4.9716214882971,3.84327295706565,Historical,World Bank API,4.9716214882971,3.84327295706565,
2001-01-01,Chile,CHL,3.15403492459967,3.56910053001467,Historical,World Bank API,3.15403492459967,3.56910053001467,-36.55923058454712
2002-01-01,Chile,CHL,3.20279913520113,2.48939816650705,Historical,World Bank API,3.20279913520113,2.48939816650705,1.5460897474890656
2003-01-01,Chile,CHL,4.72324526861041,2.8101787574361,Historical,World Bank API,4.72324526861041,2.8101787574361,47.47241613432615
2004-01-01,Chile,CHL,6.67425416822923,1.05473871403517,Historical,World Bank API,6.67425416822923,1.05473871403517,41.306533721311745
2005-01-01,Chile,CHL,5.83704571917758,3.05257621387849,Historical,World Bank API,5.83704571917758,3.05257621387849,-12.543850263253798
2006-01-01,Chile,CHL,6.04999082563968,3.39201733699405,Historical,World Bank API,6.04999082563968,3.39201733699405,3.648165813786064
2007-01-01,Chile,CHL,5.16823098528431,4.40779938398044,Historical,World Bank API,5.16823098528431,4.40779938398044,-14.574564916999522
2008-01-01,Chile,CHL,3.78939280635238,8.71626873039607,Historical,World Bank API,3.78939280635238,8.71626873039607,-26.679112889070655
2009-01-01,Chile,CHL,-1.11803723642878,0.353045178360937,Historical,World Bank API,-1.11803723642878,0.353045178360937,-129.50439011111618
2010-01-01,Chile,CHL,5.85165102224047,1.41071107954321,Historical,World Bank API,5.85165102224047,1.41071107954321,-623.3860583151718
2011-01-01,Chile,CHL,6.22389678509138,3.34121694259302,Historical,World Bank API,6.22389678509138,3.34121694259302,6.361380086339885
2012-01-01,Chile,CHL,6.15534001855494,3.00744840213047,Historical,World Bank API,6.15534001855494,3.00744840213047,-1.1015087316463945
2013-01-01,Chile,CHL,3.30850824710085,1.7895555398459,Historical,World Bank API,3.30850824710085,1.7895555398459,-46.24978901039536
2014-01-01,Chile,CHL,1.79264947139259,4.71867527854672,Historical,World Bank API,1.79264947139259,4.71867527854672,-45.81698646320628
2015-01-01,Chile,CHL,2.15194249981184,4.34877353217044,Historical,World Bank API,2.15194249981184,4.34877353217044,20.042570181896124
2016-01-01,Chile,CHL,1.753038749071,3.78619355893118,Historical,World Bank API,1.753038749071,3.78619355893118,-18.536914939675153
2017-01-01,Chile,CHL,1.35769537343957,2.18271846868519,Historical,World Bank API,1.35769537343957,2.18271846868519,-22.551890301394483
2018-01-01,Chile,CHL,3.99002947789977,2.43488981353057,Historical,World Bank API,3.99002947789977,2.43488981353057,193.8825274031445
2019-01-01,Chile,CHL,0.634367533828438,2.55754475703327,Historical,World Bank API,0.634367533828438,2.55754475703327,-84.10118177466825
2020-01-01,Chile,CHL,-6.14347479224092,3.04549084804326,Historical,World Bank API,-6.14347479224092,3.04549084804326,-1068.4409218051815
2021-01-01,Chile,CHL,11.3149204879049,4.52456838259144,Historical,World Bank API,11.3149204879049,4.52456838259144,-284.177861398494
2022-01-01,Chile,CHL,2.15399356192458,11.643866711056,Historical,World Bank API,2.15399356192458,11.643866711056,-80.96324614718155
2023-01-01,Chile,CHL,0.521367977246825,7.58168251407962,Historical,World Bank API,0.521367977246825,7.58168251407962,-75.79528618548953
2024-01-01,Chile,CHL,2.64431154871538,4.29763891572524,Historical,World Bank API,2.64431154871538,4.29763891572524,407.18718143740443
2000-01-01,China,CHN,8.58643201808462,0.347811226864587,Historical,World Bank API,8.58643201808462,0.347811226864587,
2001-01-01,China,CHN,8.31263887091522,0.719125609120114,Historical,World Bank API,8.31263887091522,0.719125609120114,-3.1886719255767804
2002-01-01,China,CHN,9.24339326638321,-0.731970902350244,Historical,World Bank API,9.24339326638321,-0.731970902350244,11.19685830121373
2003-01-01,China,CHN,10.1181928640117,1.12760348729637,Historical,World Bank API,10.1181928640117,1.12760348729637,9.464052566171777
2004-01-01,China,CHN,10.1314073631003,3.82463743108159,Historical,World Bank API,10.1314073631003,3.82463743108159,0.13060137582077136
2005-01-01,China,CHN,11.458238455067,1.77641407667571,Historical,World Bank API,11.458238455067,1.77641407667571,13.096216985600307
2006-01-01,China,CHN,12.6746751655235,1.6494309945586,Historical,World Bank API,12.6746751655235,1.6494309945586,10.616262833302903
2007-01-01,China,CHN,14.1499854947127,4.81676767378834,Historical,World Bank API,14.1499854947127,4.81676767378834,11.639827529483405
2008-01-01,China,CHN,9.67024588602851,5.92525137041092,Historical,World Bank API,9.67024588602851,5.92525137041092,-31.658969617729248
2009-01-01,China,CHN,9.40269972778044,-0.728165250932898,Historical,World Bank API,9.40269972778044,-0.728165250932898,-2.766694470867781
2010-01-01,China,CHN,10.5962719761682,3.17532475269199,Historical,World Bank API,10.5962719761682,3.17532475269199,12.69393134890111
2011-01-01,China,CHN,9.4613358870736,5.55389892257493,Historical,World Bank API,9.4613358870736,5.55389892257493,-10.710711197741574
2012-01-01,China,CHN,7.85617427055587,2.61952432645541,Historical,World Bank API,7.85617427055587,2.61952432645541,-16.965486012506503
2013-01-01,China,CHN,7.77872409446717,2.62105001748115,Historical,World Bank API,7.77872409446717,2.62105001748115,-0.9858510443050639
2014-01-01,China,CHN,7.46190028229434,1.92164162788521,Historical,World Bank API,7.46190028229434,1.92164162788521,-4.072953460300511
2015-01-01,China,CHN,6.97878002657477,1.43702380935655,Historical,World Bank API,6.97878002657477,1.43702380935655,-6.474493593353447
2016-01-01,China,CHN,6.77555562837017,2.00000182191943,Historical,World Bank API,6.77555562837017,2.00000182191943,-2.9120332985240194
2017-01-01,China,CHN,6.8912663621211,1.59313600071436,Historical,World Bank API,6.8912663621211,1.59313600071436,1.7077674525530329
2018-01-01,China,CHN,6.75671800166833,2.07479039965576,Historical,World Bank API,6.75671800166833,2.07479039965576,-1.9524475384137818
2019-01-01,China,CHN,6.06850235053705,2.89923416358227,Historical,World Bank API,6.06850235053705,2.89923416358227,-10.185650059116714
2020-01-01,China,CHN,2.34018843078414,2.41942189457782,Historical,World Bank API,2.34018843078414,2.41942189457782,-61.43713398121964
2021-01-01,China,CHN,8.57008513166322,0.981015135544882,Historical,World Bank API,8.57008513166322,0.981015135544882,266.21346464787
2022-01-01,China,CHN,3.1341888719577,1.97357555739051,Historical,World Bank API,3.1341888719577,1.97357555739051,-63.428731175865934
2023-01-01,China,CHN,5.41484330099675,0.234836828893051,Historical,World Bank API,5.41484330099675,0.234836828893051,72.76697487648505
2024-01-01,China,CHN,4.9773565917572,0.218128938439177,Historical,World Bank API,4.9773565917572,0.218128938439177,-8.079397406736
2000-01-01,Colombia,COL,2.92486148176778,9.22534818585366,Historical,World Bank API,2.92486148176778,9.22534818585366,
2001-01-01,Colombia,COL,1.67789830787579,7.96556090304834,Historical,World Bank API,1.67789830787579,7.96556090304834,-42.63323858804855
2002-01-01,Colombia,COL,2.50398046659659,6.35150728778872,Historical,World Bank API,2.50398046659659,6.35150728778872,49.23314809028061
2003-01-01,Colombia,COL,3.91827190322513,7.1297886294186,Historical,World Bank API,3.91827190322513,7.1297886294186,56.48172801247306
2004-01-01,Colombia,COL,5.33302206759905,5.90402005546502,Historical,World Bank API,5.33302206759905,5.90402005546502,36.10648263611922
2005-01-01,Colombia,COL,4.82876110773741,5.05101962689696,Historical,World Bank API,4.82876110773741,5.05101962689696,-9.45544483915215
2006-01-01,Colombia,COL,6.71686869844402,4.29342363628927,Historical,World Bank API,6.71686869844402,4.29342363628927,39.10128392314092
2007-01-01,Colombia,COL,6.73819469090975,5.54438485815156,Historical,World Bank API,6.73819469090975,5.54438485815156,0.31749902258280116
2008-01-01,Colombia,COL,3.28344618616541,6.99688495554511,Historical,World Bank API,3.28344618616541,6.99688495554511,-51.2711291854629
2009-01-01,Colombia,COL,1.13964864548062,4.20251661216482,Historical,World Bank API,1.13964864548062,4.20251661216482,-65.29108196496544
2010-01-01,Colombia,COL,4.49465897070922,2.27200227892008,Historical,World Bank API,4.49465897070922,2.27200227892008,294.38988398162866
2011-01-01,Colombia,COL,6.94789198173555,3.4150334477625,Historical,World Bank API,6.94789198173555,3.4150334477625,54.58107115608885
2012-01-01,Colombia,COL,3.91263576716115,3.16930188840055,Historical,World Bank API,3.91263576716115,3.16930188840055,-43.6860017765591
2013-01-01,Colombia,COL,5.13399351995672,2.01699224310383,Historical,World Bank API,5.13399351995672,2.01699224310383,31.21572836005988
2014-01-01,Colombia,COL,4.49903000110972,2.89883787761738,Historical,World Bank API,4.49903000110972,2.89883787761738,-12.367828599291897
2015-01-01,Colombia,COL,2.95590137527523,4.9898311584953,Historical,World Bank API,2.95590137527523,4.9898311584953,-34.29914060261579
2016-01-01,Colombia,COL,2.08738250162794,7.51346024627675,Historical,World Bank API,2.08738250162794,7.51346024627675,-29.38253897481341
2017-01-01,Colombia,COL,1.35936086788746,4.31431325695011,Historical,World Bank API,1.35936086788746,4.31431325695011,-34.8772509673095
2018-01-01,Colombia,COL,2.56432428277704,3.24056932930569,Historical,World Bank API,2.56432428277704,3.24056932930569,88.64190836699424
2019-01-01,Colombia,COL,3.18685539245533,3.52301932741447,Historical,World Bank API,3.18685539245533,3.52301932741447,24.276614071763134
2020-01-01,Colombia,COL,-7.18591413760859,2.52663500084706,Historical,World Bank API,-7.18591413760859,2.52663500084706,-325.4860435343495
2021-01-01,Colombia,COL,10.8011981904878,3.49505757399448,Historical,World Bank API,10.8011981904878,3.49505757399448,-250.31070485462755
2022-01-01,Colombia,COL,7.32827729427979,10.1772313546166,Historical,World Bank API,7.32827729427979,10.1772313546166,-32.15310778452781
2023-01-01,Colombia,COL,0.712380031974334,11.7359044948689,Historical,World Bank API,0.712380031974334,11.7359044948689,-90.2790246142788
2024-01-01,Colombia,COL,1.5983315366523,6.60908593728228,Historical,World Bank API,1.5983315366523,6.60908593728228,124.36501093701145
2000-01-01,Comoros,COM,-1.00701887109655,,Historical,World Bank API,-1.00701887109655,6.747787530076212,
2001-01-01,Comoros,COM,5.41959971808741,5.55459394816812,Historical,World Bank API,5.41959971808741,5.55459394816812,-638.1825379484666
2002-01-01,Comoros,COM,4.59768263263243,3.53304214308078,Historical,World Bank API,4.59768263263243,3.53304214308078,-15.165641896243887
2003-01-01,Comoros,COM,1.93442812313498,3.799081366719,Historical,World Bank API,1.93442812313498,3.799081366719,-57.92601887295966
2004-01-01,Comoros,COM,3.10041210399676,4.47499289078107,Historical,World Bank API,3.10041210399676,4.47499289078107,60.275384074346405
2005-01-01,Comoros,COM,5.66520240193151,3.0133239505812,Historical,World Bank API,5.66520240193151,3.0133239505812,82.72417381639245
2006-01-01,Comoros,COM,-1.75444679449394,3.37436360121204,Historical,World Bank API,-1.75444679449394,3.37436360121204,-130.96882811981746
2007-01-01,Comoros,COM,0.803599788247752,4.46616710098132,Historical,World Bank API,0.803599788247752,4.46616710098132,-145.8035997882481
2008-01-01,Comoros,COM,3.96461118871815,1.7007817628453,Historical,World Bank API,3.96461118871815,1.7007817628453,393.3564252627515
2009-01-01,Comoros,COM,3.24060198483924,4.36234829325719,Historical,World Bank API,3.24060198483924,4.36234829325719,-18.26179590924777
2010-01-01,Comoros,COM,3.77788070743117,3.35475770328919,Historical,World Bank API,3.77788070743117,3.35475770328919,16.57959617088194
2011-01-01,Comoros,COM,4.14356479211455,1.8426630075619,Historical,World Bank API,4.14356479211455,1.8426630075619,9.679609098404619
2012-01-01,Comoros,COM,3.16835627559691,6.31474450315177,Historical,World Bank API,3.16835627559691,6.31474450315177,-23.535495773434512
2013-01-01,Comoros,COM,4.4661636979028,-4.29487331536756,Historical,World Bank API,4.4661636979028,-4.29487331536756,40.96153681648025
2014-01-01,Comoros,COM,2.10666920560958,7.54755379096711,Historical,World Bank API,2.10666920560958,7.54755379096711,-52.83045252911756
2015-01-01,Comoros,COM,1.14747399397193,-0.11717388419007,Historical,World Bank API,1.14747399397193,-0.11717388419007,-45.53136339979393
2016-01-01,Comoros,COM,3.32039987961315,0.797517430888487,Historical,World Bank API,3.32039987961315,0.797517430888487,189.3660245945735
2017-01-01,Comoros,COM,3.81570211280726,-0.237362224154613,Historical,World Bank API,3.81570211280726,-0.237362224154613,14.916945282259686
2018-01-01,Comoros,COM,3.64259587408398,2.15155084413033,Historical,World Bank API,3.64259587408398,2.15155084413033,-4.536681156064448
2019-01-01,Comoros,COM,1.76070164655727,3.58213544469211,Historical,World Bank API,1.76070164655727,3.58213544469211,-51.663546892913516
2020-01-01,Comoros,COM,-0.195577456821965,0.786641929499151,Historical,World Bank API,-0.195577456821965,0.786641929499151,-111.10792718371003
2021-01-01,Comoros,COM,2.0001921183449,-0.0044179368234698,Historical,World Bank API,2.0001921183449,-0.0044179368234698,-1122.7109764320553
2022-01-01,Comoros,COM,2.60301031927843,12.5320314570999,Historical,World Bank API,2.60301031927843,12.5320314570999,30.138015013894993
2023-01-01,Comoros,COM,2.99521564038136,8.37373955490996,Historical,World Bank API,2.99521564038136,8.37373955490996,15.067374808243228
2024-01-01,Comoros,COM,3.3381010943571,5.05192609588218,Historical,World Bank API,3.3381010943571,5.05192609588218,11.447771885034719
2000-01-01,"Congo, Dem. Rep.",COD,-6.91092731652104,513.906843747535,Historical,World Bank API,-6.91092731652104,513.906843747535,
2001-01-01,"Congo, Dem. Rep.",COD,-2.10017302488848,359.936614264586,Historical,World Bank API,-2.10017302488848,359.936614264586,-69.61083616278421
2002-01-01,"Congo, Dem. Rep.",COD,2.94776518359767,31.5225826025495,Historical,World Bank API,2.94776518359767,31.5225826025495,-240.35820614133434
2003-01-01,"Congo, Dem. Rep.",COD,5.57782231144439,12.8739657187405,Historical,World Bank API,5.57782231144439,12.8739657187405,89.2220704173188
2004-01-01,"Congo, Dem. Rep.",COD,6.73837393324293,3.99438400815971,Historical,World Bank API,6.73837393324293,3.99438400815971,20.80653626088733
2005-01-01,"Congo, Dem. Rep.",COD,6.13515115548968,21.3168167229341,Historical,World Bank API,6.13515115548968,21.3168167229341,-8.952052583151037
2006-01-01,"Congo, Dem. Rep.",COD,5.10894433184896,13.0526949745101,Historical,World Bank API,5.10894433184896,13.0526949745101,-16.72667547436837
2007-01-01,"Congo, Dem. Rep.",COD,8.52992974243585,16.945100654195,Historical,World Bank API,8.52992974243585,16.945100654195,66.96071024420056
2008-01-01,"Congo, Dem. Rep.",COD,7.40172337539792,17.3013845700157,Historical,World Bank API,7.40172337539792,17.3013845700157,-13.226443840740876
2009-01-01,"Congo, Dem. Rep.",COD,0.565481557604713,2.79999999999982,Historical,World Bank API,0.565481557604713,2.79999999999982,-92.36013656651532
2010-01-01,"Congo, Dem. Rep.",COD,7.84300782191249,7.10000000000037,Historical,World Bank API,7.84300782191249,7.10000000000037,1286.9608507011587
2011-01-01,"Congo, Dem. Rep.",COD,7.59331721294959,15.316515913949,Historical,World Bank API,7.59331721294959,15.316515913949,-3.1836078024210623
2012-01-01,"Congo, Dem. Rep.",COD,8.66859360531922,9.72182806273364,Historical,World Bank API,8.66859360531922,9.72182806273364,14.160825397045972
2013-01-01,"Congo, Dem. Rep.",COD,9.62448879216879,0.808223101487111,Historical,World Bank API,9.62448879216879,0.808223101487111,11.027108091248095
2014-01-01,"Congo, Dem. Rep.",COD,7.30227750870263,1.24303889760803,Historical,World Bank API,7.30227750870263,1.24303889760803,-24.12815198408965
2015-01-01,"Congo, Dem. Rep.",COD,6.35973756164829,0.74419899478147,Historical,World Bank API,6.35973756164829,0.74419899478147,-12.907479151963896
2016-01-01,"Congo, Dem. Rep.",COD,0.393832798154563,2.88585107289988,Historical,World Bank API,0.393832798154563,2.88585107289988,-93.80740487579976
2017-01-01,"Congo, Dem. Rep.",COD,4.24121047272719,,Historical,World Bank API,4.24121047272719,6.747787530076212,976.9063654933816
2018-01-01,"Congo, Dem. Rep.",COD,6.07168870646615,,Historical,World Bank API,6.07168870646615,6.747787530076212,43.15933494717423
2019-01-01,"Congo, Dem. Rep.",COD,0.555384294580819,,Historical,World Bank API,0.555384294580819,6.747787530076212,-90.85288588676569
2020-01-01,"Congo, Dem. Rep.",COD,0.775427992354622,,Historical,World Bank API,0.775427992354622,6.747787530076212,39.62007927139584
2021-01-01,"Congo, Dem. Rep.",COD,6.42961005647355,,Historical,World Bank API,6.42961005647355,6.747787530076212,729.1691968650434
2022-01-01,"Congo, Dem. Rep.",COD,9.31116944064918,,Historical,World Bank API,9.31116944064918,6.747787530076212,44.8170162555096
2023-01-01,"Congo, Dem. Rep.",COD,8.5334898318451,,Historical,World Bank API,8.5334898318451,6.747787530076212,-8.35211531442026
2024-01-01,"Congo, Dem. Rep.",COD,6.12675551779212,,Historical,World Bank API,6.12675551779212,6.747787530076212,-28.203400501768684
2000-01-01,"Congo, Rep.",COG,7.5759803952642,-0.881991517025431,Historical,World Bank API,7.5759803952642,-0.881991517025431,
2001-01-01,"Congo, Rep.",COG,3.80260189913561,0.0559899218140583,Historical,World Bank API,3.80260189913561,0.0559899218140583,-49.80713121284417
2002-01-01,"Congo, Rep.",COG,4.58187006108889,4.37875971780873,Historical,World Bank API,4.58187006108889,4.37875971780873,20.493025108161312
2003-01-01,"Congo, Rep.",COG,0.813264076303781,-0.631844987363156,Historical,World Bank API,0.813264076303781,-0.631844987363156,-82.25038978712314
2004-01-01,"Congo, Rep.",COG,3.47663162118089,2.42976607961799,Historical,World Bank API,3.47663162118089,2.42976607961799,327.49110928173513
2005-01-01,"Congo, Rep.",COG,7.75575897806648,3.09449011456182,Historical,World Bank API,7.75575897806648,3.09449011456182,123.0825644803898
2006-01-01,"Congo, Rep.",COG,7.98623836334291,6.53784395299604,Historical,World Bank API,7.98623836334291,6.53784395299604,2.971719285349539
2007-01-01,"Congo, Rep.",COG,-6.61399480441001,2.65464645060703,Historical,World Bank API,-6.61399480441001,2.65464645060703,-182.81739792251201
2008-01-01,"Congo, Rep.",COG,6.30637595585259,4.95875092023152,Historical,World Bank API,6.30637595585259,4.95875092023152,-195.34897051397274
2009-01-01,"Congo, Rep.",COG,11.6372888615758,4.41500374795223,Historical,World Bank API,11.6372888615758,4.41500374795223,84.53211389618936
2010-01-01,"Congo, Rep.",COG,9.93126543095578,0.391525011227612,Historical,World Bank API,9.93126543095578,0.391525011227612,-14.659973219819255
2011-01-01,"Congo, Rep.",COG,2.20591936286718,1.75958704273803,Historical,World Bank API,2.20591936286718,1.75958704273803,-77.78813406807834
2012-01-01,"Congo, Rep.",COG,9.94715314257564,5.01018773134471,Historical,World Bank API,9.94715314257564,5.01018773134471,350.9300435010763
2013-01-01,"Congo, Rep.",COG,-0.712434451876447,4.63161619729461,Historical,World Bank API,-0.712434451876447,4.63161619729461,-107.16219446574213
2014-01-01,"Congo, Rep.",COG,6.64606540928447,0.912139545450097,Historical,World Bank API,6.64606540928447,0.912139545450097,-1032.8669313758924
2015-01-01,"Congo, Rep.",COG,0.415193061293763,3.16909796750829,Historical,World Bank API,0.415193061293763,3.16909796750829,-93.75279905139448
2016-01-01,"Congo, Rep.",COG,-8.68524343913786,3.19056179723773,Historical,World Bank API,-8.68524343913786,3.19056179723773,-2191.8565960794704
2017-01-01,"Congo, Rep.",COG,-5.59477371915547,0.450063823285546,Historical,World Bank API,-5.59477371915547,0.450063823285546,-35.5829947846478
2018-01-01,"Congo, Rep.",COG,-2.30431780125842,1.15277896375523,Historical,World Bank API,-2.30431780125842,1.15277896375523,-58.81302949985516
2019-01-01,"Congo, Rep.",COG,1.12447391976529,2.20607305781525,Historical,World Bank API,1.12447391976529,2.20607305781525,-148.79856064780643
2020-01-01,"Congo, Rep.",COG,-6.26777227963225,1.79537147083108,Historical,World Bank API,-6.26777227963225,1.79537147083108,-657.3959670794778
2021-01-01,"Congo, Rep.",COG,1.01507036990908,1.7156427545126,Historical,World Bank API,1.01507036990908,1.7156427545126,-116.19507417663613
2022-01-01,"Congo, Rep.",COG,1.47535613247133,3.04344334698478,Historical,World Bank API,1.47535613247133,3.04344334698478,45.34520720996693
2023-01-01,"Congo, Rep.",COG,1.90686426346754,4.30174563591016,Historical,World Bank API,1.90686426346754,4.30174563591016,29.24772680297889
2024-01-01,"Congo, Rep.",COG,2.57966943921721,3.09143630919166,Historical,World Bank API,2.57966943921721,3.09143630919166,35.283328165488136
2000-01-01,Costa Rica,CRI,3.86871808953644,10.9615496593622,Historical,World Bank API,3.86871808953644,10.9615496593622,
2001-01-01,Costa Rica,CRI,3.49116989434005,11.2556157091172,Historical,World Bank API,3.49116989434005,11.2556157091172,-9.758999918281164
2002-01-01,Costa Rica,CRI,3.41687639041064,9.16752048509119,Historical,World Bank API,3.41687639041064,9.16752048509119,-2.128040346872151
2003-01-01,Costa Rica,CRI,4.31717986636224,9.44758091616984,Historical,World Bank API,4.31717986636224,9.44758091616984,26.34872828523369
2004-01-01,Costa Rica,CRI,4.42459959654504,12.3148150178852,Historical,World Bank API,4.42459959654504,12.3148150178852,2.488192141813972
2005-01-01,Costa Rica,CRI,3.97666636818026,13.7982949108987,Historical,World Bank API,3.97666636818026,13.7982949108987,-10.123700881647002
2006-01-01,Costa Rica,CRI,7.3266954325067,11.4705968149052,Historical,World Bank API,7.3266954325067,11.4705968149052,84.2421454093326
2007-01-01,Costa Rica,CRI,8.21513198348715,9.35724456417157,Historical,World Bank API,8.21513198348715,9.35724456417157,12.12601996581817
2008-01-01,Costa Rica,CRI,4.73817487754022,13.4244635507284,Historical,World Bank API,4.73817487754022,13.4244635507284,-42.32381309193569
2009-01-01,Costa Rica,CRI,-0.873455942787785,7.84270167700654,Historical,World Bank API,-0.873455942787785,7.84270167700654,-118.43443868921173
2010-01-01,Costa Rica,CRI,5.36034352634111,5.66275708420021,Historical,World Bank API,5.36034352634111,5.66275708420021,-713.6936351056986
2011-01-01,Costa Rica,CRI,4.40315923970431,4.87799830970702,Historical,World Bank API,4.40315923970431,4.87799830970702,-17.856771341857623
2012-01-01,Costa Rica,CRI,4.88259241025739,4.49545314354605,Historical,World Bank API,4.88259241025739,4.49545314354605,10.88839045905765
2013-01-01,Costa Rica,CRI,2.49476611209954,5.23133614174428,Historical,World Bank API,2.49476611209954,5.23133614174428,-48.90488694369582
2014-01-01,Costa Rica,CRI,3.54210987765977,4.51920098516954,Historical,World Bank API,3.54210987765977,4.51920098516954,41.98164150461419
2015-01-01,Costa Rica,CRI,3.65208096802883,0.801982005099623,Historical,World Bank API,3.65208096802883,0.801982005099623,3.1046775556752726
2016-01-01,Costa Rica,CRI,4.20432325175899,-0.0174788505908217,Historical,World Bank API,4.20432325175899,-0.0174788505908217,15.121304499123035
2017-01-01,Costa Rica,CRI,4.1576989627609,1.62590692991732,Historical,World Bank API,4.1576989627609,1.62590692991732,-1.108960615209198
2018-01-01,Costa Rica,CRI,2.6159044043379,2.22111461526581,Historical,World Bank API,2.6159044043379,2.22111461526581,-37.08288099336511
2019-01-01,Costa Rica,CRI,2.41751181762513,2.09604635327807,Historical,World Bank API,2.41751181762513,2.09604635327807,-7.5840916198535275
2020-01-01,Costa Rica,CRI,-4.27335432161462,0.724911478131376,Historical,World Bank API,-4.27335432161462,0.724911478131376,-276.7666362769882
2021-01-01,Costa Rica,CRI,7.93576224743147,1.72647755109241,Historical,World Bank API,7.93576224743147,1.72647755109241,-285.7033526869606
2022-01-01,Costa Rica,CRI,4.55149177958398,8.27477490232654,Historical,World Bank API,4.55149177958398,8.27477490232654,-42.64581476017456
2023-01-01,Costa Rica,CRI,5.11192183224598,0.525193508693455,Historical,World Bank API,5.11192183224598,0.525193508693455,12.313106994411083
2024-01-01,Costa Rica,CRI,4.32122429646145,-0.412853001047069,Historical,World Bank API,4.32122429646145,-0.412853001047069,-15.467715699344497
2000-01-01,Cote d'Ivoire,CIV,-0.265789462275947,2.53077516737997,Historical,World Bank API,-0.265789462275947,2.53077516737997,
2001-01-01,Cote d'Ivoire,CIV,-2.15401249077306,4.36152914007256,Historical,World Bank API,-2.15401249077306,4.36152914007256,710.4205758679509
2002-01-01,Cote d'Ivoire,CIV,-2.73052647441901,3.07726485157427,Historical,World Bank API,-2.73052647441901,3.07726485157427,26.76465369237686
2003-01-01,Cote d'Ivoire,CIV,-4.72586658630681,3.29680746974208,Historical,World Bank API,-4.72586658630681,3.29680746974208,73.07528898112443
2004-01-01,Cote d'Ivoire,CIV,3.18503822575397,1.45798835600741,Historical,World Bank API,3.18503822575397,1.45798835600741,-167.39585571422205
2005-01-01,Cote d'Ivoire,CIV,0.996065564854788,3.88583039886482,Historical,World Bank API,0.996065564854788,3.88583039886482,-68.72673122725249
2006-01-01,Cote d'Ivoire,CIV,2.81557859252327,2.46719148596915,Historical,World Bank API,2.81557859252327,2.46719148596915,182.67000605866147
2007-01-01,Cote d'Ivoire,CIV,1.10142976793477,1.89200629349598,Historical,World Bank API,1.10142976793477,1.89200629349598,-60.880872909759944
2008-01-01,Cote d'Ivoire,CIV,4.7826659787672,6.30852769152578,Historical,World Bank API,4.7826659787672,6.30852769152578,334.2234174163381
2009-01-01,Cote d'Ivoire,CIV,3.60332156667053,1.01950457731138,Historical,World Bank API,3.60332156667053,1.01950457731138,-24.658724178782464
2010-01-01,Cote d'Ivoire,CIV,6.84804939907013,1.2264561213548,Historical,World Bank API,6.84804939907013,1.2264561213548,90.04824499739917
2011-01-01,Cote d'Ivoire,CIV,-5.37044724000579,4.9124339505245,Historical,World Bank API,-5.37044724000579,4.9124339505245,-178.42302131662518
2012-01-01,Cote d'Ivoire,CIV,7.62041176451649,1.30451119915606,Historical,World Bank API,7.62041176451649,1.30451119915606,-241.8952914712607
2013-01-01,Cote d'Ivoire,CIV,10.7602131311256,2.58117037252936,Historical,World Bank API,10.7602131311256,2.58117037252936,41.20251586967003
2014-01-01,Cote d'Ivoire,CIV,9.37199994240375,0.448682076766141,Historical,World Bank API,9.37199994240375,0.448682076766141,-12.901354014134025
2015-01-01,Cote d'Ivoire,CIV,7.19494942728191,1.25149954781468,Historical,World Bank API,7.19494942728191,1.25149954781468,-23.22930568182938
2016-01-01,Cote d'Ivoire,CIV,7.17275963956332,0.723178457513308,Historical,World Bank API,7.17275963956332,0.723178457513308,-0.308407834451907
2017-01-01,Cote d'Ivoire,CIV,7.41076242592504,0.685881065304603,Historical,World Bank API,7.41076242592504,0.685881065304603,3.3181480813737396
2018-01-01,Cote d'Ivoire,CIV,4.84314605889178,0.401297817263547,Historical,World Bank API,4.84314605889178,0.401297817263547,-34.647128317742016
2019-01-01,Cote d'Ivoire,CIV,6.72137167584978,0.790855512053661,Historical,World Bank API,6.72137167584978,0.790855512053661,38.78110620904502
2020-01-01,Cote d'Ivoire,CIV,0.699728593494228,2.41252617189053,Historical,World Bank API,0.699728593494228,2.41252617189053,-89.58949709613013
2021-01-01,Cote d'Ivoire,CIV,7.06332910205232,4.15919657911798,Historical,World Bank API,7.06332910205232,4.15919657911798,909.4383976478996
2022-01-01,Cote d'Ivoire,CIV,6.39988362720531,5.23352856100843,Historical,World Bank API,6.39988362720531,5.23352856100843,-9.392815558519551
2023-01-01,Cote d'Ivoire,CIV,6.60000045223954,4.36972254867474,Historical,World Bank API,6.60000045223954,4.36972254867474,3.126882248038876
2024-01-01,Cote d'Ivoire,CIV,6.01953461940062,3.45053028131019,Historical,World Bank API,6.01953461940062,3.45053028131019,-8.794936258556675
2000-01-01,Croatia,HRV,2.94525315127181,4.61131554737801,Historical,World Bank API,2.94525315127181,4.61131554737801,
2001-01-01,Croatia,HRV,3.11123490972072,3.77670246665889,Historical,World Bank API,3.11123490972072,3.77670246665889,5.635568486777998
2002-01-01,Croatia,HRV,5.80332825904055,1.67178437393383,Historical,World Bank API,5.80332825904055,1.67178437393383,86.52812877962614
2003-01-01,Croatia,HRV,5.56837282817526,1.76733780760629,Historical,World Bank API,5.56837282817526,1.76733780760629,-4.0486324463771535
2004-01-01,Croatia,HRV,4.17048489878957,2.05539679050328,Historical,World Bank API,4.17048489878957,2.05539679050328,-25.10406491304883
2005-01-01,Croatia,HRV,4.3270764246793,3.31717824448045,Historical,World Bank API,4.3270764246793,3.31717824448045,3.7547558542935455
2006-01-01,Croatia,HRV,5.06907770841399,3.18982591472949,Historical,World Bank API,5.06907770841399,3.18982591472949,17.14786638624446
2007-01-01,Croatia,HRV,5.04927635248129,2.89928275583388,Historical,World Bank API,5.04927635248129,2.89928275583388,-0.39063034878774605
2008-01-01,Croatia,HRV,1.97287006723876,6.07696838798354,Historical,World Bank API,1.97287006723876,6.07696838798354,-60.92766706521694
2009-01-01,Croatia,HRV,-6.81231217572574,2.37852845904674,Historical,World Bank API,-6.81231217572574,2.37852845904674,-445.29958606246635
2010-01-01,Croatia,HRV,-1.33604672354973,1.03055505333574,Historical,World Bank API,-1.33604672354973,1.03055505333574,-80.38776425557162
2011-01-01,Croatia,HRV,-0.110906722446629,2.2727272727273,Historical,World Bank API,-0.110906722446629,2.2727272727273,-91.69888893167133
2012-01-01,Croatia,HRV,-2.23743360119771,3.41207349081358,Historical,World Bank API,-2.23743360119771,3.41207349081358,1917.401246596587
2013-01-01,Croatia,HRV,-0.13364573653061,2.21658206429779,Historical,World Bank API,-0.13364573653061,2.21658206429779,-94.02682893208232
2014-01-01,Croatia,HRV,-0.557692913614588,-0.215196159576268,Historical,World Bank API,-0.557692913614588,-0.215196159576268,317.29196014184475
2015-01-01,Croatia,HRV,2.31998692708386,-0.464499004644911,Historical,World Bank API,2.31998692708386,-0.464499004644911,-515.9972039177036
2016-01-01,Croatia,HRV,3.46646114288178,-1.12500000000002,Historical,World Bank API,3.46646114288178,-1.12500000000002,49.41727052052818
2017-01-01,Croatia,HRV,3.28396321643012,1.12937210282347,Historical,World Bank API,3.28396321643012,1.12937210282347,-5.264675383031802
2018-01-01,Croatia,HRV,2.91107593407843,1.50012501041756,Historical,World Bank API,2.91107593407843,1.50012501041756,-11.354794733573248
2019-01-01,Croatia,HRV,3.10152683894853,0.771820346498019,Historical,World Bank API,3.10152683894853,0.771820346498019,6.5422857109493915
2020-01-01,Croatia,HRV,-8.31086401501189,0.154811374562106,Historical,World Bank API,-8.31086401501189,0.154811374562106,-367.96040939079586
2021-01-01,Croatia,HRV,12.6322190351024,2.55450699642041,Historical,World Bank API,12.6322190351024,2.55450699642041,-251.99645924039737
2022-01-01,Croatia,HRV,7.29445343642668,10.7805806758686,Historical,World Bank API,7.29445343642668,10.7805806758686,-42.25516976742678
2023-01-01,Croatia,HRV,3.76164540703459,7.9412817758683,Historical,World Bank API,3.76164540703459,7.9412817758683,-48.43142889568844
2024-01-01,Croatia,HRV,3.82688702890739,2.97200477643618,Historical,World Bank API,3.82688702890739,2.97200477643618,1.73439053428035
2000-01-01,Cuba,CUB,5.9147601740486,,Historical,World Bank API,5.9147601740486,6.747787530076212,
2001-01-01,Cuba,CUB,3.18502990449461,,Historical,World Bank API,3.18502990449461,6.747787530076212,-46.151157261301336
2002-01-01,Cuba,CUB,1.42482126141282,,Historical,World Bank API,1.42482126141282,6.747787530076212,-55.265058597969244
2003-01-01,Cuba,CUB,3.79274022304334,,Historical,World Bank API,3.79274022304334,6.747787530076212,166.19059707759737
2004-01-01,Cuba,CUB,5.77053807021559,,Historical,World Bank API,5.77053807021559,6.747787530076212,52.14693680194213
2005-01-01,Cuba,CUB,11.2016564219094,,Historical,World Bank API,11.2016564219094,6.747787530076212,94.11805772023787
2006-01-01,Cuba,CUB,12.0658631129953,,Historical,World Bank API,12.0658631129953,6.747787530076212,7.714990163379709
2007-01-01,Cuba,CUB,7.26213696647943,,Historical,World Bank API,7.26213696647943,6.747787530076212,-39.8125364222151
2008-01-01,Cuba,CUB,4.11682804164681,,Historical,World Bank API,4.11682804164681,6.747787530076212,-43.31106586602175
2009-01-01,Cuba,CUB,1.4513054307407,,Historical,World Bank API,1.4513054307407,6.747787530076212,-64.74699899876921
2010-01-01,Cuba,CUB,2.39035229650723,,Historical,World Bank API,2.39035229650723,6.747787530076212,64.70360035015305
2011-01-01,Cuba,CUB,2.80230083647626,,Historical,World Bank API,2.80230083647626,6.747787530076212,17.23380024655643
2012-01-01,Cuba,CUB,3.01490028898772,,Historical,World Bank API,3.01490028898772,6.747787530076212,7.5866034704108465
2013-01-01,Cuba,CUB,2.74760256257211,,Historical,World Bank API,2.74760256257211,6.747787530076212,-8.865889442246122
2014-01-01,Cuba,CUB,1.04757663187654,,Historical,World Bank API,1.04757663187654,6.747787530076212,-61.87306540812535
2015-01-01,Cuba,CUB,4.4383335888395,,Historical,World Bank API,4.4383335888395,6.747787530076212,323.6762689989605
2016-01-01,Cuba,CUB,0.512843095700745,,Historical,World Bank API,0.512843095700745,6.747787530076212,-88.44514308274789
2017-01-01,Cuba,CUB,1.80979178380274,,Historical,World Bank API,1.80979178380274,6.747787530076212,252.89385759007902
2018-01-01,Cuba,CUB,2.24794852913217,,Historical,World Bank API,2.24794852913217,6.747787530076212,24.210340065130254
2019-01-01,Cuba,CUB,-0.163087223606624,,Historical,World Bank API,-0.163087223606624,6.747787530076212,-107.2549358445313
2020-01-01,Cuba,CUB,-10.9494359030206,,Historical,World Bank API,-10.9494359030206,6.747787530076212,6613.852661708979
2021-01-01,Cuba,CUB,1.25448735650322,,Historical,World Bank API,1.25448735650322,6.747787530076212,-111.45709575921758
2022-01-01,Cuba,CUB,1.77465227724316,,Historical,World Bank API,1.77465227724316,6.747787530076212,41.46434143344872
2023-01-01,Cuba,CUB,-1.92937123169681,,Historical,World Bank API,-1.92937123169681,6.747787530076212,-208.71826872439473
2024-01-01,Cuba,CUB,-1.06173273220524,,Historical,World Bank API,-1.06173273220524,6.747787530076212,-44.970013299540824
2001-01-01,Curacao,CUW,-0.695753704098053,1.79282868525896,Historical,World Bank API,-0.695753704098053,1.79282868525896,
2002-01-01,Curacao,CUW,0.397065216763636,0.391389432485324,Historical,World Bank API,0.397065216763636,0.391389432485324,-157.06979559359664
2003-01-01,Curacao,CUW,0.288186681651752,1.63371391441571,Historical,World Bank API,0.288186681651752,1.63371391441571,-27.420819179106527
2004-01-01,Curacao,CUW,0.208461073109362,1.37912138094799,Historical,World Bank API,0.208461073109362,1.37912138094799,-27.664570786352762
2005-01-01,Curacao,CUW,0.676425345201665,4.11711711711708,Historical,World Bank API,0.676425345201665,4.11711711711708,224.48520729181968
2006-01-01,Curacao,CUW,1.63593468987035,3.1149952409795,Historical,World Bank API,1.63593468987035,3.1149952409795,141.84999889124842
2007-01-01,Curacao,CUW,2.46996322836787,2.99572039942908,Historical,World Bank API,2.46996322836787,2.99572039942908,50.98177474087415
2008-01-01,Curacao,CUW,2.18804308019168,6.8763239367776,Historical,World Bank API,2.18804308019168,6.8763239367776,-11.413941103992887
2009-01-01,Curacao,CUW,-0.531308242338184,1.75331605427595,Historical,World Bank API,-0.531308242338184,1.75331605427595,-124.28234832979794
2010-01-01,Curacao,CUW,0.0823066088131412,2.77944261312587,Historical,World Bank API,0.0823066088131412,2.77944261312587,-115.49131036456839
2011-01-01,Curacao,CUW,0.508457572414372,2.3325315256217,Historical,World Bank API,0.508457572414372,2.3325315256217,517.760322951358
2012-01-01,Curacao,CUW,-0.34895035717112,3.18398746349455,Historical,World Bank API,-0.34895035717112,3.18398746349455,-168.6291986004173
2013-01-01,Curacao,CUW,-0.635696647893425,1.33232086152117,Historical,World Bank API,-0.635696647893425,1.33232086152117,82.17394962621829
2014-01-01,Curacao,CUW,-0.637398345190817,1.4987396961643,Historical,World Bank API,-0.637398345190817,1.4987396961643,0.2676901479709004
2015-01-01,Curacao,CUW,0.45815174597594,-0.476542049801405,Historical,World Bank API,0.45815174597594,-0.476542049801405,-171.87840216917786
2016-01-01,Curacao,CUW,-1.06770769957464,-0.0472079848940293,Historical,World Bank API,-1.06770769957464,-0.0472079848940293,-333.0467381064419
2017-01-01,Curacao,CUW,-1.27620931537493,1.58558801700345,Historical,World Bank API,-1.27620931537493,1.58558801700345,19.527967802737976
2018-01-01,Curacao,CUW,-2.10411142994484,2.58368756641814,Historical,World Bank API,-2.10411142994484,2.58368756641814,64.87196924484799
2019-01-01,Curacao,CUW,-3.20613171902549,2.62220783425059,Historical,World Bank API,-3.20613171902549,2.62220783425059,52.37461635335254
2020-01-01,Curacao,CUW,-18.4384703505393,,Historical,World Bank API,-18.4384703505393,6.747787530076212,475.10021316727784
2021-01-01,Curacao,CUW,4.18371193053579,,Historical,World Bank API,4.18371193053579,6.747787530076212,-122.69012478257679
2022-01-01,Curacao,CUW,6.90599999999999,,Historical,World Bank API,6.90599999999999,6.747787530076212,65.06872640047105
2023-01-01,Curacao,CUW,4.20199999999977,,Historical,World Bank API,4.20199999999977,6.747787530076212,-39.15435852881877
2024-01-01,Curacao,CUW,5.02690000000014,,Historical,World Bank API,5.02690000000014,6.747787530076212,19.631128034279264
2000-01-01,Cyprus,CYP,5.96530445494226,4.14165764702061,Historical,World Bank API,5.96530445494226,4.14165764702061,
2001-01-01,Cyprus,CYP,3.95256258200938,1.97304191729914,Historical,World Bank API,3.95256258200938,1.97304191729914,-33.740807164759566
2002-01-01,Cyprus,CYP,3.72297491128981,2.80115505180747,Historical,World Bank API,3.72297491128981,2.80115505180747,-5.808577750661536
2003-01-01,Cyprus,CYP,2.62329962315329,4.13906538686858,Historical,World Bank API,2.62329962315329,4.13906538686858,-29.537542270343742
2004-01-01,Cyprus,CYP,5.02627226665527,2.28621706801675,Historical,World Bank API,5.02627226665527,2.28621706801675,91.60115079090852
2005-01-01,Cyprus,CYP,4.85298762175586,2.56016132330234,Historical,World Bank API,4.85298762175586,2.56016132330234,-3.4475777615350367
2006-01-01,Cyprus,CYP,4.71378358593959,2.30468732978555,Historical,World Bank API,4.71378358593959,2.30468732978555,-2.868419346305784
2007-01-01,Cyprus,CYP,5.09822614854798,2.37265183669719,Historical,World Bank API,5.09822614854798,2.37265183669719,8.155710918827852
2008-01-01,Cyprus,CYP,3.64698922103939,4.66900841902485,Historical,World Bank API,3.64698922103939,4.66900841902485,-28.4655267385876
2009-01-01,Cyprus,CYP,-2.01508203683694,0.326276652249794,Historical,World Bank API,-2.01508203683694,0.326276652249794,-155.25330388178782
2010-01-01,Cyprus,CYP,2.28267100119788,2.43004084102254,Historical,World Bank API,2.28267100119788,2.43004084102254,-213.27930870650667
2011-01-01,Cyprus,CYP,0.416711868408683,3.28944939564211,Historical,World Bank API,0.416711868408683,3.28944939564211,-81.74454977567926
2012-01-01,Cyprus,CYP,-3.44738151374587,2.38905410042317,Historical,World Bank API,-3.44738151374587,2.38905410042317,-927.2818163088433
2013-01-01,Cyprus,CYP,-6.58747751118347,-0.399357676464426,Historical,World Bank API,-6.58747751118347,-0.399357676464426,91.08640818885235
2014-01-01,Cyprus,CYP,-1.77605867728616,-1.35498885446315,Historical,World Bank API,-1.77605867728616,-1.35498885446315,-73.03886541895635
2015-01-01,Cyprus,CYP,3.41892038889013,-2.0969976905311,Historical,World Bank API,3.41892038889013,-2.0969976905311,-292.50041862999046
2016-01-01,Cyprus,CYP,6.57359080924678,-1.42916666666665,Historical,World Bank API,6.57359080924678,-1.42916666666665,92.2709528600851
2017-01-01,Cyprus,CYP,5.75083236554525,0.531766496174467,Historical,World Bank API,5.75083236554525,0.531766496174467,-12.516118930679287
2018-01-01,Cyprus,CYP,6.27166360056404,1.43549119531759,Historical,World Bank API,6.27166360056404,1.43549119531759,9.05662349226568
2019-01-01,Cyprus,CYP,5.87559583386607,0.250370996758493,Historical,World Bank API,5.87559583386607,0.250370996758493,-6.315194690326653
2020-01-01,Cyprus,CYP,-3.22063018637567,-0.638422797978959,Historical,World Bank API,-3.22063018637567,-0.638422797978959,-154.81367809222738
2021-01-01,Cyprus,CYP,11.3975590801512,2.44608867175474,Historical,World Bank API,11.3975590801512,2.44608867175474,-453.8922018543651
2022-01-01,Cyprus,CYP,8.27372597293814,8.39548297993334,Historical,World Bank API,8.27372597293814,8.39548297993334,-27.40791326673798
2023-01-01,Cyprus,CYP,3.61945644636856,3.54134188751663,Historical,World Bank API,3.61945644636856,3.54134188751663,-56.25360982213882
2024-01-01,Cyprus,CYP,3.94077381708404,1.80023018624815,Historical,World Bank API,3.94077381708404,1.80023018624815,8.87750344496785
2000-01-01,Czechia,CZE,4.010669619984,3.77538829151734,Historical,World Bank API,4.010669619984,3.77538829151734,
2001-01-01,Czechia,CZE,2.9172195289956,4.66267556988253,Historical,World Bank API,2.9172195289956,4.66267556988253,-27.263529400179376
2002-01-01,Czechia,CZE,1.51345949139996,1.90298097019032,Historical,World Bank API,1.51345949139996,1.90298097019032,-48.119794333029
2003-01-01,Czechia,CZE,3.300836832613,0.118739205526791,Historical,World Bank API,3.300836832613,0.118739205526791,118.09878965176033
2004-01-01,Czechia,CZE,4.73633969683438,2.76010781671157,Historical,World Bank API,4.73633969683438,2.76010781671157,43.48905859381755
2005-01-01,Czechia,CZE,6.37502886086791,1.8570978910922,Historical,World Bank API,6.37502886086791,1.8570978910922,34.59821864400432
2006-01-01,Czechia,CZE,6.62317299177447,2.53399258343635,Historical,World Bank API,6.62317299177447,2.53399258343635,3.8924393335652674
2007-01-01,Czechia,CZE,5.48882595164517,2.85312437211175,Historical,World Bank API,5.48882595164517,2.85312437211175,-17.126942653288413
2008-01-01,Czechia,CZE,2.61226807205139,6.35866380152373,Historical,World Bank API,2.61226807205139,6.35866380152373,-52.40752585225602
2009-01-01,Czechia,CZE,-4.79832416684926,1.01937735329232,Historical,World Bank API,-4.79832416684926,1.01937735329232,-283.68421748849005
2010-01-01,Czechia,CZE,2.71466509907701,1.47272727272722,Historical,World Bank API,2.71466509907701,1.47272727272722,-156.57527513109957
2011-01-01,Czechia,CZE,1.77238085338473,1.9172191363555,Historical,World Bank API,1.77238085338473,1.9172191363555,-34.71088371131518
2012-01-01,Czechia,CZE,-0.770668190622743,3.28762306610411,Historical,World Bank API,-0.770668190622743,3.28762306610411,-143.4820873375489
2013-01-01,Czechia,CZE,-0.0418124160447491,1.4382978723404,Historical,World Bank API,-0.0418124160447491,1.4382978723404,-94.57452421761921
2014-01-01,Czechia,CZE,2.24521219862635,0.343988589646794,Historical,World Bank API,2.24521219862635,0.343988589646794,-5469.7260551111085
2015-01-01,Czechia,CZE,4.95875848915604,0.309364548494975,Historical,World Bank API,4.95875848915604,0.309364548494975,120.85923513999579
2016-01-01,Czechia,CZE,2.58087013921376,0.683504209385703,Historical,World Bank API,2.58087013921376,0.683504209385703,-47.95330030979158
2017-01-01,Czechia,CZE,5.17356529967881,2.4505339846014,Historical,World Bank API,5.17356529967881,2.4505339846014,100.45817962987056
2018-01-01,Czechia,CZE,2.83030588267866,2.14949494949493,Historical,World Bank API,2.83030588267866,2.14949494949493,-45.29293207424339
2019-01-01,Czechia,CZE,3.56577658128261,2.8478759591805,Historical,World Bank API,3.56577658128261,2.8478759591805,25.985555239982936
2020-01-01,Czechia,CZE,-5.30487955463876,3.16129528497801,Historical,World Bank API,-5.30487955463876,3.16129528497801,-248.77206784308945
2021-01-01,Czechia,CZE,4.02901832055149,3.83984491500146,Historical,World Bank API,4.02901832055149,3.83984491500146,-175.94928931097758
2022-01-01,Czechia,CZE,2.8471706583814,15.1001651468371,Historical,World Bank API,2.8471706583814,15.1001651468371,-29.33339012487587
2023-01-01,Czechia,CZE,0.0475803308973752,10.6612601372426,Historical,World Bank API,0.0475803308973752,10.6612601372426,-98.32885567441102
2024-01-01,Czechia,CZE,1.23308611983484,2.43531202435314,Historical,World Bank API,1.23308611983484,2.43531202435314,2491.5879452256268
2000-01-01,Denmark,DNK,3.72400899471576,2.90328203236453,Historical,World Bank API,3.72400899471576,2.90328203236453,
2001-01-01,Denmark,DNK,0.95003224600012,2.33787000255262,Historical,World Bank API,0.95003224600012,2.33787000255262,-74.48899163916674
2002-01-01,Denmark,DNK,0.456530018779986,2.42443661219697,Historical,World Bank API,0.456530018779986,2.42443661219697,-51.94583965943317
2003-01-01,Denmark,DNK,0.441091006625101,2.07507820646507,Historical,World Bank API,0.441091006625101,2.07507820646507,-3.3818175190634014
2004-01-01,Denmark,DNK,2.77635180744053,1.15435693124932,Historical,World Bank API,2.77635180744053,1.15435693124932,529.4283414851509
2005-01-01,Denmark,DNK,2.35960882992528,1.81781458291254,Historical,World Bank API,2.35960882992528,1.81781458291254,-15.010452796306017
2006-01-01,Denmark,DNK,3.81648769908172,1.92422138464594,Historical,World Bank API,3.81648769908172,1.92422138464594,61.742389275707765
2007-01-01,Denmark,DNK,0.987173815945127,1.69326586220315,Historical,World Bank API,0.987173815945127,1.69326586220315,-74.1339709759146
2008-01-01,Denmark,DNK,-0.417178439991005,3.41626794258373,Historical,World Bank API,-0.417178439991005,3.41626794258373,-142.2598769591144
2009-01-01,Denmark,DNK,-4.97447905669058,1.30470991024337,Historical,World Bank API,-4.97447905669058,1.30470991024337,1092.410388417445
2010-01-01,Denmark,DNK,1.58289703108802,2.31092436974789,Historical,World Bank API,1.58289703108802,2.31092436974789,-131.8203577309076
2011-01-01,Denmark,DNK,1.3108037609606,2.7586822605125,Historical,World Bank API,1.3108037609606,2.7586822605125,-17.189574860747193
2012-01-01,Denmark,DNK,-0.0054323016167074,2.3979148566464,Historical,World Bank API,-0.0054323016167074,2.3979148566464,-100.4144252388112
2013-01-01,Denmark,DNK,1.39267343161971,0.789071780078062,Historical,World Bank API,1.39267343161971,0.789071780078062,-25736.894448873227
2014-01-01,Denmark,DNK,1.27799983192831,0.56402054044954,Historical,World Bank API,1.27799983192831,0.56402054044954,-8.234062421800648
2015-01-01,Denmark,DNK,2.10441456445301,0.452034153691575,Historical,World Bank API,2.10441456445301,0.452034153691575,64.6646980600744
2016-01-01,Denmark,DNK,3.07304549209093,0.250000000000031,Historical,World Bank API,3.07304549209093,0.250000000000031,46.02852232633599
2017-01-01,Denmark,DNK,3.05647723922718,1.14713216957602,Historical,World Bank API,3.05647723922718,1.14713216957602,-0.5391476600782985
2018-01-01,Denmark,DNK,1.8600074900921,0.813609467455631,Historical,World Bank API,1.8600074900921,0.813609467455631,-39.145383900768174
2019-01-01,Denmark,DNK,1.71140093932736,0.75813157251162,Historical,World Bank API,1.71140093932736,0.75813157251162,-7.9895673300424015
2020-01-01,Denmark,DNK,-1.78010601831291,0.420711974110115,Historical,World Bank API,-1.78010601831291,0.420711974110115,-204.01455190345717
2021-01-01,Denmark,DNK,6.50025445756295,1.8530454398968,Historical,World Bank API,6.50025445756295,1.8530454398968,-465.16108538993353
2022-01-01,Denmark,DNK,0.443832614908331,7.6965669988926,Historical,World Bank API,0.443832614908331,7.6965669988926,-93.17207321950391
2023-01-01,Denmark,DNK,0.604587766175584,3.30517811237606,Historical,World Bank API,0.604587766175584,3.30517811237606,36.21976976623389
2024-01-01,Denmark,DNK,3.47783593140312,1.37220049768918,Historical,World Bank API,3.47783593140312,1.37220049768918,475.24087088343254
2001-01-01,Djibouti,DJI,,1.74665224985434,Historical,World Bank API,3.326306297196254,1.74665224985434,
2002-01-01,Djibouti,DJI,,0.63761955366632,Historical,World Bank API,3.326306297196254,0.63761955366632,0.0
2003-01-01,Djibouti,DJI,,1.98196734627545,Historical,World Bank API,3.326306297196254,1.98196734627545,0.0
2004-01-01,Djibouti,DJI,,3.12226204699354,Historical,World Bank API,3.326306297196254,3.12226204699354,0.0
2005-01-01,Djibouti,DJI,,3.10496640148298,Historical,World Bank API,3.326306297196254,3.10496640148298,0.0
2006-01-01,Djibouti,DJI,,3.48340699677866,Historical,World Bank API,3.326306297196254,3.48340699677866,0.0
2007-01-01,Djibouti,DJI,,4.96597654553301,Historical,World Bank API,3.326306297196254,4.96597654553301,0.0
2008-01-01,Djibouti,DJI,,11.9586206896552,Historical,World Bank API,3.326306297196254,11.9586206896552,0.0
2009-01-01,Djibouti,DJI,,1.67549587285964,Historical,World Bank API,3.326306297196254,1.67549587285964,0.0
2010-01-01,Djibouti,DJI,,3.95007875923885,Historical,World Bank API,3.326306297196254,3.95007875923885,0.0
2011-01-01,Djibouti,DJI,,5.0687139477799,Historical,World Bank API,3.326306297196254,5.0687139477799,0.0
2012-01-01,Djibouti,DJI,,3.73120950756887,Historical,World Bank API,3.326306297196254,3.73120950756887,0.0
2013-01-01,Djibouti,DJI,,2.70603242872182,Historical,World Bank API,3.326306297196254,2.70603242872182,0.0
2014-01-01,Djibouti,DJI,7.19298728463697,1.34186494340157,Historical,World Bank API,7.19298728463697,1.34186494340157,116.24548799669903
2015-01-01,Djibouti,DJI,7.30898563450799,-0.847389733971996,Historical,World Bank API,7.30898563450799,-0.847389733971996,1.6126589034680228
2016-01-01,Djibouti,DJI,7.1234323372872,2.73841208738755,Historical,World Bank API,7.1234323372872,2.73841208738755,-2.5387010797330745
2017-01-01,Djibouti,DJI,5.458091517212,0.568112117084804,Historical,World Bank API,5.458091517212,0.568112117084804,-23.37834826278996
2018-01-01,Djibouti,DJI,4.77433934943193,0.14797084987711,Historical,World Bank API,4.77433934943193,0.14797084987711,-12.527312259676648
2019-01-01,Djibouti,DJI,5.54508081154978,3.31925372703827,Historical,World Bank API,5.54508081154978,3.31925372703827,16.14341599345166
2020-01-01,Djibouti,DJI,1.2021151728969,1.7774078380617,Historical,World Bank API,1.2021151728969,1.7774078380617,-78.32105223078031
2021-01-01,Djibouti,DJI,4.40715667561153,1.18191775339802,Historical,World Bank API,4.40715667561153,1.18191775339802,266.61684129574763
2022-01-01,Djibouti,DJI,5.16653702854374,5.17980847967061,Historical,World Bank API,5.16653702854374,5.17980847967061,17.230618487754114
2023-01-01,Djibouti,DJI,6.80733529403308,1.49506816515088,Historical,World Bank API,6.80733529403308,1.49506816515088,31.75818263615198
2024-01-01,Djibouti,DJI,6.98048467276334,2.07655387954199,Historical,World Bank API,6.98048467276334,2.07655387954199,2.543570593357325
2000-01-01,Dominica,DMA,2.3402193777688,0.856946805358483,Historical,World Bank API,2.3402193777688,0.856946805358483,
2001-01-01,Dominica,DMA,-0.0638434428881567,1.3038940346596,Historical,World Bank API,-0.0638434428881567,1.3038940346596,-102.72809649790295
2002-01-01,Dominica,DMA,-3.08742052359268,0.170055330197681,Historical,World Bank API,-3.08742052359268,0.170055330197681,4735.924229527122
2003-01-01,Dominica,DMA,5.80495468629533,1.45336800437251,Historical,World Bank API,5.80495468629533,1.45336800437251,-288.01956655844174
2004-01-01,Dominica,DMA,4.09783662273917,2.39410982050298,Historical,World Bank API,4.09783662273917,2.39410982050298,-29.40794813758707
2005-01-01,Dominica,DMA,0.915286472779144,1.68190079877553,Historical,World Bank API,0.915286472779144,1.68190079877553,-77.66415411243683
2006-01-01,Dominica,DMA,4.40077479812059,2.2023913263167,Historical,World Bank API,4.40077479812059,2.2023913263167,380.8084604111138
2007-01-01,Dominica,DMA,5.3579375575878,3.63222129317821,Historical,World Bank API,5.3579375575878,3.63222129317821,21.74986913386203
2008-01-01,Dominica,DMA,7.12131217762231,6.35992183336295,Historical,World Bank API,7.12131217762231,6.35992183336295,32.91144402265862
2009-01-01,Dominica,DMA,-1.13575145648322,0.0062635710706685,Historical,World Bank API,-1.13575145648322,0.0062635710706685,-115.94862615421009
2010-01-01,Dominica,DMA,-0.105610857694984,2.99936630549,Historical,World Bank API,-0.105610857694984,2.99936630549,-90.7012351080754
2011-01-01,Dominica,DMA,0.0427388878891435,1.1312313652648,Historical,World Bank API,0.0427388878891435,1.1312313652648,-140.46827080277882
2012-01-01,Dominica,DMA,-0.15739179314221,1.3567714780886,Historical,World Bank API,-0.15739179314221,1.3567714780886,-468.26366083847154
2013-01-01,Dominica,DMA,0.0045039972976042,-0.0464116468805992,Historical,World Bank API,0.0045039972976042,-0.0464116468805992,-102.86164685444218
2014-01-01,Dominica,DMA,2.33521742067693,0.799250372687492,Historical,World Bank API,2.33521742067693,0.799250372687492,51747.66478254985
2015-01-01,Dominica,DMA,-3.37338262476895,-0.84382698463833,Historical,World Bank API,-3.37338262476895,-0.84382698463833,-244.4568970280754
2016-01-01,Dominica,DMA,1.44724556489263,0.141816225732312,Historical,World Bank API,1.44724556489263,0.141816225732312,-142.90190962229653
2017-01-01,Dominica,DMA,-7.5443637547282,0.296252889279487,Historical,World Bank API,-7.5443637547282,0.296252889279487,-621.2911987944431
2018-01-01,Dominica,DMA,2.964010610466,0.98919111918989,Historical,World Bank API,2.964010610466,0.98919111918989,-139.2877478714941
2019-01-01,Dominica,DMA,3.94809757938053,1.50462353858141,Historical,World Bank API,3.94809757938053,1.50462353858141,33.201195887750636
2020-01-01,Dominica,DMA,-15.7064024545862,1.22026442242476,Historical,World Bank API,-15.7064024545862,1.22026442242476,-497.8220431180576
2021-01-01,Dominica,DMA,5.37983838954712,2.22891330700344,Historical,World Bank API,5.37983838954712,2.22891330700344,-134.25251839243577
2022-01-01,Dominica,DMA,10.3968076616121,2.88490226829353,Historical,World Bank API,10.3968076616121,2.88490226829353,93.25501825134401
2023-01-01,Dominica,DMA,3.65221012208734,5.08677483158112,Historical,World Bank API,3.65221012208734,5.08677483158112,-64.87181218546235
2024-01-01,Dominica,DMA,2.052738472526,2.56921890367726,Historical,World Bank API,2.052738472526,2.56921890367726,-43.79462287474296
2000-01-01,Dominican Republic,DOM,4.65172550299128,7.72413566181616,Historical,World Bank API,4.65172550299128,7.72413566181616,
2001-01-01,Dominican Republic,DOM,2.46937023763239,8.88306848812961,Historical,World Bank API,2.46937023763239,8.88306848812961,-46.914962285619225
2002-01-01,Dominican Republic,DOM,4.48650367045651,5.22336769759447,Historical,World Bank API,4.48650367045651,5.22336769759447,81.6861482366504
2003-01-01,Dominican Republic,DOM,-1.34935744782766,27.4497127394395,Historical,World Bank API,-1.34935744782766,27.4497127394395,-130.07592430411097
2004-01-01,Dominican Republic,DOM,2.58556667449577,51.4608598338065,Historical,World Bank API,2.58556667449577,51.4608598338065,-291.6146591593126
2005-01-01,Dominican Republic,DOM,9.43178931977285,4.19020260472056,Historical,World Bank API,9.43178931977285,4.19020260472056,264.78615743344585
2006-01-01,Dominican Republic,DOM,9.17120650955299,7.57280523853074,Historical,World Bank API,9.17120650955299,7.57280523853074,-2.7628141531275907
2007-01-01,Dominican Republic,DOM,7.41840577774235,6.14356655248047,Historical,World Bank API,7.41840577774235,6.14356655248047,-19.11199720543717
2008-01-01,Dominican Republic,DOM,3.26808671288212,10.6446210953712,Historical,World Bank API,3.26808671288212,10.6446210953712,-55.9462395183686
2009-01-01,Dominican Republic,DOM,1.00345293018719,1.44215131834353,Historical,World Bank API,1.00345293018719,1.44215131834353,-69.29540069326231
2010-01-01,Dominican Republic,DOM,8.40114541209596,6.32993220146146,Historical,World Bank API,8.40114541209596,6.32993220146146,737.2236663386655
2011-01-01,Dominican Republic,DOM,3.19196227475523,5.79676809206533,Historical,World Bank API,3.19196227475523,5.79676809206533,-62.00562996851065
2012-01-01,Dominican Republic,DOM,2.77567100848816,3.69449707884777,Historical,World Bank API,2.77567100848816,3.69449707884777,-13.041860474337607
2013-01-01,Dominican Republic,DOM,4.93473300709881,4.830950967408,Historical,World Bank API,4.93473300709881,4.830950967408,77.78522713996419
2014-01-01,Dominican Republic,DOM,7.11122629673892,2.99864226125219,Historical,World Bank API,7.11122629673892,2.99864226125219,44.10559368681422
2015-01-01,Dominican Republic,DOM,6.98771131236387,0.836746346724557,Historical,World Bank API,6.98771131236387,0.836746346724557,-1.7369013334829764
2016-01-01,Dominican Republic,DOM,6.71974078681295,1.61416607245223,Historical,World Bank API,6.71974078681295,1.61416607245223,-3.8348826042195028
2017-01-01,Dominican Republic,DOM,3.93386176401576,3.27955694678546,Historical,World Bank API,3.93386176401576,3.27955694678546,-41.45813225808196
2018-01-01,Dominican Republic,DOM,7.09751640210159,3.56443426013508,Historical,World Bank API,7.09751640210159,3.56443426013508,80.42109326323434
2019-01-01,Dominican Republic,DOM,4.8940301149584,1.81060377042959,Historical,World Bank API,4.8940301149584,1.81060377042959,-31.045878055184673
2020-01-01,Dominican Republic,DOM,-7.92905234231061,3.78103179915517,Historical,World Bank API,-7.92905234231061,3.78103179915517,-262.0147844631317
2021-01-01,Dominican Republic,DOM,14.0124289062207,8.24300347981809,Historical,World Bank API,14.0124289062207,8.24300347981809,-276.7226183064562
2022-01-01,Dominican Republic,DOM,5.23795652902595,8.81109209279587,Historical,World Bank API,5.23795652902595,8.81109209279587,-62.61921067302898
2023-01-01,Dominican Republic,DOM,2.19229848237939,4.78561281021135,Historical,World Bank API,2.19229848237939,4.78561281021135,-58.145920642318316
2024-01-01,Dominican Republic,DOM,4.95352204492849,3.30223338951227,Historical,World Bank API,4.95352204492849,3.30223338951227,125.95107759013877
2000-01-01,Ecuador,ECU,1.09180164720277,96.0963756926096,Historical,World Bank API,1.09180164720277,96.0963756926096,
2001-01-01,Ecuador,ECU,4.20627185748789,37.6767454518094,Historical,World Bank API,4.20627185748789,37.6767454518094,285.25970978927256
2002-01-01,Ecuador,ECU,4.92809549611376,12.4835980082095,Historical,World Bank API,4.92809549611376,12.4835980082095,17.16065112008629
2003-01-01,Ecuador,ECU,2.88450036512064,7.92936487461556,Historical,World Bank API,2.88450036512064,7.92936487461556,-41.46825345825128
2004-01-01,Ecuador,ECU,6.83239736646514,2.74323198926704,Historical,World Bank API,6.83239736646514,2.74323198926704,136.8658866915895
2005-01-01,Ecuador,ECU,5.39862243994342,2.1682770118372,Historical,World Bank API,5.39862243994342,2.1682770118372,-20.984946419524608
2006-01-01,Ecuador,ECU,4.34113198577639,3.29874846258215,Historical,World Bank API,4.34113198577639,3.29874846258215,-19.588153569378207
2007-01-01,Ecuador,ECU,1.90242859700484,2.27618478002121,Historical,World Bank API,1.90242859700484,2.27618478002121,-56.17666997368199
2008-01-01,Ecuador,ECU,6.56492068224719,8.40009593987462,Historical,World Bank API,6.56492068224719,8.40009593987462,245.0810554773472
2009-01-01,Ecuador,ECU,1.0910129698311,5.15996829181047,Historical,World Bank API,1.0910129698311,5.15996829181047,-83.38117057862695
2010-01-01,Ecuador,ECU,4.02913787986621,3.55437734567843,Historical,World Bank API,4.02913787986621,3.55437734567843,269.3024731401646
2011-01-01,Ecuador,ECU,8.48147656332823,4.4745326579584,Historical,World Bank API,8.48147656332823,4.4745326579584,110.50350760420895
2012-01-01,Ecuador,ECU,5.783212336172,5.10172180958666,Historical,World Bank API,5.783212336172,5.10172180958666,-31.81361413910927
2013-01-01,Ecuador,ECU,7.21123653679159,2.72177577710371,Historical,World Bank API,7.21123653679159,2.72177577710371,24.692577716501795
2014-01-01,Ecuador,ECU,4.22606520388456,3.58922016616663,Historical,World Bank API,4.22606520388456,3.58922016616663,-41.39610894299117
2015-01-01,Ecuador,ECU,0.119692109287612,3.96664623255358,Historical,World Bank API,0.119692109287612,3.96664623255358,-97.16776472881696
2016-01-01,Ecuador,ECU,-0.687954245877947,1.72826463324533,Historical,World Bank API,-0.687954245877947,1.72826463324533,-674.7699242435771
2017-01-01,Ecuador,ECU,5.97039880954841,0.417335588666825,Historical,World Bank API,5.97039880954841,0.417335588666825,-967.8482392283462
2018-01-01,Ecuador,ECU,1.04429460679607,-0.224103246005552,Historical,World Bank API,1.04429460679607,-0.224103246005552,-82.50879647895651
2019-01-01,Ecuador,ECU,0.1654044646003,0.266012515466155,Historical,World Bank API,0.1654044646003,0.266012515466155,-84.16113005622367
2020-01-01,Ecuador,ECU,-9.24509619165865,-0.338872392562139,Historical,World Bank API,-9.24509619165865,-0.338872392562139,-5689.387332439564
2021-01-01,Ecuador,ECU,9.42189269033631,0.133251386096389,Historical,World Bank API,9.42189269033631,0.133251386096389,-201.91232730317262
2022-01-01,Ecuador,ECU,5.86842354862311,3.46616972213077,Historical,World Bank API,5.86842354862311,3.46616972213077,-37.71502455507547
2023-01-01,Ecuador,ECU,1.98823813984235,2.21568764237058,Historical,World Bank API,1.98823813984235,2.21568764237058,-66.11972323795811
2024-01-01,Ecuador,ECU,-2.00125476341026,1.54732515615369,Historical,World Bank API,-2.00125476341026,1.54732515615369,-200.65468131342365
2000-01-01,"Egypt, Arab Rep.",EGY,6.37000382991766,2.68380535348546,Historical,World Bank API,6.37000382991766,2.68380535348546,
2001-01-01,"Egypt, Arab Rep.",EGY,3.53525197391507,2.26975720475956,Historical,World Bank API,3.53525197391507,2.26975720475956,-44.50157223907403
2002-01-01,"Egypt, Arab Rep.",EGY,2.39020402573726,2.73723855000334,Historical,World Bank API,2.39020402573726,2.73723855000334,-32.38942956899734
2003-01-01,"Egypt, Arab Rep.",EGY,3.19345473739745,4.50777636319304,Historical,World Bank API,3.19345473739745,4.50777636319304,33.605947568112995
2004-01-01,"Egypt, Arab Rep.",EGY,4.0920716112534,11.270619332052,Historical,World Bank API,4.0920716112534,11.270619332052,28.139333347442097
2005-01-01,"Egypt, Arab Rep.",EGY,4.47174447174434,4.86939696871988,Historical,World Bank API,4.47174447174434,4.86939696871988,9.27825552824688
2006-01-01,"Egypt, Arab Rep.",EGY,6.84383819379117,7.64452644526434,Historical,World Bank API,6.84383819379117,7.64452644526434,53.04627169632352
2007-01-01,"Egypt, Arab Rep.",EGY,7.08782742681038,9.3189690579923,Historical,World Bank API,7.08782742681038,9.3189690579923,3.5650935353872093
2008-01-01,"Egypt, Arab Rep.",EGY,7.15628356605819,18.3168316831684,Historical,World Bank API,7.15628356605819,18.3168316831684,0.9658268341702136
2009-01-01,"Egypt, Arab Rep.",EGY,4.67359979952391,11.7634954386443,Historical,World Bank API,4.67359979952391,11.7634954386443,-34.69236152560382
2010-01-01,"Egypt, Arab Rep.",EGY,5.1472348575531,11.2651882653185,Historical,World Bank API,5.1472348575531,11.2651882653185,10.134266482924748
2011-01-01,"Egypt, Arab Rep.",EGY,1.7645719489982,10.0649259874818,Historical,World Bank API,1.7645719489982,10.0649259874818,-65.71806032108967
2012-01-01,"Egypt, Arab Rep.",EGY,2.22619979863525,7.11172943343083,Historical,World Bank API,2.22619979863525,7.11172943343083,26.16089697556001
2013-01-01,"Egypt, Arab Rep.",EGY,2.18546605362143,9.46971981064921,Historical,World Bank API,2.18546605362143,9.46971981064921,-1.829743450645882
2014-01-01,"Egypt, Arab Rep.",EGY,2.91591187985748,10.0702154687481,Historical,World Bank API,2.91591187985748,10.0702154687481,33.422885934360046
2015-01-01,"Egypt, Arab Rep.",EGY,4.37201907790141,10.370490343517,Historical,World Bank API,4.37201907790141,10.370490343517,49.93659815656359
2016-01-01,"Egypt, Arab Rep.",EGY,4.34664345555447,13.813606214829,Historical,World Bank API,4.34664345555447,13.813606214829,-0.5804096893172739
2017-01-01,"Egypt, Arab Rep.",EGY,4.18122099994778,29.5066083940039,Historical,World Bank API,4.18122099994778,29.5066083940039,-3.805751663281709
2018-01-01,"Egypt, Arab Rep.",EGY,5.3311086189448,14.4014657807422,Historical,World Bank API,5.3311086189448,14.4014657807422,27.50123992516493
2019-01-01,"Egypt, Arab Rep.",EGY,5.55209307156956,9.15279959324804,Historical,World Bank API,5.55209307156956,9.15279959324804,4.145187585176235
2020-01-01,"Egypt, Arab Rep.",EGY,3.55016483786838,5.04493288977539,Historical,World Bank API,3.55016483786838,5.04493288977539,-36.05718074058224
2021-01-01,"Egypt, Arab Rep.",EGY,3.29064601202211,5.21404940513043,Historical,World Bank API,3.29064601202211,5.21404940513043,-7.31005003142593
2022-01-01,"Egypt, Arab Rep.",EGY,6.58784560886967,13.8956609775178,Historical,World Bank API,6.58784560886967,13.8956609775178,100.19915800124069
2023-01-01,"Egypt, Arab Rep.",EGY,3.76028052279247,33.8847763115546,Historical,World Bank API,3.76028052279247,33.8847763115546,-42.92093734361738
2024-01-01,"Egypt, Arab Rep.",EGY,2.3991692678251,28.2705899322083,Historical,World Bank API,2.3991692678251,28.2705899322083,-36.1970668602293
2000-01-01,El Salvador,SLV,1.12790697674419,2.27128756828723,Historical,World Bank API,1.12790697674419,2.27128756828723,
2001-01-01,El Salvador,SLV,0.879613659882722,3.7508205747202,Historical,World Bank API,0.879613659882722,3.7508205747202,-22.013634278439355
2002-01-01,El Salvador,SLV,1.57291844759789,1.86552503610077,Historical,World Bank API,1.57291844759789,1.86552503610077,78.81923841514758
2003-01-01,El Salvador,SLV,1.56539303147618,2.1203909173333,Historical,World Bank API,1.56539303147618,2.1203909173333,-0.47843650973784513
2004-01-01,El Salvador,SLV,0.889404485692197,4.45194392395045,Historical,World Bank API,0.889404485692197,4.45194392395045,-43.183311295727414
2005-01-01,El Salvador,SLV,2.68083009363194,4.69094870903769,Historical,World Bank API,2.68083009363194,4.69094870903769,201.41854878835358
2006-01-01,El Salvador,SLV,4.3369986028604,4.03712359429612,Historical,World Bank API,4.3369986028604,4.03712359429612,61.77819747557047
2007-01-01,El Salvador,SLV,1.84760220587859,4.57808572377153,Historical,World Bank API,1.84760220587859,4.57808572377153,-57.39905923280602
2008-01-01,El Salvador,SLV,2.15440298282768,6.70792293515939,Historical,World Bank API,2.15440298282768,6.70792293515939,16.605348054517876
2009-01-01,El Salvador,SLV,-2.10876837627522,1.05595029731201,Historical,World Bank API,-2.10876837627522,1.05595029731201,-197.8817980240371
2010-01-01,El Salvador,SLV,2.15419536693635,1.17933576873673,Historical,World Bank API,2.15419536693635,1.17933576873673,-202.15419536693585
2011-01-01,El Salvador,SLV,3.77358499834686,5.1289237668161,Historical,World Bank API,3.77358499834686,5.1289237668161,75.17375890161584
2012-01-01,El Salvador,SLV,2.88770010188691,1.72973481581383,Historical,World Bank API,2.88770010188691,1.72973481581383,-23.47594917957433
2013-01-01,El Salvador,SLV,2.18295232499635,0.757669184522973,Historical,World Bank API,2.18295232499635,0.757669184522973,-24.405158154410035
2014-01-01,El Salvador,SLV,1.7293998423459,1.14134467538233,Historical,World Bank API,1.7293998423459,1.14134467538233,-20.77702190088867
2015-01-01,El Salvador,SLV,2.40000008852115,-0.731384487387957,Historical,World Bank API,2.40000008852115,-0.731384487387957,38.77647203122167
2016-01-01,El Salvador,SLV,2.53906241135864,0.60404908699661,Historical,World Bank API,2.53906241135864,0.60404908699661,5.7942632378475745
2017-01-01,El Salvador,SLV,2.24761908134138,1.0123540331558,Historical,World Bank API,2.24761908134138,1.0123540331558,-11.47838385986385
2018-01-01,El Salvador,SLV,2.4124442237792,1.09033000581892,Historical,World Bank API,2.4124442237792,1.09033000581892,7.333321905215895
2019-01-01,El Salvador,SLV,2.43747159065784,0.0753241350024612,Historical,World Bank API,2.43747159065784,0.0753241350024612,1.0374277934365406
2020-01-01,El Salvador,SLV,-7.893101359867,-0.371590212324095,Historical,World Bank API,-7.893101359867,-0.371590212324095,-423.82331716681716
2021-01-01,El Salvador,SLV,11.9047617015957,3.46692585313082,Historical,World Bank API,11.9047617015957,3.46692585313082,-250.82489326852252
2022-01-01,El Salvador,SLV,2.95461516549889,7.19861615609867,Historical,World Bank API,2.95461516549889,7.19861615609867,-75.18123218625318
2023-01-01,El Salvador,SLV,3.5391566928735,4.04554694222477,Historical,World Bank API,3.5391566928735,4.04554694222477,19.784015671493016
2024-01-01,El Salvador,SLV,2.60202016121069,0.853782292567288,Historical,World Bank API,2.60202016121069,0.853782292567288,-26.47909129171484
2000-01-01,Equatorial Guinea,GNQ,18.2137799569674,4.80228886901398,Historical,World Bank API,18.2137799569674,4.80228886901398,
2001-01-01,Equatorial Guinea,GNQ,63.3798754250602,8.82538925854966,Historical,World Bank API,63.3798754250602,8.82538925854966,247.97760582813675
2002-01-01,Equatorial Guinea,GNQ,19.4628340359251,7.5924784983324,Historical,World Bank API,19.4628340359251,7.5924784983324,-69.29177612704875
2003-01-01,Equatorial Guinea,GNQ,13.9552503163825,7.32354399351809,Historical,World Bank API,13.9552503163825,7.32354399351809,-28.29795347058157
2004-01-01,Equatorial Guinea,GNQ,37.9987268556423,4.21968787094834,Historical,World Bank API,37.9987268556423,4.21968787094834,172.28982636760318
2005-01-01,Equatorial Guinea,GNQ,16.7487006053541,5.63163351357613,Historical,World Bank API,16.7487006053541,5.63163351357613,-55.9229953440739
2006-01-01,Equatorial Guinea,GNQ,7.70491760658767,4.41589984169561,Historical,World Bank API,7.70491760658767,4.41589984169561,-53.99692317549327
2007-01-01,Equatorial Guinea,GNQ,15.2821139194857,2.80373831775704,Historical,World Bank API,15.2821139194857,2.80373831775704,98.34234056467473
2008-01-01,Equatorial Guinea,GNQ,17.7991091333811,6.55176691184535,Historical,World Bank API,17.7991091333811,6.55176691184535,16.47020318757122
2009-01-01,Equatorial Guinea,GNQ,1.34335628806095,4.69106567747375,Historical,World Bank API,1.34335628806095,4.69106567747375,-92.45267682784431
2010-01-01,Equatorial Guinea,GNQ,-8.92417588851806,7.78916547991184,Historical,World Bank API,-8.92417588851806,7.78916547991184,-764.3193594902173
2011-01-01,Equatorial Guinea,GNQ,6.52392362989873,4.805389221557,Historical,World Bank API,6.52392362989873,4.805389221557,-173.10393375698118
2012-01-01,Equatorial Guinea,GNQ,8.31287184445641,3.65662048278806,Historical,World Bank API,8.31287184445641,3.65662048278806,27.421354326697546
2013-01-01,Equatorial Guinea,GNQ,-4.13319850131583,2.94887694639662,Historical,World Bank API,-4.13319850131583,2.94887694639662,-149.72046458375428
2014-01-01,Equatorial Guinea,GNQ,0.415066301596866,4.30999866149107,Historical,World Bank API,0.415066301596866,4.30999866149107,-110.04225423639167
2015-01-01,Equatorial Guinea,GNQ,-9.11004114881537,1.67663085315988,Historical,World Bank API,-9.11004114881537,1.67663085315988,-2294.839984302921
2016-01-01,Equatorial Guinea,GNQ,-8.81641723219757,1.41193915479015,Historical,World Bank API,-8.81641723219757,1.41193915479015,-3.223080025889702
2017-01-01,Equatorial Guinea,GNQ,-5.66750850486686,0.74435474661241,Historical,World Bank API,-5.66750850486686,0.74435474661241,-35.716421357996644
2018-01-01,Equatorial Guinea,GNQ,-6.23654406734575,1.06007410662171,Historical,World Bank API,-6.23654406734575,1.06007410662171,10.040312458115274
2019-01-01,Equatorial Guinea,GNQ,-5.48182537893445,1.53027528964189,Historical,World Bank API,-5.48182537893445,1.53027528964189,-12.10155304382392
2020-01-01,Equatorial Guinea,GNQ,-4.79108083383294,4.76669523944228,Historical,World Bank API,-4.79108083383294,4.76669523944228,-12.600630216276176
2021-01-01,Equatorial Guinea,GNQ,0.860269956382069,-0.0971007664640198,Historical,World Bank API,0.860269956382069,-0.0971007664640198,-117.95565523142801
2022-01-01,Equatorial Guinea,GNQ,3.22350831658598,4.78671704710803,Historical,World Bank API,3.22350831658598,4.78671704710803,274.7089262703873
2023-01-01,Equatorial Guinea,GNQ,-5.08930872071532,2.85949506037322,Historical,World Bank API,-5.08930872071532,2.85949506037322,-257.88104825196825
2024-01-01,Equatorial Guinea,GNQ,0.907248245986736,2.92140227309103,Historical,World Bank API,0.907248245986736,2.92140227309103,-117.82655161581982
2000-01-01,Eritrea,ERI,-3.14198590251638,,Historical,World Bank API,-3.14198590251638,6.747787530076212,
2001-01-01,Eritrea,ERI,8.75543552816325,,Historical,World Bank API,8.75543552816325,6.747787530076212,-378.6592874637383
2002-01-01,Eritrea,ERI,3.0054291917378,,Historical,World Bank API,3.0054291917378,6.747787530076212,-65.67356150279036
2003-01-01,Eritrea,ERI,-2.65551592487554,,Historical,World Bank API,-2.65551592487554,6.747787530076212,-188.35729459791622
2004-01-01,Eritrea,ERI,1.45173556595506,,Historical,World Bank API,1.45173556595506,6.747787530076212,-154.66868235870587
2005-01-01,Eritrea,ERI,2.57444955124846,,Historical,World Bank API,2.57444955124846,6.747787530076212,77.3359840195687
2006-01-01,Eritrea,ERI,-0.969217110711355,,Historical,World Bank API,-0.969217110711355,6.747787530076212,-137.6475472297113
2007-01-01,Eritrea,ERI,1.42682221120323,,Historical,World Bank API,1.42682221120323,6.747787530076212,-247.21388999787845
2008-01-01,Eritrea,ERI,-9.78303001782456,,Historical,World Bank API,-9.78303001782456,6.747787530076212,-785.6516488886582
2009-01-01,Eritrea,ERI,3.8765015275421,,Historical,World Bank API,3.8765015275421,6.747787530076212,-139.6247534810704
2010-01-01,Eritrea,ERI,2.19419034888082,,Historical,World Bank API,2.19419034888082,6.747787530076212,-43.39766582596837
2011-01-01,Eritrea,ERI,8.67980010138049,,Historical,World Bank API,8.67980010138049,6.747787530076212,295.5809989688339
2000-01-01,Estonia,EST,10.0876385800462,4.01848952508763,Historical,World Bank API,10.0876385800462,4.01848952508763,
2001-01-01,Estonia,EST,5.88074589534277,5.74827981651373,Historical,World Bank API,5.88074589534277,5.74827981651373,-41.70344378737807
2002-01-01,Estonia,EST,6.93300082616575,3.57191270164027,Historical,World Bank API,6.93300082616575,3.57191270164027,17.893222212786107
2003-01-01,Estonia,EST,7.59630181032645,1.33499116549955,Historical,World Bank API,7.59630181032645,1.33499116549955,9.567299944020547
2004-01-01,Estonia,EST,6.80070110758655,3.04811107523416,Historical,World Bank API,6.80070110758655,3.04811107523416,-10.47352675822274
2005-01-01,Estonia,EST,9.52305386462066,4.07971423199849,Historical,World Bank API,9.52305386462066,4.07971423199849,40.030472064081415
2006-01-01,Estonia,EST,9.76257131206653,4.43762042389213,Historical,World Bank API,9.76257131206653,4.43762042389213,2.515132759415617
2007-01-01,Estonia,EST,7.57091879311882,6.60132603055637,Historical,World Bank API,7.57091879311882,6.60132603055637,-22.44954171283573
2008-01-01,Estonia,EST,-5.12531154308803,10.3623580313683,Historical,World Bank API,-5.12531154308803,10.3623580313683,-167.69735197459
2009-01-01,Estonia,EST,-14.6302225427906,-0.0784083112809768,Historical,World Bank API,-14.6302225427906,-0.0784083112809768,185.4504047177551
2010-01-01,Estonia,EST,2.4497502063999,2.97204512015694,Historical,World Bank API,2.4497502063999,2.97204512015694,-116.74444937002735
2011-01-01,Estonia,EST,7.60697458913162,4.9819013145361,Historical,World Bank API,7.60697458913162,4.9819013145361,210.52041833729103
2012-01-01,Estonia,EST,3.67201872506541,3.93339987296985,Historical,World Bank API,3.67201872506541,3.93339987296985,-51.72826355550384
2013-01-01,Estonia,EST,1.75649379621869,2.78056658954988,Historical,World Bank API,1.75649379621869,2.78056658954988,-52.16544555645201
2014-01-01,Estonia,EST,3.32278988182702,-0.10617514652171,Historical,World Bank API,3.32278988182702,-0.10617514652171,89.17174025779026
2015-01-01,Estonia,EST,1.83815262882932,-0.49232600654737,Historical,World Bank API,1.83815262882932,-0.49232600654737,-44.680443416463625
2016-01-01,Estonia,EST,3.09301920751959,0.148684907627373,Historical,World Bank API,3.09301920751959,0.148684907627373,68.2678118785744
2017-01-01,Estonia,EST,5.63467248963991,3.41723549488054,Historical,World Bank API,5.63467248963991,3.41723549488054,82.17386028322045
2018-01-01,Estonia,EST,3.69969756161726,3.43632688420446,Historical,World Bank API,3.69969756161726,3.43632688420446,-34.340503934884545
2019-01-01,Estonia,EST,3.72664943466884,2.27725931243522,Historical,World Bank API,3.72664943466884,2.27725931243522,0.7284885481233516
2020-01-01,Estonia,EST,-2.88380751483778,-0.44453109767983,Historical,World Bank API,-2.88380751483778,-0.44453109767983,-177.38338594475397
2021-01-01,Estonia,EST,8.25488044580031,4.65316673847473,Historical,World Bank API,8.25488044580031,4.65316673847473,-386.2493562183766
2022-01-01,Estonia,EST,-1.22616966587796,19.3982634080616,Historical,World Bank API,-1.22616966587796,19.3982634080616,-114.85387552162281
2023-01-01,Estonia,EST,-2.74421914571231,9.15922507983982,Historical,World Bank API,-2.74421914571231,9.15922507983982,123.80419464604833
2024-01-01,Estonia,EST,-0.0900428648493801,3.52056053296586,Historical,World Bank API,-0.0900428648493801,3.52056053296586,-96.71881653511284
2000-01-01,Eswatini,SWZ,1.76017342169806,12.2085358545844,Historical,World Bank API,1.76017342169806,12.2085358545844,
2001-01-01,Eswatini,SWZ,1.41221393287066,5.94210982281648,Historical,World Bank API,1.41221393287066,5.94210982281648,-19.768477613513756
2002-01-01,Eswatini,SWZ,4.0886479398829,12.0197154699232,Historical,World Bank API,4.0886479398829,12.0197154699232,189.52043629620286
2003-01-01,Eswatini,SWZ,4.53865525672528,7.28999999999999,Historical,World Bank API,4.53865525672528,7.28999999999999,11.006262301353043
2004-01-01,Eswatini,SWZ,3.61711931922247,3.44533507316614,Historical,World Bank API,3.61711931922247,3.44533507316614,-20.304162474937883
2005-01-01,Eswatini,SWZ,5.99228289096037,4.77400404553712,Historical,World Bank API,5.99228289096037,4.77400404553712,65.6645070876031
2006-01-01,Eswatini,SWZ,6.72880946564094,5.30463946338728,Historical,World Bank API,6.72880946564094,5.30463946338728,12.291251732985664
2007-01-01,Eswatini,SWZ,4.31772144872362,8.07608827861589,Historical,World Bank API,4.31772144872362,8.07608827861589,-35.83231222742992
2008-01-01,Eswatini,SWZ,1.44055358727118,12.6574601863915,Historical,World Bank API,1.44055358727118,12.6574601863915,-66.63625469176506
2009-01-01,Eswatini,SWZ,1.43311134247756,7.44823423445754,Historical,World Bank API,1.43311134247756,7.44823423445754,-0.5166239464731048
2010-01-01,Eswatini,SWZ,3.82443487429767,4.50923691774369,Historical,World Bank API,3.82443487429767,4.50923691774369,166.8623686758347
2011-01-01,Eswatini,SWZ,1.83973625916165,6.10742714590251,Historical,World Bank API,1.83973625916165,6.10742714590251,-51.895212766578894
2012-01-01,Eswatini,SWZ,4.09048190124592,8.93964682788212,Historical,World Bank API,4.09048190124592,8.93964682788212,122.34066871682536
2013-01-01,Eswatini,SWZ,4.09458522119226,5.62130623468948,Historical,World Bank API,4.09458522119226,5.62130623468948,0.10031385165376605
2014-01-01,Eswatini,SWZ,2.05738179246586,5.68134885776447,Historical,World Bank API,2.05738179246586,5.68134885776447,-49.753596974425854
2015-01-01,Eswatini,SWZ,1.70425806017289,4.95124493704919,Historical,World Bank API,1.70425806017289,4.95124493704919,-17.163743432848023
2016-01-01,Eswatini,SWZ,2.94916821059911,7.8472745908568,Historical,World Bank API,2.94916821059911,7.8472745908568,73.04704489999179
2017-01-01,Eswatini,SWZ,3.52095345987983,6.22137528933118,Historical,World Bank API,3.52095345987983,6.22137528933118,19.388017517134593
2018-01-01,Eswatini,SWZ,0.0653956557843571,4.81506167461513,Historical,World Bank API,0.0653956557843571,4.81506167461513,-98.14267196287823
2019-01-01,Eswatini,SWZ,6.43186888691574,2.59801620311077,Historical,World Bank API,6.43186888691574,2.59801620311077,9735.315220516937
2020-01-01,Eswatini,SWZ,-2.95183453409287,,Historical,World Bank API,-2.95183453409287,6.747787530076212,-145.89388536973672
2021-01-01,Eswatini,SWZ,4.23621913615419,,Historical,World Bank API,4.23621913615419,6.747787530076212,-243.51140239153094
2022-01-01,Eswatini,SWZ,0.386070835562705,,Historical,World Bank API,0.386070835562705,6.747787530076212,-90.88642907379916
2023-01-01,Eswatini,SWZ,3.53257662836211,,Historical,World Bank API,3.53257662836211,6.747787530076212,815.0073776521654
2024-01-01,Eswatini,SWZ,2.97391075973985,,Historical,World Bank API,2.97391075973985,6.747787530076212,-15.81468506972733
2000-01-01,Ethiopia,ETH,6.07321748125295,0.662458109266482,Historical,World Bank API,6.07321748125295,0.662458109266482,
2001-01-01,Ethiopia,ETH,8.30130632267965,-8.23784453391137,Historical,World Bank API,8.30130632267965,-8.23784453391137,36.68712421882559
2002-01-01,Ethiopia,ETH,1.51472570667433,0.675089102170801,Historical,World Bank API,1.51472570667433,0.675089102170801,-81.75316452862351
2003-01-01,Ethiopia,ETH,-2.16135972256865,13.6740452028272,Historical,World Bank API,-2.16135972256865,13.6740452028272,-242.68984232888232
2004-01-01,Ethiopia,ETH,13.5726031401471,3.32737047894847,Historical,World Bank API,13.5726031401471,3.32737047894847,-727.9659511752561
2005-01-01,Ethiopia,ETH,11.8187659491625,9.96997123512892,Historical,World Bank API,11.8187659491625,9.96997123512892,-12.921892527726197
2006-01-01,Ethiopia,ETH,10.8347270679373,12.2994763114825,Historical,World Bank API,10.8347270679373,12.2994763114825,-8.326071312842364
2007-01-01,Ethiopia,ETH,11.4561670019891,17.2404008340898,Historical,World Bank API,11.4561670019891,17.2404008340898,5.73563071921579
2008-01-01,Ethiopia,ETH,10.7885216870332,44.3566858766952,Historical,World Bank API,10.7885216870332,44.3566858766952,-5.827824566803008
2009-01-01,Ethiopia,ETH,8.8025531990487,8.48364404530282,Historical,World Bank API,8.8025531990487,8.48364404530282,-18.408161429303593
2010-01-01,Ethiopia,ETH,12.5505383347633,8.14926402965082,Historical,World Bank API,12.5505383347633,8.14926402965082,42.57838664490714
2011-01-01,Ethiopia,ETH,11.1782962297008,33.2499598823344,Historical,World Bank API,11.1782962297008,33.2499598823344,-10.933731035756244
2012-01-01,Ethiopia,ETH,8.64781163513926,23.600417677317,Historical,World Bank API,8.64781163513926,23.600417677317,-22.637480189852443
2013-01-01,Ethiopia,ETH,10.5822700502552,7.46402192944517,Historical,World Bank API,10.5822700502552,7.46402192944517,22.369340322533393
2014-01-01,Ethiopia,ETH,10.2574929627477,6.89001951597192,Historical,World Bank API,10.2574929627477,6.89001951597192,-3.0690682241630074
2015-01-01,Ethiopia,ETH,10.3924630141307,9.56889955968623,Historical,World Bank API,10.3924630141307,9.56889955968623,1.3158190980308015
2016-01-01,Ethiopia,ETH,9.43348265981905,6.62813337230924,Historical,World Bank API,9.43348265981905,6.62813337230924,-9.227652318874913
2017-01-01,Ethiopia,ETH,9.56418965754014,10.6871150284238,Historical,World Bank API,9.56418965754014,10.6871150284238,1.3855646152594714
2018-01-01,Ethiopia,ETH,6.81614778557282,13.8330356586661,Historical,World Bank API,6.81614778557282,13.8330356586661,-28.732615834325713
2019-01-01,Ethiopia,ETH,8.36408573314054,15.8096321719344,Historical,World Bank API,8.36408573314054,15.8096321719344,22.709864813144343
2020-01-01,Ethiopia,ETH,6.05953089054807,20.3563468559061,Historical,World Bank API,6.05953089054807,20.3563468559061,-27.55297968146433
2021-01-01,Ethiopia,ETH,5.64153069257077,26.8395221557722,Historical,World Bank API,5.64153069257077,26.8395221557722,-6.8982270332067275
2022-01-01,Ethiopia,ETH,5.32175988403378,33.8898797100898,Historical,World Bank API,5.32175988403378,33.8898797100898,-5.668156852502648
2023-01-01,Ethiopia,ETH,6.59424599357075,30.2188278135278,Historical,World Bank API,6.59424599357075,30.2188278135278,23.91100194795812
2024-01-01,Ethiopia,ETH,7.61277447511073,21.0377460577711,Historical,World Bank API,7.61277447511073,21.0377460577711,15.445715591032293
2009-01-01,Faroe Islands,FRO,-4.55329824103478,,Historical,World Bank API,-4.55329824103478,6.747787530076212,
2010-01-01,Faroe Islands,FRO,-0.379817991218616,,Historical,World Bank API,-0.379817991218616,6.747787530076212,-91.65839856929075
2011-01-01,Faroe Islands,FRO,3.56636317884431,,Historical,World Bank API,3.56636317884431,6.747787530076212,-1038.9663631788255
2012-01-01,Faroe Islands,FRO,7.08148344487884,,Historical,World Bank API,7.08148344487884,6.747787530076212,98.56316055768653
2013-01-01,Faroe Islands,FRO,5.85614389735763,,Historical,World Bank API,5.85614389735763,6.747787530076212,-17.303430235473417
2014-01-01,Faroe Islands,FRO,5.43214206841004,,Historical,World Bank API,5.43214206841004,6.747787530076212,-7.240290477474531
2015-01-01,Faroe Islands,FRO,0.958001934486234,,Historical,World Bank API,0.958001934486234,6.747787530076212,-82.36419588402562
2016-01-01,Faroe Islands,FRO,1.38644795938293,,Historical,World Bank API,1.38644795938293,6.747787530076212,44.72287679945728
2017-01-01,Faroe Islands,FRO,3.51201367488443,,Historical,World Bank API,3.51201367488443,6.747787530076212,153.31016942370712
2018-01-01,Faroe Islands,FRO,2.76370952267429,,Historical,World Bank API,2.76370952267429,6.747787530076212,-21.30698287314512
2019-01-01,Faroe Islands,FRO,4.53851028676189,,Historical,World Bank API,4.53851028676189,6.747787530076212,64.2180645081044
2020-01-01,Faroe Islands,FRO,-1.63732118017028,,Historical,World Bank API,-1.63732118017028,6.747787530076212,-136.0761808769297
2021-01-01,Faroe Islands,FRO,5.06636291600633,,Historical,World Bank API,5.06636291600633,6.747787530076212,-409.4299992796424
2022-01-01,Faroe Islands,FRO,3.86099981669155,,Historical,World Bank API,3.86099981669155,6.747787530076212,-23.79148748911445
2023-01-01,Faroe Islands,FRO,3.15873872329266,,Historical,World Bank API,3.15873872329266,6.747787530076212,-18.18858137114987
2024-01-01,Faroe Islands,FRO,0.843716851362103,,Historical,World Bank API,0.843716851362103,6.747787530076212,-73.28943843501513
2000-01-01,Fiji,FJI,-1.69999841605511,1.09216459977386,Historical,World Bank API,-1.69999841605511,1.09216459977386,
2001-01-01,Fiji,FJI,2.00000014675203,4.27267024465104,Historical,World Bank API,2.00000014675203,4.27267024465104,-217.6471770716753
2002-01-01,Fiji,FJI,3.19999911373272,0.762032085561207,Historical,World Bank API,3.19999911373272,0.762032085561207,59.99994394647772
2003-01-01,Fiji,FJI,0.999999344757256,4.17274777763035,Historical,World Bank API,0.999999344757256,4.17274777763035,-68.75001182138512
2004-01-01,Fiji,FJI,5.29999970460942,2.82748519391201,Historical,World Bank API,5.29999970460942,2.82748519391201,430.0003177398045
2005-01-01,Fiji,FJI,0.700000402432295,2.36576453830435,Historical,World Bank API,0.700000402432295,2.36576453830435,-86.79244450101567
2006-01-01,Fiji,FJI,1.85248387199492,2.49083638787078,Historical,World Bank API,1.85248387199492,2.49083638787078,164.64040099949725
2007-01-01,Fiji,FJI,-0.850654310045783,4.8037064130699,Historical,World Bank API,-0.850654310045783,4.8037064130699,-145.91966078116093
2008-01-01,Fiji,FJI,1.03279422025963,7.73227857918425,Historical,World Bank API,1.03279422025963,7.73227857918425,-221.41174247433648
2009-01-01,Fiji,FJI,-1.38603770763578,3.13103559015968,Historical,World Bank API,-1.38603770763578,3.13103559015968,-234.20269792828137
2010-01-01,Fiji,FJI,2.9546724221223,3.68901229670758,Historical,World Bank API,2.9546724221223,3.68901229670758,-313.1740288049019
2011-01-01,Fiji,FJI,2.70514302901054,7.278117827085,Historical,World Bank API,2.70514302901054,7.278117827085,-8.445247305368863
2012-01-01,Fiji,FJI,1.41131438177968,3.42337523401979,Historical,World Bank API,1.41131438177968,3.42337523401979,-47.828474626131076
2013-01-01,Fiji,FJI,4.73421948956533,2.91354193604001,Historical,World Bank API,4.73421948956533,2.91354193604001,235.44754809310712
2014-01-01,Fiji,FJI,5.60351440618301,0.519306474579106,Historical,World Bank API,5.60351440618301,0.519306474579106,18.361947909970986
2015-01-01,Fiji,FJI,4.50120041028725,1.37488542621446,Historical,World Bank API,4.50120041028725,1.37488542621446,-19.67183299608276
2016-01-01,Fiji,FJI,2.44565179664245,3.86322538221269,Historical,World Bank API,2.44565179664245,3.86322538221269,-45.66667613703569
2017-01-01,Fiji,FJI,5.35336455965039,3.34757834757839,Historical,World Bank API,5.35336455965039,3.34757834757839,118.89316242810351
2018-01-01,Fiji,FJI,3.81235122208561,4.08147637644542,Historical,World Bank API,3.81235122208561,4.08147637644542,-28.78588447309889
2019-01-01,Fiji,FJI,-0.581946709343867,1.77310182460266,Historical,World Bank API,-0.581946709343867,1.77310182460266,-115.264771670893
2020-01-01,Fiji,FJI,-17.1835352599354,-2.59524325887372,Historical,World Bank API,-17.1835352599354,-2.59524325887372,2852.7678366477035
2021-01-01,Fiji,FJI,-4.3459619989752,0.155855722131516,Historical,World Bank API,-4.3459619989752,0.155855722131516,-74.70856879429164
2022-01-01,Fiji,FJI,17.7451269773594,4.32011856243056,Historical,World Bank API,17.7451269773594,4.32011856243056,-508.31298068284514
2023-01-01,Fiji,FJI,9.44245856738313,2.34408296633042,Historical,World Bank API,9.44245856738313,2.34408296633042,-46.788441810359856
2024-01-01,Fiji,FJI,3.53085896076352,4.51138256524155,Historical,World Bank API,3.53085896076352,4.51138256524155,-62.60657184178614
2000-01-01,Finland,FIN,5.75373770498848,3.04210080667795,Historical,World Bank API,5.75373770498848,3.04210080667795,
2001-01-01,Finland,FIN,2.64026205699308,2.57844080098896,Historical,World Bank API,2.64026205699308,2.57844080098896,-54.11222769672004
2002-01-01,Finland,FIN,1.68732644358099,1.5712201278938,Historical,World Bank API,1.68732644358099,1.5712201278938,-36.092463279851906
2003-01-01,Finland,FIN,2.01179992738312,0.877440386254785,Historical,World Bank API,2.01179992738312,0.877440386254785,19.23003607491056
2004-01-01,Finland,FIN,4.00537952277651,0.187120559084418,Historical,World Bank API,4.00537952277651,0.187120559084418,99.09432683927817
2005-01-01,Finland,FIN,2.77730918518017,0.623874450025191,Historical,World Bank API,2.77730918518017,0.623874450025191,-30.660523693521235
2006-01-01,Finland,FIN,4.01957326515895,1.56666380704386,Historical,World Bank API,4.01957326515895,1.56666380704386,44.72905237225835
2007-01-01,Finland,FIN,5.31280176694145,2.5106656524034,Historical,World Bank API,5.31280176694145,2.5106656524034,32.17327851670247
2008-01-01,Finland,FIN,0.784431235717051,4.06595355358379,Historical,World Bank API,0.784431235717051,4.06595355358379,-85.23507425784035
2009-01-01,Finland,FIN,-8.07603116552393,-9.17360384430342e-07,Historical,World Bank API,-8.07603116552393,-9.17360384430342e-07,-1129.5397222602442
2010-01-01,Finland,FIN,3.1682879121621,1.18413523154646,Historical,World Bank API,3.1682879121621,1.18413523154646,-139.23075390901562
2011-01-01,Finland,FIN,2.39039455396828,3.41680754255211,Historical,World Bank API,2.39039455396828,3.41680754255211,-24.552483226278852
2012-01-01,Finland,FIN,-1.52284013040689,2.80833622561574,Historical,World Bank API,-1.52284013040689,2.80833622561574,-163.7066432350606
2013-01-01,Finland,FIN,-0.979741024949618,1.4782861568881,Historical,World Bank API,-0.979741024949618,1.4782861568881,-35.66356668786766
2014-01-01,Finland,FIN,-0.4780684247837,1.04119621178439,Historical,World Bank API,-0.4780684247837,1.04119621178439,-51.20461299369554
2015-01-01,Finland,FIN,0.466503766322674,-0.207928839905268,Historical,World Bank API,0.466503766322674,-0.207928839905268,-197.58096166542302
2016-01-01,Finland,FIN,2.57193414898754,0.356684500891695,Historical,World Bank API,2.57193414898754,0.356684500891695,451.3211970958815
2017-01-01,Finland,FIN,3.30337003591039,0.754015047084346,Historical,World Bank API,3.30337003591039,0.754015047084346,28.43913741768176
2018-01-01,Finland,FIN,1.19297759742292,1.08382098409305,Historical,World Bank API,1.19297759742292,1.08382098409305,-63.88604411693943
2019-01-01,Finland,FIN,1.34973845741737,1.02409392963431,Historical,World Bank API,1.34973845741737,1.02409392963431,13.14030207550303
2020-01-01,Finland,FIN,-2.49103605535707,0.290554555653239,Historical,World Bank API,-2.49103605535707,0.290554555653239,-284.5569444708194
2021-01-01,Finland,FIN,2.67634641498897,2.19457432340007,Historical,World Bank API,2.67634641498897,2.19457432340007,-207.43908781381882
2022-01-01,Finland,FIN,0.763041912763526,7.12350773301402,Historical,World Bank API,0.763041912763526,7.12350773301402,-71.4894189896314
2023-01-01,Finland,FIN,-0.939093459613758,6.25064322154763,Historical,World Bank API,-0.939093459613758,6.25064322154763,-223.07232982951385
2024-01-01,Finland,FIN,0.416171964862073,1.56568906231616,Historical,World Bank API,0.416171964862073,1.56568906231616,-144.3163521800313
2000-01-01,France,FRA,4.14099996402915,1.67595988720927,Historical,World Bank API,4.14099996402915,1.67595988720927,
2001-01-01,France,FRA,1.89946701186636,1.63478079549601,Historical,World Bank API,1.89946701186636,1.63478079549601,-54.13023355793034
2002-01-01,France,FRA,1.06775027069419,1.9234122872706,Historical,World Bank API,1.06775027069419,1.9234122872706,-43.78684841464816
2003-01-01,France,FRA,0.967827182558352,2.09847219146923,Historical,World Bank API,0.967827182558352,2.09847219146923,-9.358282632030956
2004-01-01,France,FRA,2.86825052501032,2.14208964640241,Historical,World Bank API,2.86825052501032,2.14208964640241,196.3597816532073
2005-01-01,France,FRA,1.88856584109286,1.74586936380482,Historical,World Bank API,1.88856584109286,1.74586936380482,-34.156175528423724
2006-01-01,France,FRA,2.71406448755236,1.67512449608723,Historical,World Bank API,2.71406448755236,1.67512449608723,43.71034509349205
2007-01-01,France,FRA,2.53048188351066,1.4879980595386,Historical,World Bank API,2.53048188351066,1.4879980595386,-6.764120929464756
2008-01-01,France,FRA,0.380171435849121,2.81286194914787,Historical,World Bank API,0.380171435849121,2.81286194914787,-84.97632256028284
2009-01-01,France,FRA,-2.82455153714783,0.0876204781574552,Historical,World Bank API,-2.82455153714783,0.0876204781574552,-842.9678483969038
2010-01-01,France,FRA,2.00032476039051,1.53112270420926,Historical,World Bank API,2.00032476039051,1.53112270420926,-170.81919851993192
2011-01-01,France,FRA,2.43757653729007,2.11159795174994,Historical,World Bank API,2.43757653729007,2.11159795174994,21.859039369897037
2012-01-01,France,FRA,0.183835264973013,1.9541953161351,Historical,World Bank API,0.183835264973013,1.9541953161351,-92.45827722080931
2013-01-01,France,FRA,0.781756446231,0.863715497861805,Historical,World Bank API,0.781756446231,0.863715497861805,325.2483582765047
2014-01-01,France,FRA,0.997832947295251,0.50775882293799,Historical,World Bank API,0.997832947295251,0.50775882293799,27.63987455504815
2015-01-01,France,FRA,1.06675474783462,0.0375143805125182,Historical,World Bank API,1.06675474783462,0.0375143805125182,6.907148208143465
2016-01-01,France,FRA,0.860031075424033,0.18333486112386,Historical,World Bank API,0.860031075424033,0.18333486112386,-19.37874406748228
2017-01-01,France,FRA,2.08361485997399,1.03228275064662,Historical,World Bank API,2.08361485997399,1.03228275064662,142.2720433615351
2018-01-01,France,FRA,1.64590872395887,1.85081508315502,Historical,World Bank API,1.64590872395887,1.85081508315502,-21.007055786719818
2019-01-01,France,FRA,2.02744646419237,1.10825492288294,Historical,World Bank API,2.02744646419237,1.10825492288294,23.18097806273216
2020-01-01,France,FRA,-7.44064589948231,0.476498852725066,Historical,World Bank API,-7.44064589948231,0.476498852725066,-466.9959247208176
2021-01-01,France,FRA,6.88233783360239,1.64233141038385,Historical,World Bank API,6.88233783360239,1.64233141038385,-192.49651074083818
2022-01-01,France,FRA,2.71676264185913,5.22236748369735,Historical,World Bank API,2.71676264185913,5.22236748369735,-60.52558436473747
2023-01-01,France,FRA,1.43921494437743,4.87835726508441,Historical,World Bank API,1.43921494437743,4.87835726508441,-47.02463431282502
2024-01-01,France,FRA,1.19046798275883,1.99904942291463,Historical,World Bank API,1.19046798275883,1.99904942291463,-17.283517141784678
2000-01-01,French Polynesia,PYF,3.24541101308193,,Historical,World Bank API,3.24541101308193,6.747787530076212,
2001-01-01,French Polynesia,PYF,-0.341595578089056,,Historical,World Bank API,-0.341595578089056,6.747787530076212,-110.52549512872541
2002-01-01,French Polynesia,PYF,0.846181482808589,,Historical,World Bank API,0.846181482808589,6.747787530076212,-347.7144135009805
2003-01-01,French Polynesia,PYF,2.1269288487261,,Historical,World Bank API,2.1269288487261,6.747787530076212,151.35610881799727
2004-01-01,French Polynesia,PYF,0.971259129987544,,Historical,World Bank API,0.971259129987544,6.747787530076212,-54.335137700103665
2005-01-01,French Polynesia,PYF,0.309973476180005,,Historical,World Bank API,0.309973476180005,6.747787530076212,-68.08539898266076
2006-01-01,French Polynesia,PYF,0.889584117597607,,Historical,World Bank API,0.889584117597607,6.747787530076212,186.98717340609358
2007-01-01,French Polynesia,PYF,1.70497563803002,,Historical,World Bank API,1.70497563803002,6.747787530076212,91.65985591496879
2008-01-01,French Polynesia,PYF,0.0067675506631275,,Historical,World Bank API,0.0067675506631275,6.747787530076212,-99.60307053589652
2009-01-01,French Polynesia,PYF,-4.23139183069446,,Historical,World Bank API,-4.23139183069446,6.747787530076212,-62624.71597662188
2010-01-01,French Polynesia,PYF,-2.4660641898174,,Historical,World Bank API,-2.4660641898174,6.747787530076212,-41.71978657403923
2011-01-01,French Polynesia,PYF,-2.96195745427229,,Historical,World Bank API,-2.96195745427229,6.747787530076212,20.108692486695112
2012-01-01,French Polynesia,PYF,-0.927537712532072,,Historical,World Bank API,-0.927537712532072,6.747787530076212,-68.68497516079431
2013-01-01,French Polynesia,PYF,0.398801414346934,,Historical,World Bank API,0.398801414346934,6.747787530076212,-142.99570884921238
2014-01-01,French Polynesia,PYF,0.593554452942286,,Historical,World Bank API,0.593554452942286,6.747787530076212,48.834590748449116
2015-01-01,French Polynesia,PYF,1.80334081452726,,Historical,World Bank API,1.80334081452726,6.747787530076212,203.82061925203126
2016-01-01,French Polynesia,PYF,2.30219823670438,,Historical,World Bank API,2.30219823670438,6.747787530076212,27.66295855771965
2017-01-01,French Polynesia,PYF,4.29263363103487,,Historical,World Bank API,4.29263363103487,6.747787530076212,86.4580366102538
2018-01-01,French Polynesia,PYF,1.80687498305207,,Historical,World Bank API,1.80687498305207,6.747787530076212,-57.90754258670643
2019-01-01,French Polynesia,PYF,2.68946658143334,,Historical,World Bank API,2.68946658143334,6.747787530076212,48.84630130250886
2020-01-01,French Polynesia,PYF,-10.5738138632489,,Historical,World Bank API,-10.5738138632489,6.747787530076212,-493.15654398700985
2021-01-01,French Polynesia,PYF,3.36590242421546,,Historical,World Bank API,3.36590242421546,6.747787530076212,-131.83243499220495
2022-01-01,French Polynesia,PYF,2.9373470716322,,Historical,World Bank API,2.9373470716322,6.747787530076212,-12.732257165272676
2023-01-01,French Polynesia,PYF,2.77284077155413,,Historical,World Bank API,2.77284077155413,6.747787530076212,-5.600506037124808
2024-01-01,French Polynesia,PYF,1.12638897730247,,Historical,World Bank API,1.12638897730247,6.747787530076212,-59.377798074169675
2000-01-01,Gabon,GAB,-1.88296639760897,0.504920025834859,Historical,World Bank API,-1.88296639760897,0.504920025834859,
2001-01-01,Gabon,GAB,2.13523342197423,2.13762052701465,Historical,World Bank API,2.13523342197423,2.13762052701465,-213.39731949999714
2002-01-01,Gabon,GAB,-0.249033168543434,0.0366828893971394,Historical,World Bank API,-0.249033168543434,0.0366828893971394,-111.66304189418217
2003-01-01,Gabon,GAB,2.2473300115045,2.23535313551536,Historical,World Bank API,2.2473300115045,2.23535313551536,-1002.4219643707991
2004-01-01,Gabon,GAB,0.689543058464849,0.40820530743925,Historical,World Bank API,0.689543058464849,0.40820530743925,-69.31723178460885
2005-01-01,Gabon,GAB,2.67620333310926,3.70833333333304,Historical,World Bank API,2.67620333310926,3.70833333333304,288.1125769096094
2006-01-01,Gabon,GAB,-2.80657835569052,-1.4094013660098,Historical,World Bank API,-2.80657835569052,-1.4094013660098,-204.87164114057762
2007-01-01,Gabon,GAB,6.00810802487668,5.03031883679951,Historical,World Bank API,6.00810802487668,5.03031883679951,-314.07234231301084
2008-01-01,Gabon,GAB,-3.30843064878751,5.26430145575285,Historical,World Bank API,-3.30843064878751,5.26430145575285,-155.06609793114393
2009-01-01,Gabon,GAB,0.130331119816617,1.88570754577918,Historical,World Bank API,0.130331119816617,1.88570754577918,-103.93936381481599
2010-01-01,Gabon,GAB,7.08988731455126,1.46154402720469,Historical,World Bank API,7.08988731455126,1.46154402720469,5339.903627412332
2011-01-01,Gabon,GAB,7.09175334258654,1.26331707837421,Historical,World Bank API,7.09175334258654,1.26331707837421,0.02631957254737305
2012-01-01,Gabon,GAB,5.25107691750407,2.65241828695626,Historical,World Bank API,5.25107691750407,2.65241828695626,-25.9551670251849
2013-01-01,Gabon,GAB,5.63869900338696,0.505441058915615,Historical,World Bank API,5.63869900338696,0.505441058915615,7.381763626253135
2014-01-01,Gabon,GAB,4.31496444107469,4.69045751826284,Historical,World Bank API,4.31496444107469,4.69045751826284,-23.475886219802668
2015-01-01,Gabon,GAB,3.8788993950789,-0.338795188753406,Historical,World Bank API,3.8788993950789,-0.338795188753406,-10.105878088932375
2016-01-01,Gabon,GAB,2.09144220829562,2.10670712784054,Historical,World Bank API,2.09144220829562,2.10670712784054,-46.08155573849116
2017-01-01,Gabon,GAB,0.472642030911146,2.65192583143902,Historical,World Bank API,0.472642030911146,2.65192583143902,-77.40114314244828
2018-01-01,Gabon,GAB,0.83791658082157,4.74906652083221,Historical,World Bank API,0.83791658082157,4.74906652083221,77.28355203752362
2019-01-01,Gabon,GAB,3.92080879452831,2.46456756151187,Historical,World Bank API,3.92080879452831,2.46456756151187,367.9235241632276
2020-01-01,Gabon,GAB,-1.83776106357656,1.35276110675333,Historical,World Bank API,-1.83776106357656,1.35276110675333,-146.87198891568622
2021-01-01,Gabon,GAB,1.46795731487489,1.0869074651941,Historical,World Bank API,1.46795731487489,1.0869074651941,-179.87748483570675
2022-01-01,Gabon,GAB,3.03761449530657,4.23124798274579,Historical,World Bank API,3.03761449530657,4.23124798274579,106.92798520272082
2023-01-01,Gabon,GAB,2.43893665064327,3.62901534185376,Historical,World Bank API,2.43893665064327,3.62901534185376,-19.70881576935848
2024-01-01,Gabon,GAB,3.39403899592401,1.17311998381218,Historical,World Bank API,3.39403899592401,1.17311998381218,39.16060489020212
2000-01-01,"Gambia, The",GMB,5.50000021632955,0.8449695667737,Historical,World Bank API,5.50000021632955,0.8449695667737,
2001-01-01,"Gambia, The",GMB,5.80000024323377,4.49259609239754,Historical,World Bank API,5.80000024323377,4.49259609239754,5.454545729171367
2002-01-01,"Gambia, The",GMB,-3.25000014970206,8.60912474386327,Historical,World Bank API,-3.25000014970206,8.60912474386327,-156.0344829897806
2003-01-01,"Gambia, The",GMB,6.86999962173842,17.0328665431988,Historical,World Bank API,6.86999962173842,17.0328665431988,-311.384594008964
2004-01-01,"Gambia, The",GMB,7.05000000064635,14.2067432845569,Historical,World Bank API,7.05000000064635,14.2067432845569,2.6200929959059094
2005-01-01,"Gambia, The",GMB,-2.35172936176019,4.83862177543157,Historical,World Bank API,-2.35172936176019,4.83862177543157,-133.3578632843203
2006-01-01,"Gambia, The",GMB,-0.555580977246521,2.0565034236599,Historical,World Bank API,-0.555580977246521,2.0565034236599,-76.37564142029134
2007-01-01,"Gambia, The",GMB,3.04324950829739,5.36913473801957,Historical,World Bank API,3.04324950829739,5.36913473801957,-647.7598465267552
2008-01-01,"Gambia, The",GMB,6.25590553394287,4.4436549094501,Historical,World Bank API,6.25590553394287,4.4436549094501,105.56663253821958
2009-01-01,"Gambia, The",GMB,6.6657243078367,4.56150687670983,Historical,World Bank API,6.6657243078367,4.56150687670983,6.550910522389808
2010-01-01,"Gambia, The",GMB,5.90833580968288,5.04968075857402,Historical,World Bank API,5.90833580968288,5.04968075857402,-11.36243359575163
2011-01-01,"Gambia, The",GMB,-8.13044422315659,4.7958826618311,Historical,World Bank API,-8.13044422315659,4.7958826618311,-237.60971761002492
2012-01-01,"Gambia, The",GMB,5.24156924630741,4.25432199813899,Historical,World Bank API,5.24156924630741,4.25432199813899,-164.46842389470822
2013-01-01,"Gambia, The",GMB,2.872768790327,5.69912989637382,Historical,World Bank API,2.872768790327,5.69912989637382,-45.19258154700878
2014-01-01,"Gambia, The",GMB,-1.40738249510954,5.94799935696626,Historical,World Bank API,-1.40738249510954,5.94799935696626,-148.99045477827477
2015-01-01,"Gambia, The",GMB,4.0580738039996,6.8084549457961,Historical,World Bank API,4.0580738039996,6.8084549457961,-388.3419268110017
2016-01-01,"Gambia, The",GMB,1.94335965478776,7.22879272057922,Historical,World Bank API,1.94335965478776,7.22879272057922,-52.11127868417762
2017-01-01,"Gambia, The",GMB,4.8226112492757,8.03418974545911,Historical,World Bank API,4.8226112492757,8.03418974545911,148.158452677273
2018-01-01,"Gambia, The",GMB,7.23489033258579,6.52096823946573,Historical,World Bank API,7.23489033258579,6.52096823946573,50.02018530256584
2019-01-01,"Gambia, The",GMB,6.22205315994859,7.11567625631192,Historical,World Bank API,6.22205315994859,7.11567625631192,-13.999343819703846
2020-01-01,"Gambia, The",GMB,0.591487287873974,5.93127636562441,Historical,World Bank API,0.591487287873974,5.93127636562441,-90.49369600887722
2021-01-01,"Gambia, The",GMB,5.25596878816744,7.37034758876618,Historical,World Bank API,5.25596878816744,7.37034758876618,788.6021552651373
2022-01-01,"Gambia, The",GMB,5.49299823010114,11.5131198380505,Historical,World Bank API,5.49299823010114,11.5131198380505,4.509719358823339
2023-01-01,"Gambia, The",GMB,5.9167957146697,16.9742129632327,Historical,World Bank API,5.9167957146697,16.9742129632327,7.715230677595852
2024-01-01,"Gambia, The",GMB,5.55126069510321,11.5610532897511,Historical,World Bank API,5.55126069510321,11.5610532897511,-6.177921922506258
2000-01-01,Georgia,GEO,1.84038117927339,4.06396201382596,Historical,World Bank API,1.84038117927339,4.06396201382596,
2001-01-01,Georgia,GEO,4.80729867243699,4.64604442058634,Historical,World Bank API,4.80729867243699,4.64604442058634,161.2121188032896
2002-01-01,Georgia,GEO,5.47402488700408,5.58783730000794,Historical,World Bank API,5.47402488700408,5.58783730000794,13.869040806426591
2003-01-01,Georgia,GEO,11.0570310020104,0.837734531536568,Historical,World Bank API,11.0570310020104,0.837734531536568,101.99087929360667
2004-01-01,Georgia,GEO,5.79268292682926,5.65632636191132,Historical,World Bank API,5.79268292682926,5.65632636191132,-47.610864745011305
2005-01-01,Georgia,GEO,9.59113832853026,8.24709043114158,Historical,World Bank API,9.59113832853026,8.24709043114158,65.57333535568053
2006-01-01,Georgia,GEO,9.42148081189909,9.16096508394497,Historical,World Bank API,9.42148081189909,9.16096508394497,-1.7688986522746641
2007-01-01,Georgia,GEO,12.5755698246405,9.24489745592404,Historical,World Bank API,12.5755698246405,9.24489745592404,33.47763558312273
2008-01-01,Georgia,GEO,2.42161440960641,9.99948761552747,Historical,World Bank API,2.42161440960641,9.99948761552747,-80.74350154009313
2009-01-01,Georgia,GEO,-3.65075229596822,1.7275146113791,Historical,World Bank API,-3.65075229596822,1.7275146113791,-250.75696120265425
2010-01-01,Georgia,GEO,6.24640865303363,7.11017897486099,Historical,World Bank API,6.24640865303363,7.11017897486099,-271.0992186441127
2011-01-01,Georgia,GEO,7.9343365253078,8.5429333333333,Historical,World Bank API,7.9343365253078,8.5429333333333,27.022373431402237
2012-01-01,Georgia,GEO,6.57883101954195,-0.943658853270964,Historical,World Bank API,6.57883101954195,-0.943658853270964,-17.084043529566127
2013-01-01,Georgia,GEO,5.13288531209382,-0.512058410947092,Historical,World Bank API,5.13288531209382,-0.512058410947092,-21.97876344829426
2014-01-01,Georgia,GEO,4.09049059581743,3.06881210379543,Historical,World Bank API,4.09049059581743,3.06881210379543,-20.308163009610936
2015-01-01,Georgia,GEO,3.35102350265353,4.00357820695097,Historical,World Bank API,3.35102350265353,4.00357820695097,-18.077711605547098
2016-01-01,Georgia,GEO,3.45021517996871,2.13492713939121,Historical,World Bank API,3.45021517996871,2.13492713939121,2.9600412302878354
2017-01-01,Georgia,GEO,5.15990261658827,6.03531725272117,Historical,World Bank API,5.15990261658827,6.03531725272117,49.553066908570756
2018-01-01,Georgia,GEO,6.062036412677,2.6152447139767,Historical,World Bank API,6.062036412677,2.6152447139767,17.483543065105778
2019-01-01,Georgia,GEO,5.38071926589951,4.85289821696723,Historical,World Bank API,5.38071926589951,4.85289821696723,-11.239080407908986
2020-01-01,Georgia,GEO,-6.2904717853839,5.2024648897534,Historical,World Bank API,-6.2904717853839,5.2024648897534,-216.9076377065419
2021-01-01,Georgia,GEO,10.6442336580969,9.56691433824769,Historical,World Bank API,10.6442336580969,9.56691433824769,-269.21200859415814
2022-01-01,Georgia,GEO,10.9585321385624,11.8981654203198,Historical,World Bank API,10.9585321385624,11.8981654203198,2.9527581840184336
2023-01-01,Georgia,GEO,7.83220126555726,2.48776056578715,Historical,World Bank API,7.83220126555726,2.48776056578715,-28.528737548743177
2024-01-01,Georgia,GEO,9.67979387500691,1.10971758022096,Historical,World Bank API,9.67979387500691,1.10971758022096,23.589697797662424
2000-01-01,Germany,DEU,2.8765231247659,1.44026838719741,Historical,World Bank API,2.8765231247659,1.44026838719741,
2001-01-01,Germany,DEU,1.63614170690956,1.98385731334471,Historical,World Bank API,1.63614170690956,1.98385731334471,-43.12085681415427
2002-01-01,Germany,DEU,-0.228255715793637,1.42080615551526,Historical,World Bank API,-0.228255715793637,1.42080615551526,-113.95085247382268
2003-01-01,Germany,DEU,-0.529801394291297,1.03422218628562,Historical,World Bank API,-0.529801394291297,1.03422218628562,132.10870862497197
2004-01-01,Germany,DEU,1.16208684507278,1.66573696655992,Historical,World Bank API,1.16208684507278,1.66573696655992,-319.34386311445564
2005-01-01,Germany,DEU,0.885485292551564,1.54691114751328,Historical,World Bank API,0.885485292551564,1.54691114751328,-23.80214126801278
2006-01-01,Germany,DEU,3.86668241523209,1.57742642840563,Historical,World Bank API,3.86668241523209,1.57742642840563,336.67381578863694
2007-01-01,Germany,DEU,2.8891174138025,2.29834400700951,Historical,World Bank API,2.8891174138025,2.29834400700951,-25.28175051508371
2008-01-01,Germany,DEU,0.887902330743628,2.62837981637219,Historical,World Bank API,0.887902330743628,2.62837981637219,-69.26735041982877
2009-01-01,Germany,DEU,-5.54455451920674,0.312739007368447,Historical,World Bank API,-5.54455451920674,0.312739007368447,-724.4554527256521
2010-01-01,Germany,DEU,4.13463778522758,1.1038103778926,Historical,World Bank API,4.13463778522758,1.1038103778926,-174.57114491173087
2011-01-01,Germany,DEU,3.75796884489337,2.07517283735874,Historical,World Bank API,3.75796884489337,2.07517283735874,-9.110083153595472
2012-01-01,Germany,DEU,0.463512036709204,2.00848884782956,Historical,World Bank API,0.463512036709204,2.00848884782956,-87.66588931839972
2013-01-01,Germany,DEU,0.396995583779145,1.50472330251876,Historical,World Bank API,0.396995583779145,1.50472330251876,-14.350534109600643
2014-01-01,Germany,DEU,2.18018602168017,0.906794000434246,Historical,World Bank API,2.18018602168017,0.906794000434246,449.17135372796554
2015-01-01,Germany,DEU,1.66300602334775,0.514426137125456,Historical,World Bank API,1.66300602334775,0.514426137125456,-23.72182892604059
2016-01-01,Germany,DEU,2.22222216259371,0.491747008445174,Historical,World Bank API,2.22222216259371,0.491747008445174,33.62682584397487
2017-01-01,Germany,DEU,2.797906720551,1.50949485109628,Historical,World Bank API,2.797906720551,1.50949485109628,25.90580580320414
2018-01-01,Germany,DEU,1.13569604599849,1.73216879766942,Historical,World Bank API,1.13569604599849,1.73216879766942,-59.40908116569255
2019-01-01,Germany,DEU,0.977734697038784,1.44565976888253,Historical,World Bank API,0.977734697038784,1.44565976888253,-13.908769825893707
2020-01-01,Germany,DEU,-4.13191443239947,0.144877925813982,Historical,World Bank API,-4.13191443239947,0.144877925813982,-522.6007775845117
2021-01-01,Germany,DEU,3.90999994204108,3.06666666666673,Historical,World Bank API,3.90999994204108,3.06666666666673,-194.62925735784125
2022-01-01,Germany,DEU,1.8092581243061,6.87257438551097,Historical,World Bank API,1.8092581243061,6.87257438551097,-53.727413014700986
2023-01-01,Germany,DEU,-0.869647578573321,5.94643667725823,Historical,World Bank API,-0.869647578573321,5.94643667725823,-148.06652886562856
2024-01-01,Germany,DEU,-0.495851897260366,2.2564981433876,Historical,World Bank API,-0.495851897260366,2.2564981433876,-42.98243225447443
2000-01-01,Ghana,GHA,3.70000008164408,40.240933123914,Historical,World Bank API,3.70000008164408,40.240933123914,
2001-01-01,Ghana,GHA,4.00000012807919,41.509496287803,Historical,World Bank API,4.00000012807919,41.509496287803,8.108109184197797
2002-01-01,Ghana,GHA,4.49999955900331,9.36093239560313,Historical,World Bank API,4.49999955900331,9.36093239560313,12.499985372856015
2003-01-01,Ghana,GHA,5.200000133101,29.7729797160384,Historical,World Bank API,5.200000133101,29.7729797160384,15.555569837716398
2004-01-01,Ghana,GHA,5.59999999077445,18.0427388232565,Historical,World Bank API,5.59999999077445,18.0427388232565,7.692304758363777
2005-01-01,Ghana,GHA,5.90000381855104,15.4389920155908,Historical,World Bank API,5.90000381855104,15.4389920155908,5.357211219121827
2006-01-01,Ghana,GHA,6.39991260618034,11.6791839392492,Historical,World Bank API,6.39991260618034,11.6791839392492,8.47302481495802
2007-01-01,Ghana,GHA,4.34681910440079,10.7342665456292,Historical,World Bank API,4.34681910440079,10.7342665456292,-32.08002402715461
2008-01-01,Ghana,GHA,9.14979893831817,16.494639613412,Historical,World Bank API,9.14979893831817,16.494639613412,110.49412728159692
2009-01-01,Ghana,GHA,4.84448705175076,19.2469482220857,Historical,World Bank API,4.84448705175076,19.2469482220857,-47.05362287839269
2010-01-01,Ghana,GHA,7.89971194051621,10.7333898354915,Historical,World Bank API,7.89971194051621,10.7333898354915,63.066014133762934
2011-01-01,Ghana,GHA,14.0471235803149,8.7284593709302,Historical,World Bank API,14.0471235803149,8.7284593709302,77.8181747143173
2012-01-01,Ghana,GHA,9.2927894063005,11.1863409441067,Historical,World Bank API,9.2927894063005,11.1863409441067,-33.84560651745772
2013-01-01,Ghana,GHA,7.31252501678145,11.6661923071729,Historical,World Bank API,7.31252501678145,11.6661923071729,-21.309687575362823
2014-01-01,Ghana,GHA,2.85624016330883,15.4896160333318,Historical,World Bank API,2.85624016330883,15.4896160333318,-60.940439085622685
2015-01-01,Ghana,GHA,2.12075933817334,17.1499695007878,Historical,World Bank API,2.12075933817334,17.1499695007878,-25.74996439667271
2016-01-01,Ghana,GHA,3.37346574966936,17.4546347070868,Historical,World Bank API,3.37346574966936,17.4546347070868,59.06876791475102
2017-01-01,Ghana,GHA,8.12889488100956,12.3719215507048,Historical,World Bank API,8.12889488100956,12.3719215507048,140.96568586197412
2018-01-01,Ghana,GHA,6.20007768127284,7.80876516610703,Historical,World Bank API,6.20007768127284,7.80876516610703,-23.727914162634267
2019-01-01,Ghana,GHA,6.5077747939152,7.14364003330857,Historical,World Bank API,6.5077747939152,7.14364003330857,4.962794475491017
2020-01-01,Ghana,GHA,0.513941670628171,9.88728956269944,Historical,World Bank API,0.513941670628171,9.88728956269944,-92.10265126093931
2021-01-01,Ghana,GHA,5.07646643533542,9.9710886750444,Historical,World Bank API,5.07646643533542,9.9710886750444,887.7514755965695
2022-01-01,Ghana,GHA,3.80484980952164,31.2558951049016,Historical,World Bank API,3.80484980952164,31.2558951049016,-25.049247188211933
2023-01-01,Ghana,GHA,3.14009099763754,38.1069656296501,Historical,World Bank API,3.14009099763754,38.1069656296501,-17.471354854021847
2024-01-01,Ghana,GHA,5.59045469593266,22.8483281157842,Historical,World Bank API,5.59045469593266,22.8483281157842,78.03479899591004
2000-01-01,Greece,GRC,4.13782699405849,3.1511816249383,Historical,World Bank API,4.13782699405849,3.1511816249383,
2001-01-01,Greece,GRC,4.65041459442163,3.37396832213867,Historical,World Bank API,4.65041459442163,3.37396832213867,12.387845144303157
2002-01-01,Greece,GRC,4.68313727063017,3.62935871878874,Historical,World Bank API,4.68313727063017,3.62935871878874,0.7036507292875083
2003-01-01,Greece,GRC,5.79682274294369,3.53065027765552,Historical,World Bank API,5.79682274294369,3.53065027765552,23.780756530411516
2004-01-01,Greece,GRC,5.37786634595851,2.8988481075817,Historical,World Bank API,5.37786634595851,2.8988481075817,-7.227345315934741
2005-01-01,Greece,GRC,1.18350635493289,3.54507273335078,Historical,World Bank API,1.18350635493289,3.54507273335078,-77.99301286425052
2006-01-01,Greece,GRC,6.44339762487436,3.19594684144545,Historical,World Bank API,6.44339762487436,3.19594684144545,444.4328708517776
2007-01-01,Greece,GRC,3.50686976639459,2.89500321516578,Historical,World Bank API,3.50686976639459,2.89500321516578,-45.5742145594659
2008-01-01,Greece,GRC,0.0574740238200775,4.15279708110293,Historical,World Bank API,0.0574740238200775,4.15279708110293,-98.36110184727029
2009-01-01,Greece,GRC,-4.11927606715011,1.21007269197809,Historical,World Bank API,-4.11927606715011,1.21007269197809,-7267.196227717601
2010-01-01,Greece,GRC,-5.6937412158003,4.71298907760388,Historical,World Bank API,-5.6937412158003,4.71298907760388,38.22188955010903
2011-01-01,Greece,GRC,-9.87677875300243,3.3298532335065,Historical,World Bank API,-9.87677875300243,3.3298532335065,73.46729292146397
2012-01-01,Greece,GRC,-8.33113421099992,1.50152696177758,Historical,World Bank API,-8.33113421099992,1.50152696177758,-15.649277772195225
2013-01-01,Greece,GRC,-2.27211699888024,-0.921269454256994,Historical,World Bank API,-2.27211699888024,-0.921269454256994,-72.72739891910184
2014-01-01,Greece,GRC,0.792225060962835,-1.31226096405506,Historical,World Bank API,0.792225060962835,-1.31226096405506,-134.86726525761063
2015-01-01,Greece,GRC,-0.228301892172851,-1.73588804765284,Historical,World Bank API,-0.228301892172851,-1.73588804765284,-128.81780739117025
2016-01-01,Greece,GRC,-0.0317947678412054,-0.825653978390973,Historical,World Bank API,-0.0317947678412054,-0.825653978390973,-86.07336648040872
2017-01-01,Greece,GRC,1.47312472702352,1.12125452031419,Historical,World Bank API,1.47312472702352,1.12125452031419,-4733.230015645464
2018-01-01,Greece,GRC,2.06467207892409,0.62562141345364,Historical,World Bank API,2.06467207892409,0.62562141345364,40.15595835498631
2019-01-01,Greece,GRC,2.27718065334808,0.253007522038157,Historical,World Bank API,2.27718065334808,0.253007522038157,10.292606588390019
2020-01-01,Greece,GRC,-9.19623149726978,-1.24798355581405,Historical,World Bank API,-9.19623149726978,-1.24798355581405,-503.84286085290586
2021-01-01,Greece,GRC,8.65449786002131,1.22382501019854,Historical,World Bank API,8.65449786002131,1.22382501019854,-194.10917790173832
2022-01-01,Greece,GRC,5.52198580589408,9.64525981280632,Historical,World Bank API,5.52198580589408,9.64525981280632,-36.19519127270912
2023-01-01,Greece,GRC,2.13591131996631,3.46480128513405,Historical,World Bank API,2.13591131996631,3.46480128513405,-61.31986942656622
2024-01-01,Greece,GRC,2.0865743380603,2.74149045788606,Historical,World Bank API,2.0865743380603,2.74149045788606,-2.3098796960722257
2000-01-01,Greenland,GRL,7.10159688181619,,Historical,World Bank API,7.10159688181619,6.747787530076212,
2001-01-01,Greenland,GRL,1.26903507902787,,Historical,World Bank API,1.26903507902787,6.747787530076212,-82.13028562241733
2002-01-01,Greenland,GRL,-0.971177310665553,,Historical,World Bank API,-0.971177310665553,6.747787530076212,-176.52879945678984
2003-01-01,Greenland,GRL,4.43004572118211,,Historical,World Bank API,4.43004572118211,6.747787530076212,-556.1521024565717
2004-01-01,Greenland,GRL,6.90658283676629,,Historical,World Bank API,6.90658283676629,6.747787530076212,55.903195394636754
2005-01-01,Greenland,GRL,4.98749177090193,,Historical,World Bank API,4.98749177090193,6.747787530076212,-27.78640481437984
2006-01-01,Greenland,GRL,5.55569490080012,,Historical,World Bank API,5.55569490080012,6.747787530076212,11.392562754954415
2007-01-01,Greenland,GRL,2.3524379811805,,Historical,World Bank API,2.3524379811805,6.747787530076212,-57.65717838750096
2008-01-01,Greenland,GRL,6.1661327018619,,Historical,World Bank API,6.1661327018619,6.747787530076212,162.11669558096543
2009-01-01,Greenland,GRL,0.865952328886948,,Historical,World Bank API,0.865952328886948,6.747787530076212,-85.95631377467001
2010-01-01,Greenland,GRL,1.73582505889665,,Historical,World Bank API,1.73582505889665,6.747787530076212,100.4527271296554
2011-01-01,Greenland,GRL,-0.496519391959083,,Historical,World Bank API,-0.496519391959083,6.747787530076212,-128.6042299835611
2012-01-01,Greenland,GRL,1.39419335955625,,Historical,World Bank API,1.39419335955625,6.747787530076212,-380.79333499045737
2013-01-01,Greenland,GRL,-1.29828069335511,,Historical,World Bank API,-1.29828069335511,6.747787530076212,-193.1205621125848
2014-01-01,Greenland,GRL,4.7421356730152,,Historical,World Bank API,4.7421356730152,6.747787530076212,-465.2627430482874
2015-01-01,Greenland,GRL,-2.52931802394475,,Historical,World Bank API,-2.52931802394475,6.747787530076212,-153.33710796883483
2016-01-01,Greenland,GRL,4.68195410972302,,Historical,World Bank API,4.68195410972302,6.747787530076212,-285.1073714495181
2017-01-01,Greenland,GRL,0.0527281828800312,,Historical,World Bank API,0.0527281828800312,6.747787530076212,-98.8737996647483
2018-01-01,Greenland,GRL,0.62306542854094,,Historical,World Bank API,0.62306542854094,6.747787530076212,1081.6554155840302
2019-01-01,Greenland,GRL,2.83217756798683,,Historical,World Bank API,2.83217756798683,6.747787530076212,354.55540273179105
2020-01-01,Greenland,GRL,0.250789762104304,,Historical,World Bank API,0.250789762104304,6.747787530076212,-91.14498451865889
2021-01-01,Greenland,GRL,1.63409410992996,,Historical,World Bank API,1.63409410992996,6.747787530076212,551.5792734993452
2022-01-01,Greenland,GRL,2.00455580865604,,Historical,World Bank API,2.00455580865604,6.747787530076212,22.670768866669434
2023-01-01,Greenland,GRL,0.865961986998158,,Historical,World Bank API,0.865961986998158,6.747787530076212,-56.80030542134198
2000-01-01,Grenada,GRD,4.88795213650562,2.18181818181821,Historical,World Bank API,4.88795213650562,2.18181818181821,
2001-01-01,Grenada,GRD,-2.02390004072058,3.14099305202543,Historical,World Bank API,-2.02390004072058,3.14099305202543,-141.4058890962762
2002-01-01,Grenada,GRD,3.43732352954147,1.06721547992874,Historical,World Bank API,3.43732352954147,1.06721547992874,-269.8366253462627
2003-01-01,Grenada,GRD,9.46397343076491,2.15492809908679,Historical,World Bank API,9.46397343076491,2.15492809908679,175.32972527690399
2004-01-01,Grenada,GRD,-0.647450316084857,2.3129167822611,Historical,World Bank API,-0.647450316084857,2.3129167822611,-106.84121020437532
2005-01-01,Grenada,GRD,13.2761883306272,3.475806937554,Historical,World Bank API,13.2761883306272,3.475806937554,-2150.5339175534787
2006-01-01,Grenada,GRD,-3.99532824427482,4.25195321977967,Historical,World Bank API,-3.99532824427482,4.25195321977967,-130.0939407062936
2007-01-01,Grenada,GRD,6.12345094741467,3.85882922469653,Historical,World Bank API,6.12345094741467,3.85882922469653,-253.2652781705579
2008-01-01,Grenada,GRD,0.947542624907697,8.0332732765034,Historical,World Bank API,0.947542624907697,8.0332732765034,-84.52600285288885
2009-01-01,Grenada,GRD,-6.61328134799545,-0.308654779585642,Historical,World Bank API,-6.61328134799545,-0.308654779585642,-797.9402481909106
2010-01-01,Grenada,GRD,-0.511146187173722,3.43650905943351,Historical,World Bank API,-0.511146187173722,3.43650905943351,-92.27091423641525
2011-01-01,Grenada,GRD,0.764773550338731,3.0334728033474,Historical,World Bank API,0.764773550338731,3.0334728033474,-249.6193397367179
2012-01-01,Grenada,GRD,-1.15483816409801,2.41077704021862,Historical,World Bank API,-1.15483816409801,2.41077704021862,-251.00393620915798
2013-01-01,Grenada,GRD,2.35109801677905,-0.0439997864828058,Historical,World Bank API,2.35109801677905,-0.0439997864828058,-303.58679595728313
2014-01-01,Grenada,GRD,7.34212396037948,-0.98360305555498,Historical,World Bank API,7.34212396037948,-0.98360305555498,212.28489446127048
2015-01-01,Grenada,GRD,6.44522314693144,-0.515448031435329,Historical,World Bank API,6.44522314693144,-0.515448031435329,-12.215822264620058
2016-01-01,Grenada,GRD,3.7396039558691,1.65038994431573,Historical,World Bank API,3.7396039558691,1.65038994431573,-41.978673653067865
2017-01-01,Grenada,GRD,4.43867566948151,0.908458255874249,Historical,World Bank API,4.43867566948151,0.908458255874249,18.693736605857847
2018-01-01,Grenada,GRD,4.36144039364797,0.804102313277033,Historical,World Bank API,4.36144039364797,0.804102313277033,-1.7400522494711135
2019-01-01,Grenada,GRD,0.676511738873756,0.598149764736022,Historical,World Bank API,0.676511738873756,0.598149764736022,-84.48880007946384
2020-01-01,Grenada,GRD,-13.7566222572107,-0.740732597045498,Historical,World Bank API,-13.7566222572107,-0.740732597045498,-2133.46393960768
2021-01-01,Grenada,GRD,4.6977240232674,1.21951193916838,Historical,World Bank API,4.6977240232674,1.21951193916838,-134.14881891377829
2022-01-01,Grenada,GRD,7.31023806981959,2.5805392590792,Historical,World Bank API,7.31023806981959,2.5805392590792,55.61233553977727
2023-01-01,Grenada,GRD,4.52657497450693,2.69612269814564,Historical,World Bank API,4.52657497450693,2.69612269814564,-38.07896635822365
2024-01-01,Grenada,GRD,3.96332516398188,1.08615365134737,Historical,World Bank API,3.96332516398188,1.08615365134737,-12.44317864383554
2003-01-01,Guam,GUM,0.879314134974734,,Historical,World Bank API,0.879314134974734,6.747787530076212,
2004-01-01,Guam,GUM,6.49378949662236,,Historical,World Bank API,6.49378949662236,6.747787530076212,638.5062105033659
2005-01-01,Guam,GUM,3.64231634949867,,Historical,World Bank API,3.64231634949867,6.747787530076212,-43.91077272533761
2006-01-01,Guam,GUM,-3.65251727541954,,Historical,World Bank API,-3.65251727541954,6.747787530076212,-200.28006699424319
2007-01-01,Guam,GUM,0.717213114754102,,Historical,World Bank API,0.717213114754102,6.747787530076212,-119.63613203367314
2008-01-01,Guam,GUM,2.03458799593082,,Historical,World Bank API,2.03458799593082,6.747787530076212,183.67969771835294
2009-01-01,Guam,GUM,0.438683948155543,,Historical,World Bank API,0.438683948155543,6.747787530076212,-78.43868394815502
2010-01-01,Guam,GUM,2.26325193567601,,Historical,World Bank API,2.26325193567601,6.747787530076212,415.91856624613365
2011-01-01,Guam,GUM,0.0776548243059523,,Historical,World Bank API,0.0776548243059523,6.747787530076212,-96.56888289448176
2012-01-01,Guam,GUM,2.13385063045585,,Historical,World Bank API,2.13385063045585,6.747787530076212,2647.8661493697937
2013-01-01,Guam,GUM,1.69040835707501,,Historical,World Bank API,1.69040835707501,6.747787530076212,-20.781317447984094
2014-01-01,Guam,GUM,1.79305192379529,,Historical,World Bank API,1.79305192379529,6.747787530076212,6.07211661553122
2015-01-01,Guam,GUM,0.825688073394488,,Historical,World Bank API,0.825688073394488,6.747787530076212,-53.95068807339483
2016-01-01,Guam,GUM,0.18198362147406,,Historical,World Bank API,0.18198362147406,6.747787530076212,-77.95976139925254
2017-01-01,Guam,GUM,0.890099909173486,,Historical,World Bank API,0.890099909173486,6.747787530076212,389.1099000908503
2018-01-01,Guam,GUM,-0.828231904933389,,Historical,World Bank API,-0.828231904933389,6.747787530076212,-193.04931911547487
2019-01-01,Guam,GUM,2.52360203340596,,Historical,World Bank API,2.52360203340596,6.747787530076212,-404.6975150768819
2020-01-01,Guam,GUM,-10.5188595714539,,Historical,World Bank API,-10.5188595714539,6.747787530076212,-516.8192699249494
2021-01-01,Guam,GUM,2.0581832574708,,Historical,World Bank API,2.0581832574708,6.747787530076212,-119.56660076588817
2022-01-01,Guam,GUM,5.09986426216793,,Historical,World Bank API,5.09986426216793,6.747787530076212,147.78475112244877
2000-01-01,Guatemala,GTM,3.6088687174876,5.97757734737136,Historical,World Bank API,3.6088687174876,5.97757734737136,
2001-01-01,Guatemala,GTM,2.33257486608854,7.28587366610138,Historical,World Bank API,2.33257486608854,7.28587366610138,-35.36548296186241
2002-01-01,Guatemala,GTM,3.83928708556792,8.13263054281054,Historical,World Bank API,3.83928708556792,8.13263054281054,64.5943777146996
2003-01-01,Guatemala,GTM,2.56037766801896,5.60347675434469,Historical,World Bank API,2.56037766801896,5.60347675434469,-33.31111711745775
2004-01-01,Guatemala,GTM,3.13791683609193,7.57862247309729,Historical,World Bank API,3.13791683609193,7.57862247309729,22.556796026104585
2005-01-01,Guatemala,GTM,3.27602692588886,9.1086498571922,Historical,World Bank API,3.27602692588886,9.1086498571922,4.4013304689405786
2006-01-01,Guatemala,GTM,5.35139778711536,6.56085282795384,Historical,World Bank API,5.35139778711536,6.56085282795384,63.35023820548742
2007-01-01,Guatemala,GTM,6.33771869016203,6.82161753590326,Historical,World Bank API,6.33771869016203,6.82161753590326,18.431089264592693
2008-01-01,Guatemala,GTM,3.29352400028485,11.355761126315,Historical,World Bank API,3.29352400028485,11.355761126315,-48.032972725700965
2009-01-01,Guatemala,GTM,0.476898106596394,1.85910254733028,Historical,World Bank API,0.476898106596394,1.85910254733028,-85.52012657095719
2010-01-01,Guatemala,GTM,2.88417542800377,3.8595090983316,Historical,World Bank API,2.88417542800377,3.8595090983316,504.7781251613756
2011-01-01,Guatemala,GTM,4.16390688293349,6.214123930671,Historical,World Bank API,4.16390688293349,6.214123930671,44.37079112817568
2012-01-01,Guatemala,GTM,2.97470856847661,3.78180754679678,Historical,World Bank API,2.97470856847661,3.78180754679678,-28.55967599398104
2013-01-01,Guatemala,GTM,3.69481894978053,4.34337131279521,Historical,World Bank API,3.69481894978053,4.34337131279521,24.207762364859107
2014-01-01,Guatemala,GTM,4.44397783368888,3.4183616966296,Historical,World Bank API,4.44397783368888,3.4183616966296,20.275929459354145
2015-01-01,Guatemala,GTM,4.09217081621244,2.3887203283955,Historical,World Bank API,4.09217081621244,2.3887203283955,-7.916489024978102
2016-01-01,Guatemala,GTM,2.67780277623314,4.44844199942827,Historical,World Bank API,2.67780277623314,4.44844199942827,-34.56278106416843
2017-01-01,Guatemala,GTM,3.07985126948702,4.42453655182546,Historical,World Bank API,3.07985126948702,4.42453655182546,15.014118919521069
2018-01-01,Guatemala,GTM,3.40687348346576,3.75186186704508,Historical,World Bank API,3.40687348346576,3.75186186704508,10.618117089570012
2019-01-01,Guatemala,GTM,4.01789785040324,3.69998398008605,Historical,World Bank API,4.01789785040324,3.69998398008605,17.935047189245612
2020-01-01,Guatemala,GTM,-1.78555175063326,3.21444062197345,Historical,World Bank API,-1.78555175063326,3.21444062197345,-144.43994887660122
2021-01-01,Guatemala,GTM,8.04170378184928,4.26105127422813,Historical,World Bank API,8.04170378184928,4.26105127422813,-550.3764048842172
2022-01-01,Guatemala,GTM,4.18451817243695,6.88512823344287,Historical,World Bank API,4.18451817243695,6.88512823344287,-47.96478102212971
2023-01-01,Guatemala,GTM,3.5331575177533,6.20657592272126,Historical,World Bank API,3.5331575177533,6.20657592272126,-15.565965490940027
2024-01-01,Guatemala,GTM,3.65186382894819,2.86992752918294,Historical,World Bank API,3.65186382894819,2.86992752918294,3.3597797606933266
2000-01-01,Guinea,GIN,2.50306056299607,,Historical,World Bank API,2.50306056299607,6.747787530076212,
2001-01-01,Guinea,GIN,3.65834646929586,,Historical,World Bank API,3.65834646929586,6.747787530076212,46.15493222093501
2002-01-01,Guinea,GIN,5.16460946696631,,Historical,World Bank API,5.16460946696631,6.747787530076212,41.173328177425674
2003-01-01,Guinea,GIN,1.24860125923698,,Historical,World Bank API,1.24860125923698,6.747787530076212,-75.8238978721772
2004-01-01,Guinea,GIN,2.34011731288737,,Historical,World Bank API,2.34011731288737,6.747787530076212,87.41910562523503
2005-01-01,Guinea,GIN,2.99727256275818,31.3733025877534,Historical,World Bank API,2.99727256275818,31.3733025877534,28.082149824359636
2006-01-01,Guinea,GIN,1.18960211693242,34.6952705997072,Historical,World Bank API,1.18960211693242,34.6952705997072,-60.31051257354745
2007-01-01,Guinea,GIN,6.81747111070281,18.1755656108597,Historical,World Bank API,6.81747111070281,18.1755656108597,473.0883472435938
2008-01-01,Guinea,GIN,4.13301615965833,23.065612938798,Historical,World Bank API,4.13301615965833,23.065612938798,-39.37611040008853
2009-01-01,Guinea,GIN,-1.12264204848687,4.68438868976504,Historical,World Bank API,-1.12264204848687,4.68438868976504,-127.16277907269729
2010-01-01,Guinea,GIN,4.81336016967553,15.0502688559001,Historical,World Bank API,4.81336016967553,15.0502688559001,-528.7528848721744
2011-01-01,Guinea,GIN,5.61211177430975,21.3169268542577,Historical,World Bank API,5.61211177430975,21.3169268542577,16.594469902053156
2012-01-01,Guinea,GIN,5.91528626133322,15.2262941038638,Historical,World Bank API,5.91528626133322,15.2262941038638,5.402146272483277
2013-01-01,Guinea,GIN,3.94568708624053,11.8875884481828,Historical,World Bank API,3.94568708624053,11.8875884481828,-33.29676854301166
2014-01-01,Guinea,GIN,3.69655311664086,6.1505055670642,Historical,World Bank API,3.69655311664086,6.1505055670642,-6.314083305502227
2015-01-01,Guinea,GIN,3.82591056949435,11.7800825029834,Historical,World Bank API,3.82591056949435,11.7800825029834,3.499407387686615
2016-01-01,Guinea,GIN,10.82062719659,8.17268112275132,Historical,World Bank API,10.82062719659,8.17268112275132,182.8248857374652
2017-01-01,Guinea,GIN,10.3000053427355,8.91435947913097,Historical,World Bank API,10.3000053427355,8.91435947913097,-4.811383336619979
2018-01-01,Guinea,GIN,6.35849192736715,9.82761701259191,Historical,World Bank API,6.35849192736715,9.82761701259191,-38.2671006879454
2019-01-01,Guinea,GIN,5.61691446889876,9.47001039253012,Historical,World Bank API,5.61691446889876,9.47001039253012,-11.662788392898904
2020-01-01,Guinea,GIN,4.70459096113575,10.6016203387167,Historical,World Bank API,4.70459096113575,10.6016203387167,-16.242431904822617
2021-01-01,Guinea,GIN,5.5823328114905,12.5972882566934,Historical,World Bank API,5.5823328114905,12.5972882566934,18.657134224966732
2022-01-01,Guinea,GIN,3.97240784200721,10.4930409984424,Historical,World Bank API,3.97240784200721,10.4930409984424,-28.839645070416985
2023-01-01,Guinea,GIN,5.54172668627702,7.80497591927973,Historical,World Bank API,5.54172668627702,7.80497591927973,39.5054814783784
2024-01-01,Guinea,GIN,5.35004659051708,8.12313914948596,Historical,World Bank API,5.35004659051708,8.12313914948596,-3.458851484585068
2000-01-01,Guinea-Bissau,GNB,1.10027815777423,8.63632094930278,Historical,World Bank API,1.10027815777423,8.63632094930278,
2001-01-01,Guinea-Bissau,GNB,4.7859716500482,3.34812265527108,Historical,World Bank API,4.7859716500482,3.34812265527108,334.9783385439385
2002-01-01,Guinea-Bissau,GNB,3.65393603642713,3.30012175283752,Historical,World Bank API,3.65393603642713,3.30012175283752,-23.653203495463014
2003-01-01,Guinea-Bissau,GNB,-0.285931052286514,-3.50258551103421,Historical,World Bank API,-0.285931052286514,-3.50258551103421,-107.82528893324859
2004-01-01,Guinea-Bissau,GNB,1.17189152277038,0.883302696930943,Historical,World Bank API,1.17189152277038,0.883302696930943,-509.85108591706893
2005-01-01,Guinea-Bissau,GNB,6.55977111846077,3.32919922802856,Historical,World Bank API,6.55977111846077,3.32919922802856,459.7592431553146
2006-01-01,Guinea-Bissau,GNB,2.66650493269572,1.95473717628916,Historical,World Bank API,2.66650493269572,1.95473717628916,-59.35064067720999
2007-01-01,Guinea-Bissau,GNB,2.55982647078751,4.61743772241997,Historical,World Bank API,2.55982647078751,4.61743772241997,-4.000684964057532
2008-01-01,Guinea-Bissau,GNB,4.52457514610252,10.4600731354706,Historical,World Bank API,4.52457514610252,10.4600731354706,76.75319783338949
2009-01-01,Guinea-Bissau,GNB,2.44795106098685,-1.65139733620775,Historical,World Bank API,2.44795106098685,-1.65139733620775,-45.89655421911777
2010-01-01,Guinea-Bissau,GNB,5.60536311358261,2.51785140171701,Historical,World Bank API,5.60536311358261,2.51785140171701,128.98182904534465
2011-01-01,Guinea-Bissau,GNB,8.08504167173554,5.046102263202,Historical,World Bank API,8.08504167173554,5.046102263202,44.237607946295384
2012-01-01,Guinea-Bissau,GNB,-1.71286958446419,2.13054580274503,Historical,World Bank API,-1.71286958446419,2.13054580274503,-121.18566179383099
2013-01-01,Guinea-Bissau,GNB,3.25607190852087,1.20712555668405,Historical,World Bank API,3.25607190852087,1.20712555668405,-290.09456049973676
2014-01-01,Guinea-Bissau,GNB,0.964525745841428,-1.50924460570494,Historical,World Bank API,0.964525745841428,-1.50924460570494,-70.3776276157371
2015-01-01,Guinea-Bissau,GNB,6.1340893623123,1.47672048910485,Historical,World Bank API,6.1340893623123,1.47672048910485,535.9694791724895
2016-01-01,Guinea-Bissau,GNB,5.4326782650304,1.50312055861088,Historical,World Bank API,5.4326782650304,1.50312055861088,-11.43464100134166
2017-01-01,Guinea-Bissau,GNB,4.66367943913264,1.69111461822298,Historical,World Bank API,4.66367943913264,1.69111461822298,-14.155059224613542
2018-01-01,Guinea-Bissau,GNB,3.76145359637003,0.381324702790992,Historical,World Bank API,3.76145359637003,0.381324702790992,-19.345794549944607
2019-01-01,Guinea-Bissau,GNB,5.32749571119344,0.24660026814783,Historical,World Bank API,5.32749571119344,0.24660026814783,41.63396077342838
2020-01-01,Guinea-Bissau,GNB,2.89139814952995,1.14000939393222,Historical,World Bank API,2.89139814952995,1.14000939393222,-45.72687982732824
2021-01-01,Guinea-Bissau,GNB,5.05055831244401,2.24248879577658,Historical,World Bank API,5.05055831244401,2.24248879577658,74.67529725247527
2022-01-01,Guinea-Bissau,GNB,5.52987253058352,9.39075933985203,Historical,World Bank API,5.52987253058352,9.39075933985203,9.490321435523953
2023-01-01,Guinea-Bissau,GNB,5.82749502627256,7.10220928557059,Historical,World Bank API,5.82749502627256,7.10220928557059,5.382086007281517
2024-01-01,Guinea-Bissau,GNB,4.14631137217332,3.76555825770114,Historical,World Bank API,4.14631137217332,3.76555825770114,-28.84916497602874
2000-01-01,Guyana,GUY,-1.36380390261873,6.14854333024871,Historical,World Bank API,-1.36380390261873,6.14854333024871,
2001-01-01,Guyana,GUY,2.2795216592191,2.62741314203332,Historical,World Bank API,2.2795216592191,2.62741314203332,-267.14438599581945
2002-01-01,Guyana,GUY,1.13262696199476,5.3410152137741,Historical,World Bank API,1.13262696199476,5.3410152137741,-50.31295458790394
2003-01-01,Guyana,GUY,-0.632225388266377,5.98097814066473,Historical,World Bank API,-0.632225388266377,5.98097814066473,-155.81938356410961
2004-01-01,Guyana,GUY,1.56335211034042,4.66846622369882,Historical,World Bank API,1.56335211034042,4.66846622369882,-347.2776543547678
2005-01-01,Guyana,GUY,-1.95095759501714,6.92554303890157,Historical,World Bank API,-1.95095759501714,6.92554303890157,-224.7932300160019
2006-01-01,Guyana,GUY,5.12960934773,6.67715790410028,Historical,World Bank API,5.12960934773,6.67715790410028,-362.92777253751296
2007-01-01,Guyana,GUY,7.19123624057457,12.2001544446648,Historical,World Bank API,7.19123624057457,12.2001544446648,40.19071927488787
2008-01-01,Guyana,GUY,1.75522349592019,8.10202206969276,Historical,World Bank API,1.75522349592019,8.10202206969276,-75.59218697312676
2009-01-01,Guyana,GUY,3.61150847218585,2.95230096381001,Historical,World Bank API,3.61150847218585,2.95230096381001,105.75775566931367
2010-01-01,Guyana,GUY,4.13844160137342,3.73337757704246,Historical,World Bank API,4.13844160137342,3.73337757704246,14.590388842938129
2011-01-01,Guyana,GUY,5.19625156051602,4.9777356370697,Historical,World Bank API,5.19625156051602,4.9777356370697,25.56058683518807
2012-01-01,Guyana,GUY,5.27633062046809,2.39193521312334,Historical,World Bank API,5.27633062046809,2.39193521312334,1.541092824692214
2013-01-01,Guyana,GUY,3.65338433338232,1.90125181860582,Historical,World Bank API,3.65338433338232,1.90125181860582,-30.758995290969658
2014-01-01,Guyana,GUY,1.68649445019584,0.852630497539914,Historical,World Bank API,1.68649445019584,0.852630497539914,-53.83747516554121
2015-01-01,Guyana,GUY,0.687404590619494,-1.00173432776374,Historical,World Bank API,0.687404590619494,-1.00173432776374,-59.240625396681814
2016-01-01,Guyana,GUY,3.80745626378814,0.836008061506207,Historical,World Bank API,3.80745626378814,0.836008061506207,453.8886873532271
2017-01-01,Guyana,GUY,3.73449154571284,1.90465615515584,Historical,World Bank API,3.73449154571284,1.90465615515584,-1.9163639191144721
2018-01-01,Guyana,GUY,4.44091288475967,1.28284288443528,Historical,World Bank API,4.44091288475967,1.28284288443528,18.916131698244023
2019-01-01,Guyana,GUY,5.35284003535665,2.08723089162013,Historical,World Bank API,5.35284003535665,2.08723089162013,20.53467776246034
2020-01-01,Guyana,GUY,43.479651716849,0.99333702283873,Historical,World Bank API,43.479651716849,0.99333702283873,712.2725773543881
2021-01-01,Guyana,GUY,20.0599975568418,5.03285574626702,Historical,World Bank API,20.0599975568418,5.03285574626702,-53.86348150284685
2022-01-01,Guyana,GUY,63.3346343654855,6.11505550109935,Historical,World Bank API,63.3346343654855,6.11505550109935,215.72603229896282
2023-01-01,Guyana,GUY,33.795011115873,2.82110335099641,Historical,World Bank API,33.795011115873,2.82110335099641,-46.64055227531281
2024-01-01,Guyana,GUY,43.8193108024355,2.90395226446373,Historical,World Bank API,43.8193108024355,2.90395226446373,29.66206950544319
2000-01-01,Haiti,HTI,0.870059259424892,9.33322197565603,Historical,World Bank API,0.870059259424892,9.33322197565603,
2001-01-01,Haiti,HTI,-0.342747883252144,13.31672224251,Historical,World Bank API,-0.342747883252144,13.31672224251,-139.39362515131438
2002-01-01,Haiti,HTI,1.05182013450109,7.03287406224601,Historical,World Bank API,1.05182013450109,7.03287406224601,-406.87866676839946
2003-01-01,Haiti,HTI,3.48077973188326,28.6995777887374,Historical,World Bank API,3.48077973188326,28.6995777887374,230.92917864082327
2004-01-01,Haiti,HTI,-1.3178567596495,21.0318339277222,Historical,World Bank API,-1.3178567596495,21.0318339277222,-137.86096395523654
2005-01-01,Haiti,HTI,3.07217337664731,13.973008326384,Historical,World Bank API,3.07217337664731,13.973008326384,-333.11891479498814
2006-01-01,Haiti,HTI,1.76875060288195,11.3452152244299,Historical,World Bank API,1.76875060288195,11.3452152244299,-42.42673228253143
2007-01-01,Haiti,HTI,4.70652994008303,6.55722772638066,Historical,World Bank API,4.70652994008303,6.55722772638066,166.09347481857247
2008-01-01,Haiti,HTI,2.6580323082747,15.2817744823772,Historical,World Bank API,2.6580323082747,15.2817744823772,-43.52458515906501
2009-01-01,Haiti,HTI,5.89037894844316,0.393886040173341,Historical,World Bank API,5.89037894844316,0.393886040173341,121.60674759692975
2010-01-01,Haiti,HTI,-5.65151153448299,4.82734190074673,Historical,World Bank API,-5.65151153448299,4.82734190074673,-195.94478698143348
2011-01-01,Haiti,HTI,5.09821354410036,6.33279483849042,Historical,World Bank API,5.09821354410036,6.33279483849042,-190.20973438686883
2012-01-01,Haiti,HTI,0.502424403581585,5.01804155429246,Historical,World Bank API,0.502424403581585,5.01804155429246,-90.14508907413285
2013-01-01,Haiti,HTI,4.32478411472874,4.76502404779142,Historical,World Bank API,4.32478411472874,4.76502404779142,760.783051917674
2014-01-01,Haiti,HTI,2.88877250863379,3.43816659958601,Historical,World Bank API,2.88877250863379,3.43816659958601,-33.20423789951465
2015-01-01,Haiti,HTI,1.40000000859727,6.73184069658997,Historical,World Bank API,1.40000000859727,6.73184069658997,-51.53650886620411
2016-01-01,Haiti,HTI,1.81246807847532,11.5029073942666,Historical,World Bank API,1.81246807847532,11.5029073942666,29.462004810365848
2017-01-01,Haiti,HTI,2.51027134544685,10.6800887242584,Historical,World Bank API,2.51027134544685,10.6800887242584,38.50016865171686
2018-01-01,Haiti,HTI,1.66781095484656,12.4814111170435,Historical,World Bank API,1.66781095484656,12.4814111170435,-33.560530901503995
2019-01-01,Haiti,HTI,-1.72309699839232,18.7037825672506,Historical,World Bank API,-1.72309699839232,18.7037825672506,-203.3148867013436
2020-01-01,Haiti,HTI,-3.30550546965893,22.7963113642528,Historical,World Bank API,-3.30550546965893,22.7963113642528,91.83513596408244
2021-01-01,Haiti,HTI,-1.79823988931486,16.8415240198785,Historical,World Bank API,-1.79823988931486,16.8415240198785,-45.598641241988126
2022-01-01,Haiti,HTI,-1.68198396897978,33.98393194707,Historical,World Bank API,-1.68198396897978,33.98393194707,-6.4649839560268045
2023-01-01,Haiti,HTI,-1.86388420254838,36.8135162780854,Historical,World Bank API,-1.86388420254838,36.8135162780854,10.81462349958857
2024-01-01,Haiti,HTI,-4.16963395808132,26.9490564091987,Historical,World Bank API,-4.16963395808132,26.9490564091987,123.70670626321223
2000-01-01,Honduras,HND,9.61221881702615,11.0480349344976,Historical,World Bank API,9.61221881702615,11.0480349344976,
2001-01-01,Honduras,HND,2.72319327321379,9.67415556865377,Historical,World Bank API,2.72319327321379,9.67415556865377,-71.66946232653183
2002-01-01,Honduras,HND,3.75433786119939,7.69050972034271,Historical,World Bank API,3.75433786119939,7.69050972034271,37.86527376254458
2003-01-01,Honduras,HND,4.54703805165397,7.67416639397937,Historical,World Bank API,4.54703805165397,7.67416639397937,21.114247565383938
2004-01-01,Honduras,HND,6.23230296069102,8.1137909709338,Historical,World Bank API,6.23230296069102,8.1137909709338,37.06291634010057
2005-01-01,Honduras,HND,6.05059922215973,8.80906074819819,Historical,World Bank API,6.05059922215973,8.80906074819819,-2.915515174364103
2006-01-01,Honduras,HND,6.56724355177587,5.57775207654298,Historical,World Bank API,6.56724355177587,5.57775207654298,8.538729977751313
2007-01-01,Honduras,HND,6.18832716678008,6.93621470895774,Historical,World Bank API,6.18832716678008,6.93621470895774,-5.769793399748757
2008-01-01,Honduras,HND,4.23160011009342,11.4034270813932,Historical,World Bank API,4.23160011009342,11.4034270813932,-31.619644597827346
2009-01-01,Honduras,HND,-2.43162787988011,5.49634273772208,Historical,World Bank API,-2.43162787988011,5.49634273772208,-157.46355554911892
2010-01-01,Honduras,HND,3.73114034433009,4.69889064976226,Historical,World Bank API,3.73114034433009,4.69889064976226,-253.44207784433087
2011-01-01,Honduras,HND,3.83569066207505,6.7622795731476,Historical,World Bank API,3.83569066207505,6.7622795731476,2.802100915443617
2012-01-01,Honduras,HND,4.12868774866939,5.19618615531848,Historical,World Bank API,4.12868774866939,5.19618615531848,7.638704796800089
2013-01-01,Honduras,HND,2.79155975746801,5.16189898581494,Historical,World Bank API,2.79155975746801,5.16189898581494,-32.38627071355336
2014-01-01,Honduras,HND,3.0580805621437,6.12924930313022,Historical,World Bank API,3.0580805621437,6.12924930313022,9.547379523676348
2015-01-01,Honduras,HND,3.84007997093951,3.15783117980923,Historical,World Bank API,3.84007997093951,3.15783117980923,25.571576448189838
2016-01-01,Honduras,HND,3.89297219726413,2.72461223295289,Historical,World Bank API,3.89297219726413,2.72461223295289,1.3773730423556563
2017-01-01,Honduras,HND,4.84291391050387,3.93436084442044,Historical,World Bank API,4.84291391050387,3.93436084442044,24.401451258946373
2018-01-01,Honduras,HND,3.84499476966735,4.34734937777528,Historical,World Bank API,3.84499476966735,4.34734937777528,-20.6057584189576
2019-01-01,Honduras,HND,2.55963434592314,4.36587159819267,Historical,World Bank API,2.55963434592314,4.36587159819267,-33.42944531119384
2020-01-01,Honduras,HND,-8.96508223267296,3.46841177951184,Historical,World Bank API,-8.96508223267296,3.46841177951184,-450.2485519836888
2021-01-01,Honduras,HND,12.5652843771279,4.48087963413445,Historical,World Bank API,12.5652843771279,4.48087963413445,-240.1580493186567
2022-01-01,Honduras,HND,4.14356194013767,9.08963911525025,Historical,World Bank API,4.14356194013767,9.08963911525025,-67.02373129190744
2023-01-01,Honduras,HND,3.57584760454412,6.66325180347457,Historical,World Bank API,3.57584760454412,6.66325180347457,-13.701118597847906
2024-01-01,Honduras,HND,3.55397003296669,4.60621098127107,Historical,World Bank API,3.55397003296669,4.60621098127107,-0.6118149875746548
2000-01-01,"Hong Kong SAR, China",HKG,7.6634341189713,-3.68550368550369,Historical,World Bank API,7.6634341189713,-3.68550368550369,
2001-01-01,"Hong Kong SAR, China",HKG,0.560861638399899,-1.65816326530609,Historical,World Bank API,0.560861638399899,-1.65816326530609,-92.6813275916152
2002-01-01,"Hong Kong SAR, China",HKG,1.65668551983116,-2.98313878080415,Historical,World Bank API,1.65668551983116,-2.98313878080415,195.38221308156744
2003-01-01,"Hong Kong SAR, China",HKG,3.05632955101336,-2.67379679144394,Historical,World Bank API,3.05632955101336,-2.67379679144394,84.48459375227976
2004-01-01,"Hong Kong SAR, China",HKG,8.70010092519611,-0.274725274725253,Historical,World Bank API,8.70010092519611,-0.274725274725253,184.6584695786976
2005-01-01,"Hong Kong SAR, China",HKG,7.38818981322424,0.826446280991827,Historical,World Bank API,7.38818981322424,0.826446280991827,-15.079263140183619
2006-01-01,"Hong Kong SAR, China",HKG,7.03267723716037,2.00025160397534,Historical,World Bank API,7.03267723716037,2.00025160397534,-4.8119036604545755
2007-01-01,"Hong Kong SAR, China",HKG,6.46480843115236,2.03502713369511,Historical,World Bank API,6.46480843115236,2.03502713369511,-8.074717306908607
2008-01-01,"Hong Kong SAR, China",HKG,2.1279154483889,4.30315484104921,Historical,World Bank API,2.1279154483889,4.30315484104921,-67.08463257573129
2009-01-01,"Hong Kong SAR, China",HKG,-2.45915292608368,0.579441418472608,Historical,World Bank API,-2.45915292608368,0.579441418472608,-215.56628943812447
2010-01-01,"Hong Kong SAR, China",HKG,6.76768834119794,2.29289088604673,Historical,World Bank API,6.76768834119794,2.29289088604673,-375.2040456457424
2011-01-01,"Hong Kong SAR, China",HKG,4.81470669259771,5.3052489299392,Historical,World Bank API,4.81470669259771,5.3052489299392,-28.857440681946876
2012-01-01,"Hong Kong SAR, China",HKG,1.70030613669923,4.05390950903844,Historical,World Bank API,1.70030613669923,4.05390950903844,-64.68515643303179
2013-01-01,"Hong Kong SAR, China",HKG,3.10152391561608,4.33799342105267,Historical,World Bank API,3.10152391561608,4.33799342105267,82.4097348514548
2014-01-01,"Hong Kong SAR, China",HKG,2.76242639191302,4.42364532019699,Historical,World Bank API,2.76242639191302,4.42364532019699,-10.933255165169431
2015-01-01,"Hong Kong SAR, China",HKG,2.38777942738729,2.99084819322581,Historical,World Bank API,2.38777942738729,2.99084819322581,-13.562242441011485
2016-01-01,"Hong Kong SAR, China",HKG,2.17542886502997,2.40930743862224,Historical,World Bank API,2.17542886502997,2.40930743862224,-8.89322354995219
2017-01-01,"Hong Kong SAR, China",HKG,3.79611114629799,1.49387243939522,Historical,World Bank API,3.79611114629799,1.49387243939522,74.4994381255345
2018-01-01,"Hong Kong SAR, China",HKG,2.84695146463069,2.40613432046534,Historical,World Bank API,2.84695146463069,2.40613432046534,-25.003474479216216
2019-01-01,"Hong Kong SAR, China",HKG,-1.6724459934221,2.88320853773996,Historical,World Bank API,-1.6724459934221,2.88320853773996,-158.74515298907818
2020-01-01,"Hong Kong SAR, China",HKG,-6.54480412699255,0.2509620210808,Historical,World Bank API,-6.54480412699255,0.2509620210808,291.33126885615013
2021-01-01,"Hong Kong SAR, China",HKG,6.45444409087024,1.56875834445922,Historical,World Bank API,6.45444409087024,1.56875834445922,-198.61936225486656
2022-01-01,"Hong Kong SAR, China",HKG,-3.68378414495199,1.88136707196853,Historical,World Bank API,-3.68378414495199,1.88136707196853,-157.07360840204151
2023-01-01,"Hong Kong SAR, China",HKG,3.2238599613664,2.09660511249089,Historical,World Bank API,3.2238599613664,2.09660511249089,-187.51489866158852
2024-01-01,"Hong Kong SAR, China",HKG,2.50498758466826,1.72972119105914,Historical,World Bank API,2.50498758466826,1.72972119105914,-22.29849885890991
2000-01-01,Hungary,HUN,4.40937501806403,9.80361016908125,Historical,World Bank API,4.40937501806403,9.80361016908125,
2001-01-01,Hungary,HUN,4.06202617226026,9.11680911680911,Historical,World Bank API,4.06202617226026,9.11680911680911,-7.877507455836142
2002-01-01,Hungary,HUN,4.73006530805553,5.26544821583985,Historical,World Bank API,4.73006530805553,5.26544821583985,16.44595843220649
2003-01-01,Hungary,HUN,3.93877761242727,4.66101694915254,Historical,World Bank API,3.93877761242727,4.66101694915254,-16.728895778260366
2004-01-01,Hungary,HUN,4.96312536156307,6.74434679569469,Historical,World Bank API,4.96312536156307,6.74434679569469,26.00674244475929
2005-01-01,Hungary,HUN,4.30028318461673,3.56151711378352,Historical,World Bank API,4.30028318461673,3.56151711378352,-13.355338192335854
2006-01-01,Hungary,HUN,3.93393162712054,3.93032603841001,Historical,World Bank API,3.93393162712054,3.93032603841001,-8.51924261189887
2007-01-01,Hungary,HUN,0.332354337878925,7.9587451654491,Historical,World Bank API,0.332354337878925,7.9587451654491,-91.55159851819302
2008-01-01,Hungary,HUN,0.993437085479655,6.0425125388106,Historical,World Bank API,0.993437085479655,6.0425125388106,198.90901735170345
2009-01-01,Hungary,HUN,-6.7401660845502,4.21171171171171,Historical,World Bank API,-6.7401660845502,4.21171171171171,-778.4693447694161
2010-01-01,Hungary,HUN,1.06795068152046,4.85555795691956,Historical,World Bank API,1.06795068152046,4.85555795691956,-115.84457516511968
2011-01-01,Hungary,HUN,1.91670916599742,3.9299209893507,Historical,World Bank API,1.91670916599742,3.9299209893507,79.47543825418677
2012-01-01,Hungary,HUN,-1.33948446518181,5.65214517088646,Historical,World Bank API,-1.33948446518181,5.65214517088646,-169.88459641892342
2013-01-01,Hungary,HUN,2.03216990678146,1.73319984983101,Historical,World Bank API,2.03216990678146,1.73319984983101,-251.71283875290263
2014-01-01,Hungary,HUN,4.33435364113967,-0.227566270988219,Historical,World Bank API,4.33435364113967,-0.227566270988219,113.28697106849681
2015-01-01,Hungary,HUN,3.65981615406955,-0.0616446800641672,Historical,World Bank API,3.65981615406955,-0.0616446800641672,-15.562585402993513
2016-01-01,Hungary,HUN,2.43864141309342,0.394769306686392,Historical,World Bank API,2.43864141309342,0.394769306686392,-33.367106148712935
2017-01-01,Hungary,HUN,4.12418389451805,2.34824281150154,Historical,World Bank API,4.12418389451805,2.34824281150154,69.11809470530221
2018-01-01,Hungary,HUN,5.60613813768876,2.85024792594646,Historical,World Bank API,5.60613813768876,2.85024792594646,35.9332726443298
2019-01-01,Hungary,HUN,5.07718495088933,3.33858635382008,Historical,World Bank API,5.07718495088933,3.33858635382008,-9.435250680738683
2020-01-01,Hungary,HUN,-4.33872540024058,3.32674385766738,Historical,World Bank API,-4.33872540024058,3.32674385766738,-185.45533484023662
2021-01-01,Hungary,HUN,7.22291580811137,5.11096534382855,Historical,World Bank API,7.22291580811137,5.11096534382855,-266.47552315043635
2022-01-01,Hungary,HUN,4.15238057779229,14.6081439492433,Historical,World Bank API,4.15238057779229,14.6081439492433,-42.51102064447233
2023-01-01,Hungary,HUN,-0.817107370513455,17.1249659678737,Historical,World Bank API,-0.817107370513455,17.1249659678737,-119.6780462485423
2024-01-01,Hungary,HUN,0.560117843140432,3.70370370370369,Historical,World Bank API,0.560117843140432,3.70370370370369,-168.54886681397386
2000-01-01,Iceland,ISL,4.90518213679276,5.13647123245151,Historical,World Bank API,4.90518213679276,5.13647123245151,
2001-01-01,Iceland,ISL,3.84093935130252,6.40508550386868,Historical,World Bank API,3.84093935130252,6.40508550386868,-21.696294975625353
2002-01-01,Iceland,ISL,0.542286728015213,5.19702230216628,Historical,World Bank API,0.542286728015213,5.19702230216628,-85.881403520956
2003-01-01,Iceland,ISL,2.28136971731965,2.05566329753742,Historical,World Bank API,2.28136971731965,2.05566329753742,320.69436692089755
2004-01-01,Iceland,ISL,7.62260520117914,3.15819324298464,Historical,World Bank API,7.62260520117914,3.15819324298464,234.1240634216375
2005-01-01,Iceland,ISL,7.0293406083855,3.98704782806593,Historical,World Bank API,7.0293406083855,3.98704782806593,-7.782963660532605
2006-01-01,Iceland,ISL,5.67161248460013,6.68707906136661,Historical,World Bank API,5.67161248460013,6.68707906136661,-19.315156277470702
2007-01-01,Iceland,ISL,8.74132941508014,5.05155736492146,Historical,World Bank API,8.74132941508014,5.05155736492146,54.12423607598493
2008-01-01,Iceland,ISL,1.69961076077263,12.6943942775878,Historical,World Bank API,1.69961076077263,12.6943942775878,-80.55661009822443
2009-01-01,Iceland,ISL,-8.32146414328021,12.0031298461743,Historical,World Bank API,-8.32146414328021,12.0031298461743,-589.6099939669325
2010-01-01,Iceland,ISL,-2.22181847599202,5.39673113167477,Historical,World Bank API,-2.22181847599202,5.39673113167477,-73.30014961626442
2011-01-01,Iceland,ISL,1.37999669140882,4.0010266434312,Historical,World Bank API,1.37999669140882,4.0010266434312,-162.11113582502122
2012-01-01,Iceland,ISL,1.16931174886884,5.18589988750698,Historical,World Bank API,1.16931174886884,5.18589988750698,-15.267061424973017
2013-01-01,Iceland,ISL,3.59695700972851,3.87227923748249,Historical,World Bank API,3.59695700972851,3.87227923748249,207.6131761446943
2014-01-01,Iceland,ISL,1.91381609098249,2.04461481539333,Historical,World Bank API,1.91381609098249,2.04461481539333,-46.793467761602734
2015-01-01,Iceland,ISL,3.76859023848581,1.63305558181326,Historical,World Bank API,3.76859023848581,1.63305558181326,96.9149625318042
2016-01-01,Iceland,ISL,6.21808764217616,1.69692761997751,Historical,World Bank API,6.21808764217616,1.69692761997751,64.99771131059711
2017-01-01,Iceland,ISL,3.48506703916689,1.76041559180596,Historical,World Bank API,3.48506703916689,1.76041559180596,-43.95275139693573
2018-01-01,Iceland,ISL,4.66077032612084,2.68291768267392,Historical,World Bank API,4.66077032612084,2.68291768267392,33.73545684317749
2019-01-01,Iceland,ISL,1.13821230465001,3.01397179156053,Historical,World Bank API,1.13821230465001,3.01397179156053,-75.57888020632537
2020-01-01,Iceland,ISL,-6.64587816297836,2.84792401518665,Historical,World Bank API,-6.64587816297836,2.84792401518665,-683.8873939270852
2021-01-01,Iceland,ISL,5.1805719742238,4.44423970189739,Historical,World Bank API,5.1805719742238,4.44423970189739,-177.95165435145623
2022-01-01,Iceland,ISL,8.82069395623492,8.3087551155892,Historical,World Bank API,8.82069395623492,8.3087551155892,70.26486650745771
2023-01-01,Iceland,ISL,5.18615760140189,8.73630299937298,Historical,World Bank API,5.18615760140189,8.73630299937298,-41.20465320377602
2024-01-01,Iceland,ISL,-0.970676468918384,5.85683849970066,Historical,World Bank API,-0.970676468918384,5.85683849970066,-118.71667896586861
2000-01-01,India,IND,3.84099115659129,4.0094359104519,Historical,World Bank API,3.84099115659129,4.0094359104519,
2001-01-01,India,IND,4.82396626555771,3.77929312235637,Historical,World Bank API,4.82396626555771,3.77929312235637,25.591704559891948
2002-01-01,India,IND,3.80397532112175,4.29715203929563,Historical,World Bank API,3.80397532112175,4.29715203929563,-21.144238750559264
2003-01-01,India,IND,7.8603814759073,3.80585899528851,Historical,World Bank API,7.8603814759073,3.80585899528851,106.6359745359589
2004-01-01,India,IND,7.92293661199932,3.76725173477515,Historical,World Bank API,7.92293661199932,3.76725173477515,0.7958282468065514
2005-01-01,India,IND,7.92343062148318,4.24634362031922,Historical,World Bank API,7.92343062148318,4.24634362031922,0.006235181575386939
2006-01-01,India,IND,8.06073257166651,5.79652337561634,Historical,World Bank API,8.06073257166651,5.79652337561634,1.7328598777788917
2007-01-01,India,IND,7.6608150670107,6.37288135593231,Historical,World Bank API,7.6608150670107,6.37288135593231,-4.961304708972991
2008-01-01,India,IND,3.08669805921981,8.34926704907581,Historical,World Bank API,3.08669805921981,8.34926704907581,-59.70796798748126
2009-01-01,India,IND,7.86188883286074,10.8823529411764,Historical,World Bank API,7.86188883286074,10.8823529411764,154.70223138209707
2010-01-01,India,IND,8.49758470221235,11.9893899204244,Historical,World Bank API,8.49758470221235,11.9893899204244,8.085790614267662
2011-01-01,India,IND,5.24131619937695,8.91179336483371,Historical,World Bank API,5.24131619937695,8.91179336483371,-38.31992992064709
2012-01-01,India,IND,5.45638755166587,9.47899691419801,Historical,World Bank API,5.45638755166587,9.47899691419801,4.103384419251133
2013-01-01,India,IND,6.38610640094825,10.0178784746102,Historical,World Bank API,6.38610640094825,10.0178784746102,17.039091165702324
2014-01-01,India,IND,7.41022760508854,6.66565671867899,Historical,World Bank API,7.41022760508854,6.66565671867899,16.0367074997094
2015-01-01,India,IND,7.99625378571471,4.90697344127256,Historical,World Bank API,7.99625378571471,4.90697344127256,7.90834252140582
2016-01-01,India,IND,8.25630550179086,4.94821634062141,Historical,World Bank API,8.25630550179086,4.94821634062141,3.2521693663692064
2017-01-01,India,IND,6.79538341897911,3.32817337461298,Historical,World Bank API,6.79538341897911,3.32817337461298,-17.69462240096208
2018-01-01,India,IND,6.45385134497769,3.9388264669163,Historical,World Bank API,6.45385134497769,3.9388264669163,-5.0259426575922195
2019-01-01,India,IND,3.87143694070356,3.72950573539129,Historical,World Bank API,3.87143694070356,3.72950573539129,-40.013540229490005
2020-01-01,India,IND,-5.77772470686801,6.62343677628535,Historical,World Bank API,-5.77772470686801,6.62343677628535,-249.23979895222104
2021-01-01,India,IND,9.68959249192875,5.13140747176369,Historical,World Bank API,9.68959249192875,5.13140747176369,-267.70602587573416
2022-01-01,India,IND,7.60936497768895,6.69903414079852,Historical,World Bank API,7.60936497768895,6.69903414079852,-21.46867905923382
2023-01-01,India,IND,9.19075493028345,5.64914318907925,Historical,World Bank API,9.19075493028345,5.64914318907925,20.782154059257472
2024-01-01,India,IND,6.49476552383821,4.95303550973656,Historical,World Bank API,6.49476552383821,4.95303550973656,-29.333710091235055
2000-01-01,Indonesia,IDN,4.9200677470169,3.68862037056682,Historical,World Bank API,4.9200677470169,3.68862037056682,
2001-01-01,Indonesia,IDN,3.64346644721492,11.5001160550887,Historical,World Bank API,3.64346644721492,11.5001160550887,-25.94682360981716
2002-01-01,Indonesia,IDN,4.49947539085764,11.9001200338414,Historical,World Bank API,4.49947539085764,11.9001200338414,23.494355061154913
2003-01-01,Indonesia,IDN,4.78036912167654,6.75731256333564,Historical,World Bank API,4.78036912167654,6.75731256333564,6.242810692767442
2004-01-01,Indonesia,IDN,5.03087394501685,6.06406189133648,Historical,World Bank API,5.03087394501685,6.06406189133648,5.240282015135578
2005-01-01,Indonesia,IDN,5.69257130383384,10.4532001873347,Historical,World Bank API,5.69257130383384,10.4532001873347,13.152731832456466
2006-01-01,Indonesia,IDN,5.50095178520348,13.108670985346,Historical,World Bank API,5.50095178520348,13.108670985346,-3.3661329547388874
2007-01-01,Indonesia,IDN,6.34502222667214,6.40656087966005,Historical,World Bank API,6.34502222667214,6.40656087966005,15.344079977923997
2008-01-01,Indonesia,IDN,6.01370360009123,10.2266663272483,Historical,World Bank API,6.01370360009123,10.2266663272483,-5.221709471531377
2009-01-01,Indonesia,IDN,4.62887118256153,4.38641311792074,Historical,World Bank API,4.62887118256153,4.38641311792074,-23.027945998347697
2010-01-01,Indonesia,IDN,6.22385418062366,5.13420639015885,Historical,World Bank API,6.22385418062366,5.13420639015885,34.45727770673233
2011-01-01,Indonesia,IDN,6.16978420771008,5.35604849112582,Historical,World Bank API,6.16978420771008,5.35604849112582,-0.8687538516232052
2012-01-01,Indonesia,IDN,6.03005065305615,4.2795142691943,Historical,World Bank API,6.03005065305615,4.2795142691943,-2.264804569328571
2013-01-01,Indonesia,IDN,5.5572636889101,6.41249457900391,Historical,World Bank API,5.5572636889101,6.41249457900391,-7.8405139748939146
2014-01-01,Indonesia,IDN,5.006668425755,6.39492882396559,Historical,World Bank API,5.006668425755,6.39492882396559,-9.907668485370802
2015-01-01,Indonesia,IDN,4.87632230022123,6.36312061196646,Historical,World Bank API,4.87632230022123,6.36312061196646,-2.603450327632062
2016-01-01,Indonesia,IDN,5.03306918280177,3.52580452815451,Historical,World Bank API,5.03306918280177,3.52580452815451,3.214448777789536
2017-01-01,Indonesia,IDN,5.06978590134916,3.80879857691949,Historical,World Bank API,5.06978590134916,3.80879857691949,0.7295095142513031
2018-01-01,Indonesia,IDN,5.17429153955024,3.19834755924996,Historical,World Bank API,5.17429153955024,3.19834755924996,2.061342238796904
2019-01-01,Indonesia,IDN,5.01928768046282,3.03058460941661,Historical,World Bank API,5.01928768046282,3.03058460941661,-2.995653760570549
2020-01-01,Indonesia,IDN,-2.06551182934165,1.91983527270793,Historical,World Bank API,-2.06551182934165,1.91983527270793,-141.1514932164875
2021-01-01,Indonesia,IDN,3.70288562827751,1.56007882983334,Historical,World Bank API,3.70288562827751,1.56007882983334,-279.27206107833075
2022-01-01,Indonesia,IDN,5.30719722664799,4.20946463714784,Historical,World Bank API,5.30719722664799,4.20946463714784,43.32598301494841
2023-01-01,Indonesia,IDN,5.04902331835997,3.66938654859761,Historical,World Bank API,5.04902331835997,3.66938654859761,-4.864599849270745
2024-01-01,Indonesia,IDN,5.03034469419038,2.18151273615189,Historical,World Bank API,5.03034469419038,2.18151273615189,-0.36994529420508737
2000-01-01,"Iran, Islamic Rep.",IRN,5.84552747578209,14.4767513188567,Historical,World Bank API,5.84552747578209,14.4767513188567,
2001-01-01,"Iran, Islamic Rep.",IRN,2.39217271207868,11.2742471332117,Historical,World Bank API,2.39217271207868,11.2742471332117,-59.076871642646346
2002-01-01,"Iran, Islamic Rep.",IRN,8.07882927975243,14.3359337378404,Historical,World Bank API,8.07882927975243,14.3359337378404,237.71931428531036
2003-01-01,"Iran, Islamic Rep.",IRN,8.6392983972006,16.4680116244792,Historical,World Bank API,8.6392983972006,16.4680116244792,6.937504161065089
2004-01-01,"Iran, Islamic Rep.",IRN,4.33666597851041,14.7615086970672,Historical,World Bank API,4.33666597851041,14.7615086970672,-49.80303053410421
2005-01-01,"Iran, Islamic Rep.",IRN,3.18980408728824,13.433118008508,Historical,World Bank API,3.18980408728824,13.433118008508,-26.445704993311537
2006-01-01,"Iran, Islamic Rep.",IRN,4.99979526181222,10.0158982511924,Historical,World Bank API,4.99979526181222,10.0158982511924,56.74302010386833
2007-01-01,"Iran, Islamic Rep.",IRN,8.15577352358517,17.3410404624277,Historical,World Bank API,8.15577352358517,17.3410404624277,63.12214993837644
2008-01-01,"Iran, Islamic Rep.",IRN,0.250856553493634,25.4105090311987,Historical,World Bank API,0.250856553493634,25.4105090311987,-96.9241844103665
2009-01-01,"Iran, Islamic Rep.",IRN,1.00738545790475,13.5515548281506,Historical,World Bank API,1.00738545790475,13.5515548281506,301.57829001278793
2010-01-01,"Iran, Islamic Rep.",IRN,5.79793830169604,10.0893629287979,Historical,World Bank API,5.79793830169604,10.0893629287979,475.5431802395786
2011-01-01,"Iran, Islamic Rep.",IRN,2.6457179180628,26.2933856738608,Historical,World Bank API,2.6457179180628,26.2933856738608,-54.367953220736034
2012-01-01,"Iran, Islamic Rep.",IRN,-3.74717139864109,27.2568127242908,Historical,World Bank API,-3.74717139864109,27.2568127242908,-241.6315538802707
2013-01-01,"Iran, Islamic Rep.",IRN,-1.52197920494184,36.6030355191029,Historical,World Bank API,-1.52197920494184,36.6030355191029,-59.383250910439145
2014-01-01,"Iran, Islamic Rep.",IRN,4.98477506709476,16.6065532357449,Historical,World Bank API,4.98477506709476,16.6065532357449,-427.51926247804715
2015-01-01,"Iran, Islamic Rep.",IRN,-1.42488493937503,12.4846815611533,Historical,World Bank API,-1.42488493937503,12.4846815611533,-128.58473893397732
2016-01-01,"Iran, Islamic Rep.",IRN,8.8150866425182,7.24542548952979,Historical,World Bank API,8.8150866425182,7.24542548952979,-718.6525240686867
2017-01-01,"Iran, Islamic Rep.",IRN,3.02685468694025,8.04492437660278,Historical,World Bank API,3.02685468694025,8.04492437660278,-65.66279142010146
2018-01-01,"Iran, Islamic Rep.",IRN,-3.74796015711334,18.0141183371874,Historical,World Bank API,-3.74796015711334,18.0141183371874,-223.823590649541
2019-01-01,"Iran, Islamic Rep.",IRN,-2.36143538770575,39.9073455697784,Historical,World Bank API,-2.36143538770575,39.9073455697784,-36.99411710063334
2020-01-01,"Iran, Islamic Rep.",IRN,4.44180865358672,30.5941390387295,Historical,World Bank API,4.44180865358672,30.5941390387295,-288.09782713988017
2021-01-01,"Iran, Islamic Rep.",IRN,4.13089685034471,43.3890162681514,Historical,World Bank API,4.13089685034471,43.3890162681514,-6.999666745908817
2022-01-01,"Iran, Islamic Rep.",IRN,4.35281087521344,43.4884641742179,Historical,World Bank API,4.35281087521344,43.4884641742179,5.372054372410973
2023-01-01,"Iran, Islamic Rep.",IRN,5.33235117216407,44.5791857572797,Historical,World Bank API,5.33235117216407,44.5791857572797,22.503626392970677
2024-01-01,"Iran, Islamic Rep.",IRN,3.66312056830718,32.455871402917,Historical,World Bank API,3.66312056830718,32.455871402917,-31.303838587574727
2000-01-01,Iraq,IRQ,16.7961344440251,4.97896213183735,Historical,World Bank API,16.7961344440251,4.97896213183735,
2001-01-01,Iraq,IRQ,1.76660876568174,16.3740814963262,Historical,World Bank API,1.76660876568174,16.3740814963262,-89.48205153055216
2002-01-01,Iraq,IRQ,-8.20370481187175,19.316694601979,Historical,World Bank API,-8.20370481187175,19.316694601979,-564.3758692494608
2003-01-01,Iraq,IRQ,-36.6567804383165,33.6162105992383,Historical,World Bank API,-36.6567804383165,33.6162105992383,346.8320262483082
2004-01-01,Iraq,IRQ,53.3855472887501,26.9619068193272,Historical,World Bank API,53.3855472887501,26.9619068193272,-245.6362142294073
2005-01-01,Iraq,IRQ,1.67522863586828,36.9594809201871,Historical,World Bank API,1.67522863586828,36.9594809201871,-96.86201842830728
2006-01-01,Iraq,IRQ,5.63829915220637,53.230962911428,Historical,World Bank API,5.63829915220637,53.230962911428,236.56893342704888
2007-01-01,Iraq,IRQ,1.88853936243953,-10.0674925768978,Historical,World Bank API,1.88853936243953,-10.0674925768978,-66.5051585334824
2008-01-01,Iraq,IRQ,8.22810710383277,12.6628528269228,Historical,World Bank API,8.22810710383277,12.6628528269228,335.6862910818058
2009-01-01,Iraq,IRQ,3.37929909442771,6.8736154721255,Historical,World Bank API,3.37929909442771,6.8736154721255,-58.92981153765506
2010-01-01,Iraq,IRQ,6.40256484471193,2.8777472527476,Historical,World Bank API,6.40256484471193,2.8777472527476,89.46428433249454
2011-01-01,Iraq,IRQ,7.546471200426,5.801455370853,Historical,World Bank API,7.546471200426,5.801455370853,17.86637673273792
2012-01-01,Iraq,IRQ,13.9364301737537,6.08909641595043,Historical,World Bank API,13.9364301737537,6.08909641595043,84.6747943988309
2013-01-01,Iraq,IRQ,7.62828592298754,1.87949800749469,Historical,World Bank API,7.62828592298754,1.87949800749469,-45.26370219718252
2014-01-01,Iraq,IRQ,2.26368817563613,2.23597407904679,Historical,World Bank API,2.26368817563613,2.23597407904679,-70.32507435497935
2015-01-01,Iraq,IRQ,2.60676642939541,1.39333028780309,Historical,World Bank API,2.60676642939541,1.39333028780309,15.155720538358608
2016-01-01,Iraq,IRQ,13.7873730187089,0.556521397155511,Historical,World Bank API,13.7873730187089,0.556521397155511,428.9071112484221
2017-01-01,Iraq,IRQ,-1.81975035118309,0.18405889884769,Historical,World Bank API,-1.81975035118309,0.18405889884769,-113.1986735160771
2018-01-01,Iraq,IRQ,2.63385099105624,0.367441488936849,Historical,World Bank API,2.63385099105624,0.367441488936849,-244.73694094049065
2019-01-01,Iraq,IRQ,5.51379057542323,-0.198965380023928,Historical,World Bank API,5.51379057542323,-0.198965380023928,109.34329975941664
2020-01-01,Iraq,IRQ,-12.0367930931152,0.574162679425795,Historical,World Bank API,-12.0367930931152,0.574162679425795,-318.303414474375
2021-01-01,Iraq,IRQ,1.50218070952037,6.04186489058044,Historical,World Bank API,1.50218070952037,6.04186489058044,-112.47990804444072
2022-01-01,Iraq,IRQ,7.95904804992662,4.99476596381044,Historical,World Bank API,7.95904804992662,4.99476596381044,429.8329288536702
2023-01-01,Iraq,IRQ,0.517705525131191,4.35835351089586,Historical,World Bank API,0.517705525131191,4.35835351089586,-93.49538384636384
2024-01-01,Iraq,IRQ,-1.54525198318304,-12.2969837587007,Historical,World Bank API,-1.54525198318304,-12.2969837587007,-398.48087535698215
2000-01-01,Ireland,IRL,9.40352476399653,5.57763269940387,Historical,World Bank API,9.40352476399653,5.57763269940387,
2001-01-01,Ireland,IRL,5.30582133514299,4.85280279607477,Historical,World Bank API,5.30582133514299,4.85280279607477,-43.57624966908688
2002-01-01,Ireland,IRL,5.89936506079005,4.62820512820515,Historical,World Bank API,5.89936506079005,4.62820512820515,11.18665119226192
2003-01-01,Ireland,IRL,3.01383869396012,3.49221909079765,Historical,World Bank API,3.01383869396012,3.49221909079765,-48.91249036287808
2004-01-01,Ireland,IRL,6.78813990621356,2.17854605730523,Historical,World Bank API,6.78813990621356,2.17854605730523,125.2323563240901
2005-01-01,Ireland,IRL,5.73978202625278,2.45654692931639,Historical,World Bank API,5.73978202625278,2.45654692931639,-15.443963949552074
2006-01-01,Ireland,IRL,4.98785364537615,3.93576114001354,Historical,World Bank API,4.98785364537615,3.93576114001354,-13.100295053669953
2007-01-01,Ireland,IRL,5.31011830898613,4.88574537540802,Historical,World Bank API,5.31011830898613,4.88574537540802,6.460988764350106
2008-01-01,Ireland,IRL,-4.48407081043062,4.03568834941391,Historical,World Bank API,-4.48407081043062,4.03568834941391,-184.44389652943102
2009-01-01,Ireland,IRL,-5.09578277913846,-4.44754686876746,Historical,World Bank API,-5.09578277913846,-4.44754686876746,13.64188913531219
2010-01-01,Ireland,IRL,1.68297175486512,-0.918388645376774,Historical,World Bank API,1.68297175486512,-0.918388645376774,-133.02675619838053
2011-01-01,Ireland,IRL,1.60886648916944,2.5489783020855,Historical,World Bank API,1.60886648916944,2.5489783020855,-4.403238823316979
2012-01-01,Ireland,IRL,-0.40502941658977,1.69474116680366,Historical,World Bank API,-0.40502941658977,1.69474116680366,-125.17483080891702
2013-01-01,Ireland,IRL,2.1929375750029,0.515099484900573,Historical,World Bank API,2.1929375750029,0.515099484900573,-641.4267421529028
2014-01-01,Ireland,IRL,9.38579335130922,0.190916398713745,Historical,World Bank API,9.38579335130922,0.190916398713745,328.0009362006945
2015-01-01,Ireland,IRL,24.6239856364006,-0.330959783371788,Historical,World Bank API,24.6239856364006,-0.330959783371788,162.35380126886997
2016-01-01,Ireland,IRL,1.22271661130947,0.0201247735963237,Historical,World Bank API,1.22271661130947,0.0201247735963237,-95.03444881196657
2017-01-01,Ireland,IRL,10.1088576065965,0.362173038229378,Historical,World Bank API,10.1088576065965,0.362173038229378,726.7539275327588
2018-01-01,Ireland,IRL,7.68865937437435,0.471130713712916,Historical,World Bank API,7.68865937437435,0.471130713712916,-23.941362381470867
2019-01-01,Ireland,IRL,4.97288003766816,0.937842961189274,Historical,World Bank API,4.97288003766816,0.937842961189274,-35.32188388729578
2020-01-01,Ireland,IRL,7.15369505735335,-0.326183651280033,Historical,World Bank API,7.15369505735335,-0.326183651280033,43.85416505457871
2021-01-01,Ireland,IRL,16.2581881158197,2.34034113447044,Historical,World Bank API,16.2581881158197,2.34034113447044,127.26979533615643
2022-01-01,Ireland,IRL,7.51113888415304,7.82945736434105,Historical,World Bank API,7.51113888415304,7.82945736434105,-53.8008858635085
2023-01-01,Ireland,IRL,-2.53637409313261,6.29942487419125,Historical,World Bank API,-2.53637409313261,6.29942487419125,-133.7681692783479
2024-01-01,Ireland,IRL,2.59946721553708,2.11344999577317,Historical,World Bank API,2.59946721553708,2.11344999577317,-202.48753220494163
2000-01-01,Isle of Man,IMN,5.30000152552805,,Historical,World Bank API,5.30000152552805,6.747787530076212,
2001-01-01,Isle of Man,IMN,5.39999903126116,,Historical,World Bank API,5.39999903126116,6.747787530076212,1.8867448481186377
2002-01-01,Isle of Man,IMN,6.19999819490684,,Historical,World Bank API,6.19999819490684,6.747787530076212,14.814801984489279
2003-01-01,Isle of Man,IMN,5.99999968812641,,Historical,World Bank API,5.99999968812641,6.747787530076212,-3.2257833065939323
2004-01-01,Isle of Man,IMN,5.20000310402496,,Historical,World Bank API,5.20000310402496,6.747787530076212,-13.333277094740337
2005-01-01,Isle of Man,IMN,5.89999933576675,,Historical,World Bank API,5.89999933576675,6.747787530076212,13.461457959514899
2006-01-01,Isle of Man,IMN,7.69999871253432,,Historical,World Bank API,7.69999871253432,6.747787530076212,30.50846744771112
2007-01-01,Isle of Man,IMN,7.50000022988817,,Historical,World Bank API,7.50000022988817,6.747787530076212,-2.597383325799607
2008-01-01,Isle of Man,IMN,4.90000100081545,,Historical,World Bank API,4.90000100081545,6.747787530076212,-34.66665532504239
2009-01-01,Isle of Man,IMN,2.10000027181374,,Historical,World Bank API,2.10000027181374,6.747787530076212,-57.142860349125215
2010-01-01,Isle of Man,IMN,3.39999842395957,,Historical,World Bank API,3.39999842395957,6.747787530076212,61.90466589906869
2011-01-01,Isle of Man,IMN,1.99999938207415,,Historical,World Bank API,1.99999938207415,6.747787530076212,-41.17646149538532
2012-01-01,Isle of Man,IMN,7.30389108511717,,Historical,World Bank API,7.30389108511717,6.747787530076212,265.19466708747103
2013-01-01,Isle of Man,IMN,4.14186158753493,,Historical,World Bank API,4.14186158753493,6.747787530076212,-43.29239662438798
2014-01-01,Isle of Man,IMN,5.15509983748599,,Historical,World Bank API,5.15509983748599,6.747787530076212,24.46335370067494
2015-01-01,Isle of Man,IMN,-0.385866882198087,,Historical,World Bank API,-0.385866882198087,6.747787530076212,-107.48514857834964
2016-01-01,Isle of Man,IMN,6.95230284899407,,Historical,World Bank API,6.95230284899407,6.747787530076212,-1901.7360830217776
2017-01-01,Isle of Man,IMN,2.83775807093689,,Historical,World Bank API,2.83775807093689,6.747787530076212,-59.182473310300544
2018-01-01,Isle of Man,IMN,2.2133975392251,,Historical,World Bank API,2.2133975392251,6.747787530076212,-22.001894316017445
2019-01-01,Isle of Man,IMN,0.254877847398262,,Historical,World Bank API,0.254877847398262,6.747787530076212,-88.48476864723119
2020-01-01,Isle of Man,IMN,-8.83681697473475,,Historical,World Bank API,-8.83681697473475,6.747787530076212,-3567.079255784317
2021-01-01,Isle of Man,IMN,3.83783632334639,,Historical,World Bank API,3.83783632334639,6.747787530076212,-143.43007594611393
2022-01-01,Isle of Man,IMN,-4.16539345213232,,Historical,World Bank API,-4.16539345213232,6.747787530076212,-208.53494263925037
2000-01-01,Israel,ISR,8.58208942390802,1.03263640999489,Historical,World Bank API,8.58208942390802,1.03263640999489,
2001-01-01,Israel,ISR,0.277927326527333,1.12302839116721,Historical,World Bank API,0.277927326527333,1.12302839116721,-96.76154240769058
2002-01-01,Israel,ISR,-0.134072634658438,5.80234589468429,Historical,World Bank API,-0.134072634658438,5.80234589468429,-148.240177147623
2003-01-01,Israel,ISR,1.4490576944626,0.70763061681807,Historical,World Bank API,1.4490576944626,0.70763061681807,-1180.8004915799588
2004-01-01,Israel,ISR,4.64789744397389,-0.421595034547416,Historical,World Bank API,4.64789744397389,-0.421595034547416,220.7530978052339
2005-01-01,Israel,ISR,4.38778887041551,1.34070328119492,Historical,World Bank API,4.38778887041551,1.34070328119492,-5.596263185531713
2006-01-01,Israel,ISR,5.60162698158004,2.05407914587443,Historical,World Bank API,5.60162698158004,2.05407914587443,27.66400451372637
2007-01-01,Israel,ISR,6.32334950499747,0.466226972936065,Historical,World Bank API,6.32334950499747,0.466226972936065,12.884158937942258
2008-01-01,Israel,ISR,3.22209599987266,4.52744765138651,Historical,World Bank API,3.22209599987266,4.52744765138651,-49.04447401924924
2009-01-01,Israel,ISR,1.23773159721814,3.3676231727125,Historical,World Bank API,1.23773159721814,3.3676231727125,-61.586135321012904
2010-01-01,Israel,ISR,5.53434033902194,2.70270270270273,Historical,World Bank API,5.53434033902194,2.70270270270273,347.1357402089945
2011-01-01,Israel,ISR,5.51879621371651,3.48837209302323,Historical,World Bank API,5.51879621371651,3.48837209302323,-0.28086681254185786
2012-01-01,Israel,ISR,2.44716836741318,1.67553715750052,Historical,World Bank API,2.44716836741318,1.67553715750052,-55.65756964660253
2013-01-01,Israel,ISR,4.08570918638205,1.58976347421476,Historical,World Bank API,4.08570918638205,1.58976347421476,66.95660342736926
2014-01-01,Israel,ISR,3.77582843213109,0.467557251908503,Historical,World Bank API,3.77582843213109,0.467557251908503,-7.584503451293434
2015-01-01,Israel,ISR,2.23760317482488,-0.617342577642765,Historical,World Bank API,2.23760317482488,-0.617342577642765,-40.73874872640945
2016-01-01,Israel,ISR,4.45978271860821,-0.535168195718695,Historical,World Bank API,4.45978271860821,-0.535168195718695,99.31070749205757
2017-01-01,Israel,ISR,4.3469311670646,0.249807840123008,Historical,World Bank API,4.3469311670646,0.249807840123008,-2.530427123113932
2018-01-01,Israel,ISR,4.00389862187025,0.805060379528526,Historical,World Bank API,4.00389862187025,0.805060379528526,-7.89137283317034
2019-01-01,Israel,ISR,3.71049632750405,0.817645940292794,Historical,World Bank API,3.71049632750405,0.817645940292794,-7.327915166572064
2020-01-01,Israel,ISR,-2.02161548237589,-0.575254620897756,Historical,World Bank API,-2.02161548237589,-0.575254620897756,-154.48369446940742
2021-01-01,Israel,ISR,9.38837403354628,1.47965474722561,Historical,World Bank API,9.38837403354628,1.47965474722561,-564.3995910890362
2022-01-01,Israel,ISR,6.26326343841286,4.41162725488371,Historical,World Bank API,6.26326343841286,4.41162725488371,-33.28702695447433
2023-01-01,Israel,ISR,1.82652049482384,4.22522603168918,Historical,World Bank API,1.82652049482384,4.22522603168918,-70.83755916090465
2024-01-01,Israel,ISR,0.871968424377442,3.07480889805025,Historical,World Bank API,0.871968424377442,3.07480889805025,-52.26068216324396
2000-01-01,Italy,ITA,3.88209885062652,2.53768532095002,Historical,World Bank API,3.88209885062652,2.53768532095002,
2001-01-01,Italy,ITA,2.00643329837733,2.78516542713554,Historical,World Bank API,2.00643329837733,2.78516542713554,-48.31575970680093
2002-01-01,Italy,ITA,0.26992966378873,2.46532319171165,Historical,World Bank API,0.26992966378873,2.46532319171165,-86.54679106417187
2003-01-01,Italy,ITA,0.0665538088732092,2.6725555277285,Historical,World Bank API,0.0665538088732092,2.6725555277285,-75.34401816419114
2004-01-01,Italy,ITA,1.4740217064723,2.20673661423657,Historical,World Bank API,1.4740217064723,2.20673661423657,2114.781890666002
2005-01-01,Italy,ITA,0.762410677306491,1.9852929852798,Historical,World Bank API,0.762410677306491,1.9852929852798,-48.27683514029593
2006-01-01,Italy,ITA,1.79947992234244,2.09084391012754,Historical,World Bank API,1.79947992234244,2.09084391012754,136.02501590085217
2007-01-01,Italy,ITA,1.46229205289291,1.82974112202403,Historical,World Bank API,1.46229205289291,1.82974112202403,-18.73807344349816
2008-01-01,Italy,ITA,-1.02313851177097,3.34783258401022,Historical,World Bank API,-1.02313851177097,3.34783258401022,-169.96813733254274
2009-01-01,Italy,ITA,-5.30515401233991,0.774768131387381,Historical,World Bank API,-5.30515401233991,0.774768131387381,418.5176739322537
2010-01-01,Italy,ITA,1.52910573247101,1.52551602118248,Historical,World Bank API,1.52910573247101,1.52551602118248,-128.82302245918356
2011-01-01,Italy,ITA,0.695463154440176,2.78063272879323,Historical,World Bank API,0.695463154440176,2.78063272879323,-54.51830833723192
2012-01-01,Italy,ITA,-3.12523877282996,3.04136333226775,Historical,World Bank API,-3.12523877282996,3.04136333226775,-549.3751757914005
2013-01-01,Italy,ITA,-1.81802510749792,1.21999342274306,Historical,World Bank API,-1.81802510749792,1.21999342274306,-41.827641353250414
2014-01-01,Italy,ITA,-0.0013876173045446,0.241047429826756,Historical,World Bank API,-0.0013876173045446,0.241047429826756,-99.92367446968572
2015-01-01,Italy,ITA,0.885667635240807,0.0387903996579733,Historical,World Bank API,0.885667635240807,0.0387903996579733,-63926.50550264455
2016-01-01,Italy,ITA,1.23622108511661,-0.09401665691575,Historical,World Bank API,1.23622108511661,-0.09401665691575,39.58070001965126
2017-01-01,Italy,ITA,1.60369995294101,1.22653316645812,Historical,World Bank API,1.60369995294101,1.22653316645812,29.725982856030697
2018-01-01,Italy,ITA,0.826646712344115,1.13748763600391,Historical,World Bank API,0.826646712344115,1.13748763600391,-48.45377959710384
2019-01-01,Italy,ITA,0.429162533780342,0.611246943765304,Historical,World Bank API,0.429162533780342,0.611246943765304,-48.08392419981089
2020-01-01,Italy,ITA,-8.86822122185345,-0.13770757391651,Historical,World Bank API,-8.86822122185345,-0.13770757391651,-2166.401543428408
2021-01-01,Italy,ITA,8.93106210800055,1.87378325762481,Historical,World Bank API,8.93106210800055,1.87378325762481,-200.7086075614831
2022-01-01,Italy,ITA,4.82117669913565,8.20128991161718,Historical,World Bank API,4.82117669913565,8.20128991161718,-46.0178796112415
2023-01-01,Italy,ITA,0.975694840127005,5.62219442195901,Historical,World Bank API,0.975694840127005,5.62219442195901,-79.76230905824444
2024-01-01,Italy,ITA,0.692676948440536,0.982373023061417,Historical,World Bank API,0.692676948440536,0.982373023061417,-29.006804181687485
2000-01-01,Jamaica,JAM,0.87870355044231,8.17108356120225,Historical,World Bank API,0.87870355044231,8.17108356120225,
2001-01-01,Jamaica,JAM,1.34492956615135,6.8019093078759,Historical,World Bank API,1.34492956615135,6.8019093078759,53.058396711195435
2002-01-01,Jamaica,JAM,1.99729094191295,7.07635009310985,Historical,World Bank API,1.99729094191295,7.07635009310985,48.505244600161255
2003-01-01,Jamaica,JAM,3.66631759041991,10.0869565217391,Historical,World Bank API,3.66631759041991,10.0869565217391,83.56452299875814
2004-01-01,Jamaica,JAM,1.32372510450574,13.5545023696682,Historical,World Bank API,1.32372510450574,13.5545023696682,-63.89496894746285
2005-01-01,Jamaica,JAM,0.893797935409893,15.0528658875905,Historical,World Bank API,0.893797935409893,15.0528658875905,-32.47858393199966
2006-01-01,Jamaica,JAM,2.89912534481287,8.56106408706157,Historical,World Bank API,2.89912534481287,8.56106408706157,224.36026421154574
2007-01-01,Jamaica,JAM,1.43195403769627,9.24482067275562,Historical,World Bank API,1.43195403769627,9.24482067275562,-50.607377488581875
2008-01-01,Jamaica,JAM,-0.811736702186792,22.0228384991843,Historical,World Bank API,-0.811736702186792,22.0228384991843,-156.68734336562332
2009-01-01,Jamaica,JAM,-4.34530185828071,9.59224598930482,Historical,World Bank API,-4.34530185828071,9.59224598930482,435.3092753567271
2010-01-01,Jamaica,JAM,-1.45714720850386,12.6105519975603,Historical,World Bank API,-1.45714720850386,12.6105519975603,-66.46614536739217
2011-01-01,Jamaica,JAM,1.73037627006349,7.555856465809,Historical,World Bank API,1.73037627006349,7.555856465809,-218.75095803396354
2012-01-01,Jamaica,JAM,-0.613636042132399,6.87397708674309,Historical,World Bank API,-0.613636042132399,6.87397708674309,-135.46257844312
2013-01-01,Jamaica,JAM,0.517686011311724,9.34150076569673,Historical,World Bank API,0.517686011311724,9.34150076569673,-184.36369048870623
2014-01-01,Jamaica,JAM,0.689822359762587,8.27407886231419,Historical,World Bank API,0.689822359762587,8.27407886231419,33.25111065193749
2015-01-01,Jamaica,JAM,0.92148712399856,3.69154228855725,Historical,World Bank API,0.92148712399856,3.69154228855725,33.58324950726504
2016-01-01,Jamaica,JAM,2.76043761369557,2.35102197485846,Historical,World Bank API,2.76043761369557,2.35102197485846,199.56334080039557
2017-01-01,Jamaica,JAM,2.29303371291363,4.37839864991561,Historical,World Bank API,2.29303371291363,4.37839864991561,-16.932239238553105
2018-01-01,Jamaica,JAM,2.51584458612513,3.73663882152163,Historical,World Bank API,2.51584458612513,3.73663882152163,9.716859894239715
2019-01-01,Jamaica,JAM,1.80943147301357,3.90510000865872,Historical,World Bank API,1.80943147301357,3.90510000865872,-28.078567213866258
2020-01-01,Jamaica,JAM,-8.30441923583135,5.2267777929352,Historical,World Bank API,-8.30441923583135,5.2267777929352,-558.9518508816758
2021-01-01,Jamaica,JAM,5.70467978309095,5.86278242801063,Historical,World Bank API,5.70467978309095,5.86278242801063,-168.69450615494918
2022-01-01,Jamaica,JAM,6.43930323656186,10.3495688391272,Historical,World Bank API,6.43930323656186,10.3495688391272,12.87755809972686
2023-01-01,Jamaica,JAM,2.74634433906714,6.47413734662063,Historical,World Bank API,2.74634433906714,6.47413734662063,-57.35028716346806
2024-01-01,Jamaica,JAM,-0.535039063867487,5.41194447981659,Historical,World Bank API,-0.535039063867487,5.41194447981659,-119.4818638091546
2000-01-01,Japan,JPN,2.76464755136783,-0.676578683595175,Historical,World Bank API,2.76464755136783,-0.676578683595175,
2001-01-01,Japan,JPN,0.386103426142029,-0.740055504162738,Historical,World Bank API,0.386103426142029,-0.740055504162738,-86.03426227147828
2002-01-01,Japan,JPN,0.0419624992862282,-0.923494026942321,Historical,World Bank API,0.0419624992862282,-0.923494026942321,-89.13179825791232
2003-01-01,Japan,JPN,1.53512549946694,-0.256541816316025,Historical,World Bank API,1.53512549946694,-0.256541816316025,3558.3271387049094
2004-01-01,Japan,JPN,2.18611569439318,-0.0085733882031027,Historical,World Bank API,2.18611569439318,-0.0085733882031027,42.40631760414968
2005-01-01,Japan,JPN,1.80390087215821,-0.282946068764391,Historical,World Bank API,1.80390087215821,-0.282946068764391,-17.483741744101277
2006-01-01,Japan,JPN,1.3723501275831,0.249355116079085,Historical,World Bank API,1.3723501275831,0.249355116079085,-23.923196181994033
2007-01-01,Japan,JPN,1.48396941157472,0.060039454498669,Historical,World Bank API,1.48396941157472,0.060039454498669,8.133440712261741
2008-01-01,Japan,JPN,-1.22428900061713,1.3800788616492,Historical,World Bank API,-1.22428900061713,1.3800788616492,-182.50095932354634
2009-01-01,Japan,JPN,-5.69323635892741,-1.35283672951719,Historical,World Bank API,-5.69323635892741,-1.35283672951719,365.0238919125801
2010-01-01,Japan,JPN,4.09791791943181,-0.728243207517779,Historical,World Bank API,4.09791791943181,-0.728243207517779,-171.97870703200255
2011-01-01,Japan,JPN,0.0238095237995424,-0.27245561610124,Historical,World Bank API,0.0238095237995424,-0.27245561610124,-99.41898485358527
2012-01-01,Japan,JPN,1.37475099905274,-0.0440645104432602,Historical,World Bank API,1.37475099905274,-0.0440645104432602,5673.95419844206
2013-01-01,Japan,JPN,2.00510017681211,0.335037912184741,Historical,World Bank API,2.00510017681211,0.335037912184741,45.85187995453042
2014-01-01,Japan,JPN,0.296205514141889,2.75922671353253,Historical,World Bank API,0.296205514141889,2.75922671353253,-85.22739573975684
2015-01-01,Japan,JPN,1.56062669680782,0.795279630579839,Historical,World Bank API,1.56062669680782,0.795279630579839,426.87293865172455
2016-01-01,Japan,JPN,0.753826745789127,-0.127258844489754,Historical,World Bank API,0.753826745789127,-0.127258844489754,-51.69717733708901
2017-01-01,Japan,JPN,1.67533175173359,0.484199796126385,Historical,World Bank API,1.67533175173359,0.484199796126385,122.2436071805605
2018-01-01,Japan,JPN,0.643391023533141,0.989094598021848,Historical,World Bank API,0.643391023533141,0.989094598021848,-61.59620189449782
2019-01-01,Japan,JPN,-0.402169200894946,0.46877615938395,Historical,World Bank API,-0.402169200894946,0.46877615938395,-162.5077419772597
2020-01-01,Japan,JPN,-4.16876457146743,-0.024995834027731,Historical,World Bank API,-4.16876457146743,-0.024995834027731,936.5698224007931
2021-01-01,Japan,JPN,2.69657404187188,-0.233352779398264,Historical,World Bank API,2.69657404187188,-0.233352779398264,-164.6852081868147
2022-01-01,Japan,JPN,0.941998775483285,2.49770278172255,Historical,World Bank API,0.941998775483285,2.49770278172255,-65.06683069494439
2023-01-01,Japan,JPN,1.47503481053384,3.26813365933163,Historical,World Bank API,1.47503481053384,3.26813365933163,56.58563990989107
2024-01-01,Japan,JPN,0.104309021773304,2.73853681635241,Historical,World Bank API,0.104309021773304,2.73853681635241,-92.92836880672986
2000-01-01,Jordan,JOR,4.24571192079179,0.66688092559796,Historical,World Bank API,4.24571192079179,0.66688092559796,
2001-01-01,Jordan,JOR,5.26995757513571,1.77220437351017,Historical,World Bank API,5.26995757513571,1.77220437351017,24.124238136084063
2002-01-01,Jordan,JOR,5.78380792679296,1.83299389002049,Historical,World Bank API,5.78380792679296,1.83299389002049,9.75055955064339
2003-01-01,Jordan,JOR,4.16166755544407,1.62999999999998,Historical,World Bank API,4.16166755544407,1.62999999999998,-28.046235142672593
2004-01-01,Jordan,JOR,8.56721424236899,3.36186821476601,Historical,World Bank API,8.56721424236899,3.36186821476601,105.86013006161008
2005-01-01,Jordan,JOR,8.14659481079931,3.49368534619531,Historical,World Bank API,8.14659481079931,3.49368534619531,-4.909640633118695
2006-01-01,Jordan,JOR,8.09297527811933,6.25172466656443,Historical,World Bank API,8.09297527811933,6.25172466656443,-0.6581833750820887
2007-01-01,Jordan,JOR,8.17616995204646,4.74390639021648,Historical,World Bank API,8.17616995204646,4.74390639021648,1.0279862605296675
2008-01-01,Jordan,JOR,7.22038637280139,13.9712310012729,Historical,World Bank API,7.22038637280139,13.9712310012729,-11.689869276822462
2009-01-01,Jordan,JOR,5.02371007272669,-0.739069743144777,Historical,World Bank API,5.02371007272669,-0.739069743144777,-30.4232514252894
2010-01-01,Jordan,JOR,2.31483422063046,4.84551875852116,Historical,World Bank API,2.31483422063046,4.84551875852116,-53.92181899195367
2011-01-01,Jordan,JOR,2.73717988632104,4.1624416292779,Historical,World Bank API,2.73717988632104,4.1624416292779,18.24517980279172
2012-01-01,Jordan,JOR,2.42935800100238,4.5152295667099,Historical,World Bank API,2.42935800100238,4.5152295667099,-11.245950142224448
2013-01-01,Jordan,JOR,2.60994737548631,4.82462314269537,Historical,World Bank API,2.60994737548631,4.82462314269537,7.4336254438175375
2014-01-01,Jordan,JOR,3.38407809933472,2.89947905006057,Historical,World Bank API,3.38407809933472,2.89947905006057,29.66077903023492
2015-01-01,Jordan,JOR,2.49652879315188,-0.876851359704049,Historical,World Bank API,2.49652879315188,-0.876851359704049,-26.22721107876691
2016-01-01,Jordan,JOR,1.9941808493012,-0.778430463054142,Historical,World Bank API,1.9941808493012,-0.778430463054142,-20.121856604604304
2017-01-01,Jordan,JOR,2.47359815449045,3.32389447576097,Historical,World Bank API,2.47359815449045,3.32389447576097,24.040813818729
2018-01-01,Jordan,JOR,1.91907091341564,4.46231108475481,Historical,World Bank API,1.91907091341564,4.46231108475481,-22.417838567196057
2019-01-01,Jordan,JOR,1.75124077866225,0.761514047265601,Historical,World Bank API,1.75124077866225,0.761514047265601,-8.7453847369652
2020-01-01,Jordan,JOR,-1.10275188309046,0.333294350628378,Historical,World Bank API,-1.10275188309046,0.333294350628378,-162.96974673767235
2021-01-01,Jordan,JOR,3.65564358999147,1.34609377243118,Historical,World Bank API,3.65564358999147,1.34609377243118,-431.5019131725748
2022-01-01,Jordan,JOR,2.64743514912058,4.22915568897117,Historical,World Bank API,2.64743514912058,4.22915568897117,-27.57950593518451
2023-01-01,Jordan,JOR,2.88408339281683,2.08486986327134,Historical,World Bank API,2.88408339281683,2.08486986327134,8.938773959198176
2024-01-01,Jordan,JOR,2.48889409603647,1.55659611283953,Historical,World Bank API,2.48889409603647,1.55659611283953,-13.702422674900049
2000-01-01,Kazakhstan,KAZ,9.80000000214156,13.1808905865731,Historical,World Bank API,9.80000000214156,13.1808905865731,
2001-01-01,Kazakhstan,KAZ,13.4999999984358,8.35413777161341,Historical,World Bank API,13.4999999984358,8.35413777161341,37.75510199475196
2002-01-01,Kazakhstan,KAZ,9.79999999960842,5.83692452105646,Historical,World Bank API,9.79999999960842,5.83692452105646,-27.407407401896933
2003-01-01,Kazakhstan,KAZ,9.30000000033759,6.43821810118941,Historical,World Bank API,9.30000000033759,6.43821810118941,-5.102040809089892
2004-01-01,Kazakhstan,KAZ,9.60000000136854,6.88205438981896,Historical,World Bank API,9.60000000136854,6.88205438981896,3.225806462581282
2005-01-01,Kazakhstan,KAZ,9.69999999922682,7.57999929125767,Historical,World Bank API,9.69999999922682,7.57999929125767,1.0416666442085942
2006-01-01,Kazakhstan,KAZ,10.7,8.72169386091742,Historical,World Bank API,10.7,8.72169386091742,10.309278359308127
2007-01-01,Kazakhstan,KAZ,8.89999999999405,10.8468362075556,Historical,World Bank API,8.89999999999405,10.8468362075556,-16.82242990659766
2008-01-01,Kazakhstan,KAZ,3.30000000021091,17.139899777207,Historical,World Bank API,3.30000000021091,17.139899777207,-62.921348312212174
2009-01-01,Kazakhstan,KAZ,1.19999999942873,7.31607858288579,Historical,World Bank API,1.19999999942873,7.31607858288579,-63.63636365599892
2010-01-01,Kazakhstan,KAZ,7.30000000329814,7.40046356341397,Historical,World Bank API,7.30000000329814,7.40046356341397,508.33333389778045
2011-01-01,Kazakhstan,KAZ,7.40000000144188,8.452904661768,Historical,World Bank API,7.40000000144188,8.452904661768,1.3698629876514934
2012-01-01,Kazakhstan,KAZ,4.79999999528297,5.19568369035063,Historical,World Bank API,4.79999999528297,5.19568369035063,-35.13513521151761
2013-01-01,Kazakhstan,KAZ,5.99999999671084,5.94283871648418,Historical,World Bank API,5.99999999671084,5.94283871648418,25.00000005431515
2014-01-01,Kazakhstan,KAZ,4.20000000566705,6.84944977003349,Historical,World Bank API,4.20000000566705,6.84944977003349,-29.99999986717563
2015-01-01,Kazakhstan,KAZ,1.20000000053288,6.67828585615244,Historical,World Bank API,1.20000000053288,6.67828585615244,-71.42857145443517
2016-01-01,Kazakhstan,KAZ,1.09999999910173,14.3610942386248,Historical,World Bank API,1.09999999910173,14.3610942386248,-8.333333448895274
2017-01-01,Kazakhstan,KAZ,4.10000000257358,7.44266321306792,Historical,World Bank API,4.10000000257358,7.44266321306792,272.72727326560704
2018-01-01,Kazakhstan,KAZ,4.09999999309841,6.16366247577757,Historical,World Bank API,4.09999999309841,6.16366247577757,-2.3110170443985112e-07
2019-01-01,Kazakhstan,KAZ,4.50000000091883,5.33356098916675,Historical,World Bank API,4.50000000091883,5.33356098916675,9.756097768140148
2020-01-01,Kazakhstan,KAZ,-2.49999999628,6.71815454861464,Historical,World Bank API,-2.49999999628,6.71815454861464,-155.5555554615453
2021-01-01,Kazakhstan,KAZ,4.29999999729456,8.04147134028391,Historical,World Bank API,4.29999999729456,8.04147134028391,-272.0000001477184
2022-01-01,Kazakhstan,KAZ,3.19999999970734,15.0278644440851,Historical,World Bank API,3.19999999970734,15.0278644440851,-25.581395308821154
2023-01-01,Kazakhstan,KAZ,5.09999999973641,14.7249900200331,Historical,World Bank API,5.09999999973641,14.7249900200331,59.37500000633864
2024-01-01,Kazakhstan,KAZ,4.99999999996936,8.83943897452672,Historical,World Bank API,4.99999999996936,8.83943897452672,-1.9607843092591892
2000-01-01,Kenya,KEN,0.599695390807426,9.98002515350979,Historical,World Bank API,0.599695390807426,9.98002515350979,
2001-01-01,Kenya,KEN,3.77990649795343,5.73859814341467,Historical,World Bank API,3.77990649795343,5.73859814341467,530.3044105215131
2002-01-01,Kenya,KEN,0.546859530175595,1.96130821739162,Historical,World Bank API,0.546859530175595,1.96130821739162,-85.53245879304995
2003-01-01,Kenya,KEN,2.93247554570904,9.81569062979654,Historical,World Bank API,2.93247554570904,9.81569062979654,436.23926875105036
2004-01-01,Kenya,KEN,5.10429977629738,11.6240355442426,Historical,World Bank API,5.10429977629738,11.6240355442426,74.06111992191285
2005-01-01,Kenya,KEN,5.90666607980057,10.3127783574683,Historical,World Bank API,5.90666607980057,10.3127783574683,15.719419678857903
2006-01-01,Kenya,KEN,6.47249430015484,14.4537342081708,Historical,World Bank API,6.47249430015484,14.4537342081708,9.579485495028583
2007-01-01,Kenya,KEN,6.85072976998784,9.75888023027529,Historical,World Bank API,6.85072976998784,9.75888023027529,5.8437358503962145
2008-01-01,Kenya,KEN,0.232282744812977,26.2398166445063,Historical,World Bank API,0.232282744812977,26.2398166445063,-96.6093722477483
2009-01-01,Kenya,KEN,3.30693981631089,9.23412592394652,Historical,World Bank API,3.30693981631089,9.23412592394652,1323.6700272219875
2010-01-01,Kenya,KEN,8.05847360290906,3.96138889115385,Historical,World Bank API,8.05847360290906,3.96138889115385,143.68370912473458
2011-01-01,Kenya,KEN,5.1211061197056,14.0224913014704,Historical,World Bank API,5.1211061197056,14.0224913014704,-36.450668302035375
2012-01-01,Kenya,KEN,4.56867961444982,9.37777003547598,Historical,World Bank API,4.56867961444982,9.37777003547598,-10.787249714082037
2013-01-01,Kenya,KEN,3.7978483925754,5.71749357037733,Historical,World Bank API,3.7978483925754,5.71749357037733,-16.87207873882063
2014-01-01,Kenya,KEN,5.02011100232484,6.87815499275949,Historical,World Bank API,5.02011100232484,6.87815499275949,32.18302795179768
2015-01-01,Kenya,KEN,4.96772112759767,6.58215429284779,Historical,World Bank API,4.96772112759767,6.58215429284779,-1.0435999264340468
2016-01-01,Kenya,KEN,4.21351706814744,6.29724953814625,Historical,World Bank API,4.21351706814744,6.29724953814625,-15.182093359877346
2017-01-01,Kenya,KEN,3.83795817364721,8.00564967709945,Historical,World Bank API,3.83795817364721,8.00564967709945,-8.913192670781145
2018-01-01,Kenya,KEN,5.64794640709219,4.6898064677633,Historical,World Bank API,5.64794640709219,4.6898064677633,47.16018652503837
2019-01-01,Kenya,KEN,5.11415885767801,5.23963795764792,Historical,World Bank API,5.11415885767801,5.23963795764792,-9.451002381040608
2020-01-01,Kenya,KEN,-0.272766327438816,5.40516207933392,Historical,World Bank API,-0.272766327438816,5.40516207933392,-105.3335521056274
2021-01-01,Kenya,KEN,7.59048947333467,6.10793603659176,Historical,World Bank API,7.59048947333467,6.10793603659176,-2882.780977625358
2022-01-01,Kenya,KEN,4.85998104287999,7.65986268272224,Historical,World Bank API,4.85998104287999,7.65986268272224,-35.972758279251096
2023-01-01,Kenya,KEN,5.71999241214208,7.67139634029402,Historical,World Bank API,5.71999241214208,7.67139634029402,17.695776211350278
2024-01-01,Kenya,KEN,4.72473994710138,4.48978854243448,Historical,World Bank API,4.72473994710138,4.48978854243448,-17.399541700930122
2000-01-01,Kiribati,KIR,6.74266531257052,,Historical,World Bank API,6.74266531257052,6.747787530076212,
2001-01-01,Kiribati,KIR,-3.14412917759699,,Historical,World Bank API,-3.14412917759699,6.747787530076212,-146.6303610196299
2002-01-01,Kiribati,KIR,1.44715494184476,,Historical,World Bank API,1.44715494184476,6.747787530076212,-146.0272100827231
2003-01-01,Kiribati,KIR,-1.57546689217141,,Historical,World Bank API,-1.57546689217141,6.747787530076212,-208.86649705684482
2004-01-01,Kiribati,KIR,-0.608967597152244,,Historical,World Bank API,-0.608967597152244,6.747787530076212,-61.34684897675471
2005-01-01,Kiribati,KIR,1.29243029465849,,Historical,World Bank API,1.29243029465849,6.747787530076212,-312.2330154678785
2006-01-01,Kiribati,KIR,5.77693449836185,,Historical,World Bank API,5.77693449836185,6.747787530076212,346.982287728588
2007-01-01,Kiribati,KIR,3.05507981566669,3.59252131266417,Historical,World Bank API,3.05507981566669,3.59252131266417,-47.11590002391388
2008-01-01,Kiribati,KIR,-2.98473121631831,13.6653995252441,Historical,World Bank API,-2.98473121631831,13.6653995252441,-197.69732368406133
2009-01-01,Kiribati,KIR,0.536801194648319,9.81643884508657,Historical,World Bank API,0.536801194648319,9.81643884508657,-117.98490905021819
2010-01-01,Kiribati,KIR,1.2259519892488,-3.89955040651649,Historical,World Bank API,1.2259519892488,-3.89955040651649,128.38100985449046
2011-01-01,Kiribati,KIR,3.26372719532225,1.4974097987597,Historical,World Bank API,3.26372719532225,1.4974097987597,166.2198213261266
2012-01-01,Kiribati,KIR,5.80365974645258,-3.04586292775571,Historical,World Bank API,5.80365974645258,-3.04586292775571,77.82306544403276
2013-01-01,Kiribati,KIR,7.73092188699647,-1.488059084681,Historical,World Bank API,7.73092188699647,-1.488059084681,33.20770384104455
2014-01-01,Kiribati,KIR,1.26366268044595,2.10398520925043,Historical,World Bank API,1.26366268044595,2.10398520925043,-83.65443735020204
2015-01-01,Kiribati,KIR,11.2653312371772,0.572015743634256,Historical,World Bank API,11.2653312371772,0.572015743634256,791.4824669192283
2016-01-01,Kiribati,KIR,7.08802960050427,1.91731090233378,Historical,World Bank API,7.08802960050427,1.91731090233378,-37.08103693291538
2017-01-01,Kiribati,KIR,3.74913001948165,0.355520888546828,Historical,World Bank API,3.74913001948165,0.355520888546828,-47.10617434195079
2018-01-01,Kiribati,KIR,3.47943880004293,0.564030491493476,Historical,World Bank API,3.47943880004293,0.564030491493476,-7.193434691176892
2019-01-01,Kiribati,KIR,3.26425930432951,-1.81307995302947,Historical,World Bank API,3.26425930432951,-1.81307995302947,-6.184316152098013
2020-01-01,Kiribati,KIR,-1.46805538131593,2.5532455441463,Historical,World Bank API,-1.46805538131593,2.5532455441463,-144.973614055991
2021-01-01,Kiribati,KIR,8.47973787138213,2.05361676773907,Historical,World Bank API,8.47973787138213,2.05361676773907,-677.6170285742962
2022-01-01,Kiribati,KIR,4.56632593100372,5.34595440908904,Historical,World Bank API,4.56632593100372,5.34595440908904,-46.150152277532065
2023-01-01,Kiribati,KIR,2.65201087489879,9.28307374517721,Historical,World Bank API,2.65201087489879,9.28307374517721,-41.922435783819445
2024-01-01,Kiribati,KIR,5.26689747917099,2.45545072159028,Historical,World Bank API,5.26689747917099,2.45545072159028,98.60014636523667
2000-01-01,"Korea, Rep.",KOR,9.2018583880479,2.25916580080157,Historical,World Bank API,9.2018583880479,2.25916580080157,
2001-01-01,"Korea, Rep.",KOR,4.72593560322356,4.06657587897792,Historical,World Bank API,4.72593560322356,4.06657587897792,-48.64150909601067
2002-01-01,"Korea, Rep.",KOR,7.74399895319569,2.76226210296599,Historical,World Bank API,7.74399895319569,2.76226210296599,63.86171127498035
2003-01-01,"Korea, Rep.",KOR,3.07472661826947,3.51487451459939,Historical,World Bank API,3.07472661826947,3.51487451459939,-60.29536371514316
2004-01-01,"Korea, Rep.",KOR,5.1836368597334,3.59066298882578,Historical,World Bank API,5.1836368597334,3.59066298882578,68.58854471591609
2005-01-01,"Korea, Rep.",KOR,4.35823667337156,2.75379162735039,Historical,World Bank API,4.35823667337156,2.75379162735039,-15.923186918697297
2006-01-01,"Korea, Rep.",KOR,5.24500550580342,2.24234028518921,Historical,World Bank API,5.24500550580342,2.24234028518921,20.34696366651998
2007-01-01,"Korea, Rep.",KOR,5.8419633918717,2.53457382137932,Historical,World Bank API,5.8419633918717,2.53457382137932,11.381453945239262
2008-01-01,"Korea, Rep.",KOR,3.00440451679569,4.67389655533408,Historical,World Bank API,3.00440451679569,4.67389655533408,-48.572007127331354
2009-01-01,"Korea, Rep.",KOR,0.81986175641795,2.7564965449393,Historical,World Bank API,0.81986175641795,2.7564965449393,-72.71133924095004
2010-01-01,"Korea, Rep.",KOR,6.98166138853071,2.93928652655686,Historical,World Bank API,6.98166138853071,2.93928652655686,751.5656857851521
2011-01-01,"Korea, Rep.",KOR,3.6880320602952,4.0259650043609,Historical,World Bank API,3.6880320602952,4.0259650043609,-47.17543783555871
2012-01-01,"Korea, Rep.",KOR,2.54766550568242,2.18707104433314,Historical,World Bank API,2.54766550568242,2.18707104433314,-30.92073322490321
2013-01-01,"Korea, Rep.",KOR,3.2913959543442,1.30134754547413,Historical,World Bank API,3.2913959543442,1.30134754547413,29.19262544486052
2014-01-01,"Korea, Rep.",KOR,3.21468019683108,1.27477446401322,Historical,World Bank API,3.21468019683108,1.27477446401322,-2.3307969802863093
2015-01-01,"Korea, Rep.",KOR,2.92029267301234,0.70633177245575,Historical,World Bank API,2.92029267301234,0.70633177245575,-9.157599070319245
2016-01-01,"Korea, Rep.",KOR,3.17152748983935,0.971685739912168,Historical,World Bank API,3.17152748983935,0.971685739912168,8.6030697932703
2017-01-01,"Korea, Rep.",KOR,3.433191763972,1.94433230786366,Historical,World Bank API,3.433191763972,1.94433230786366,8.25041797591053
2018-01-01,"Korea, Rep.",KOR,3.17611568177327,1.47583935002645,Historical,World Bank API,3.17611568177327,1.47583935002645,-7.48796163664649
2019-01-01,"Korea, Rep.",KOR,2.31380210595475,0.383000303608136,Historical,World Bank API,2.31380210595475,0.383000303608136,-27.14994232631597
2020-01-01,"Korea, Rep.",KOR,-0.700242317542106,0.537288023411737,Historical,World Bank API,-0.700242317542106,0.537288023411737,-130.2637081944034
2021-01-01,"Korea, Rep.",KOR,4.61296795454287,2.49833333333339,Historical,World Bank API,4.61296795454287,2.49833333333339,-758.7673779463478
2022-01-01,"Korea, Rep.",KOR,2.72756456708991,5.08951365062842,Historical,World Bank API,2.72756456708991,5.08951365062842,-40.871807609159895
2023-01-01,"Korea, Rep.",KOR,1.58301467403629,3.5974562502901,Historical,World Bank API,1.58301467403629,3.5974562502901,-41.96233910879557
2024-01-01,"Korea, Rep.",KOR,2.00361101838986,2.32174328643542,Historical,World Bank API,2.00361101838986,2.32174328643542,26.569326946360828
2003-01-01,Kosovo,XKX,,-1.08481262327414,Historical,World Bank API,3.326306297196254,-1.08481262327414,
2004-01-01,Kosovo,XKX,,-1.06472696605525,Historical,World Bank API,3.326306297196254,-1.06472696605525,0.0
2005-01-01,Kosovo,XKX,,-1.38518913159299,Historical,World Bank API,3.326306297196254,-1.38518913159299,0.0
2006-01-01,Kosovo,XKX,,0.621646938601728,Historical,World Bank API,3.326306297196254,0.621646938601728,0.0
2007-01-01,Kosovo,XKX,,4.35849695328369,Historical,World Bank API,3.326306297196254,4.35849695328369,0.0
2008-01-01,Kosovo,XKX,,9.35041764658178,Historical,World Bank API,3.326306297196254,9.35041764658178,0.0
2009-01-01,Kosovo,XKX,5.03485413839893,-2.41026401661229,Historical,World Bank API,5.03485413839893,-2.41026401661229,51.364717754429655
2010-01-01,Kosovo,XKX,4.93995095961395,3.48050763735842,Historical,World Bank API,4.93995095961395,3.48050763735842,-1.8849240946463452
2011-01-01,Kosovo,XKX,6.31981022896761,7.3364177131527,Historical,World Bank API,6.31981022896761,7.3364177131527,27.932651166672606
2012-01-01,Kosovo,XKX,1.71219595890548,2.47673782156533,Historical,World Bank API,1.71219595890548,2.47673782156533,-72.90747828063849
2013-01-01,Kosovo,XKX,5.34079911900278,1.76732428354892,Historical,World Bank API,5.34079911900278,1.76732428354892,211.92686159689816
2014-01-01,Kosovo,XKX,3.34880478431623,0.428957808324092,Historical,World Bank API,3.34880478431623,0.428957808324092,-37.297683180012385
2015-01-01,Kosovo,XKX,5.91623128345211,-0.536929392740659,Historical,World Bank API,5.91623128345211,-0.536929392740659,76.66695028507328
2016-01-01,Kosovo,XKX,5.57177504731632,0.273169431045468,Historical,World Bank API,5.57177504731632,0.273169431045468,-5.822223973887642
2017-01-01,Kosovo,XKX,4.82565565298054,1.48823430592319,Historical,World Bank API,4.82565565298054,1.48823430592319,-13.391053802417119
2018-01-01,Kosovo,XKX,3.40663227056285,1.05379773654991,Historical,World Bank API,3.40663227056285,1.05379773654991,-29.405815177492777
2019-01-01,Kosovo,XKX,4.75680057007834,2.67599202639893,Historical,World Bank API,4.75680057007834,2.67599202639893,39.63352050593982
2020-01-01,Kosovo,XKX,-5.34027547826166,0.198227922994854,Historical,World Bank API,-5.34027547826166,0.198227922994854,-212.26612088498192
2021-01-01,Kosovo,XKX,10.7456560819583,3.35369139207997,Historical,World Bank API,10.7456560819583,3.35369139207997,-301.2191342132068
2022-01-01,Kosovo,XKX,4.27849895827543,11.5805104542012,Historical,World Bank API,4.27849895827543,11.5805104542012,-60.1839205941187
2023-01-01,Kosovo,XKX,4.06762701436438,4.94432438791283,Historical,World Bank API,4.06762701436438,4.94432438791283,-4.928643105152175
2024-01-01,Kosovo,XKX,4.5730971681166,1.61944994559476,Historical,World Bank API,4.5730971681166,1.61944994559476,12.426659375778758
2000-01-01,Kuwait,KWT,4.69458187079211,1.81294613887089,Historical,World Bank API,4.69458187079211,1.81294613887089,
2001-01-01,Kuwait,KWT,0.213332576499354,1.29999999999999,Historical,World Bank API,0.213332576499354,1.29999999999999,-95.45577045260139
2002-01-01,Kuwait,KWT,3.01428315192251,0.888450148074907,Historical,World Bank API,3.01428315192251,0.888450148074907,1312.9502401297054
2003-01-01,Kuwait,KWT,17.3260204175143,0.961350293542112,Historical,World Bank API,17.3260204175143,0.961350293542112,474.7973745088866
2004-01-01,Kuwait,KWT,10.2402980586354,1.24856443679889,Historical,World Bank API,10.2402980586354,1.24856443679889,-40.896421614026146
2005-01-01,Kuwait,KWT,10.6090449840228,4.14297583631023,Historical,World Bank API,10.6090449840228,4.14297583631023,3.600939379654533
2006-01-01,Kuwait,KWT,7.51477300024021,3.05701339166722,Historical,World Bank API,7.51477300024021,3.05701339166722,-29.16635746612968
2007-01-01,Kuwait,KWT,5.99157551059315,5.48494983277596,Historical,World Bank API,5.99157551059315,5.48494983277596,-20.269374598519097
2008-01-01,Kuwait,KWT,2.47975694278544,10.5827097865144,Historical,World Bank API,2.47975694278544,10.5827097865144,-58.61260634367018
2009-01-01,Kuwait,KWT,-7.07605643073411,4.60959548447787,Historical,World Bank API,-7.07605643073411,4.60959548447787,-385.35282263534174
2010-01-01,Kuwait,KWT,-2.37054804425912,4.49640287769787,Historical,World Bank API,-2.37054804425912,4.49640287769787,-66.49902290260303
2011-01-01,Kuwait,KWT,9.62863419534361,4.8394034987095,Historical,World Bank API,9.62863419534361,4.8394034987095,-506.1775596011132
2012-01-01,Kuwait,KWT,6.62587485078971,3.25514600287211,Historical,World Bank API,6.62587485078971,3.25514600287211,-31.185724617163547
2013-01-01,Kuwait,KWT,1.14946552780648,2.68229684085039,Historical,World Bank API,1.14946552780648,2.68229684085039,-82.65186781079211
2014-01-01,Kuwait,KWT,0.500914669444924,2.90892672858625,Historical,World Bank API,0.500914669444924,2.90892672858625,-56.42194939061659
2015-01-01,Kuwait,KWT,0.592770817217982,3.27170166092133,Historical,World Bank API,0.592770817217982,3.27170166092133,18.33768371663902
2016-01-01,Kuwait,KWT,2.92607584256388,3.19839776658374,Historical,World Bank API,2.92607584256388,3.19839776658374,393.6268381592514
2017-01-01,Kuwait,KWT,-4.71222270495362,2.17183298510006,Historical,World Bank API,-4.71222270495362,2.17183298510006,-261.04239802700005
2018-01-01,Kuwait,KWT,2.74333045031415,0.543133148199567,Historical,World Bank API,2.74333045031415,0.543133148199567,-158.2173344105805
2019-01-01,Kuwait,KWT,2.26381706595791,1.09184802655856,Historical,World Bank API,2.26381706595791,1.09184802655856,-17.479242586372656
2020-01-01,Kuwait,KWT,-4.81731593381585,2.101729548274,Historical,World Bank API,-4.81731593381585,2.101729548274,-312.7961665390774
2021-01-01,Kuwait,KWT,1.67213054307859,3.42362947609188,Historical,World Bank API,1.67213054307859,3.42362947609188,-134.71083412530257
2022-01-01,Kuwait,KWT,6.75866711966617,3.98064961990313,Historical,World Bank API,6.75866711966617,3.98064961990313,304.194944446303
2023-01-01,Kuwait,KWT,-1.6672059801285,3.64216403030709,Historical,World Bank API,-1.6672059801285,3.64216403030709,-124.66767412286535
2024-01-01,Kuwait,KWT,-2.56011099967517,2.89855072463762,Historical,World Bank API,-2.56011099967517,2.89855072463762,53.55697077561163
2000-01-01,Kyrgyz Republic,KGZ,5.44333663288322,18.7007342838023,Historical,World Bank API,5.44333663288322,18.7007342838023,
2001-01-01,Kyrgyz Republic,KGZ,5.32162141190466,6.9196798942304,Historical,World Bank API,5.32162141190466,6.9196798942304,-2.2360406711442016
2002-01-01,Kyrgyz Republic,KGZ,-0.0173246130360667,2.13420986310243,Historical,World Bank API,-0.0173246130360667,2.13420986310243,-100.3255514005057
2003-01-01,Kyrgyz Republic,KGZ,7.03029319731168,2.97461295184355,Historical,World Bank API,7.03029319731168,2.97461295184355,-40679.799287152244
2004-01-01,Kyrgyz Republic,KGZ,7.02681242497607,4.11065084723381,Historical,World Bank API,7.02681242497607,4.11065084723381,-0.04951105505729414
2005-01-01,Kyrgyz Republic,KGZ,-0.175515404044219,4.3386739184431,Historical,World Bank API,-0.175515404044219,4.3386739184431,-102.4977954928805
2006-01-01,Kyrgyz Republic,KGZ,3.10289874199981,5.55212333162542,Historical,World Bank API,3.10289874199981,5.55212333162542,-1867.8783004243162
2007-01-01,Kyrgyz Republic,KGZ,8.54287477507607,10.2301032660484,Historical,World Bank API,8.54287477507607,10.2301032660484,175.31916073968335
2008-01-01,Kyrgyz Republic,KGZ,8.40161604861429,24.5201024234102,Historical,World Bank API,8.40161604861429,24.5201024234102,-1.653526830030383
2009-01-01,Kyrgyz Republic,KGZ,2.88629457537731,6.83656248105368,Historical,World Bank API,2.88629457537731,6.83656248105368,-65.64595955496732
2010-01-01,Kyrgyz Republic,KGZ,-0.471566596791618,7.96772225579684,Historical,World Bank API,-0.471566596791618,7.96772225579684,-116.338131277885
2011-01-01,Kyrgyz Republic,KGZ,5.95627429693504,16.6363262731495,Historical,World Bank API,5.95627429693504,16.6363262731495,-1363.0823169960606
2012-01-01,Kyrgyz Republic,KGZ,-0.0881501998439376,2.76844236540957,Historical,World Bank API,-0.0881501998439376,2.76844236540957,-101.47995534539601
2013-01-01,Kyrgyz Republic,KGZ,10.9154694528045,6.61375202358082,Historical,World Bank API,10.9154694528045,6.61375202358082,-12482.807381185075
2014-01-01,Kyrgyz Republic,KGZ,4.02403863083252,7.5342472977589,Historical,World Bank API,4.02403863083252,7.5342472977589,-63.134534449192856
2015-01-01,Kyrgyz Republic,KGZ,3.87582544512439,6.50331838993384,Historical,World Bank API,3.87582544512439,6.50331838993384,-3.6831949020694754
2016-01-01,Kyrgyz Republic,KGZ,4.33585592190116,0.388838296895799,Historical,World Bank API,4.33585592190116,0.388838296895799,11.86922587949535
2017-01-01,Kyrgyz Republic,KGZ,4.73993722377884,3.1753098637994,Historical,World Bank API,4.73993722377884,3.1753098637994,9.319527889213175
2018-01-01,Kyrgyz Republic,KGZ,3.75791013557165,1.54266145238436,Historical,World Bank API,3.75791013557165,1.54266145238436,-20.718145448860703
2019-01-01,Kyrgyz Republic,KGZ,4.60062565707598,1.13362257718804,Historical,World Bank API,4.60062565707598,1.13362257718804,22.425111061793302
2020-01-01,Kyrgyz Republic,KGZ,-7.14897757727955,6.32542296338078,Historical,World Bank API,-7.14897757727955,6.32542296338078,-255.39142086650938
2021-01-01,Kyrgyz Republic,KGZ,5.50700762671923,11.9050398185147,Historical,World Bank API,5.50700762671923,11.9050398185147,-177.03210098491945
2022-01-01,Kyrgyz Republic,KGZ,8.96750520041391,13.9229093174176,Historical,World Bank API,8.96750520041391,13.9229093174176,62.83807483586605
2023-01-01,Kyrgyz Republic,KGZ,9.0132928339342,10.7532770416742,Historical,World Bank API,9.0132928339342,10.7532770416742,0.5105950038164053
2024-01-01,Kyrgyz Republic,KGZ,9.04013556120012,,Historical,World Bank API,9.04013556120012,6.747787530076212,0.29781266137121065
2000-01-01,Lao PDR,LAO,5.79878232861959,25.0846414281315,Historical,World Bank API,5.79878232861959,25.0846414281315,
2001-01-01,Lao PDR,LAO,5.75141287983195,7.81180794783471,Historical,World Bank API,5.75141287983195,7.81180794783471,-0.816886134074235
2002-01-01,Lao PDR,LAO,5.91874368370564,10.6313446323333,Historical,World Bank API,5.91874368370564,10.6313446323333,2.9093860477389155
2003-01-01,Lao PDR,LAO,6.06700230344272,15.4893529233525,Historical,World Bank API,6.06700230344272,15.4893529233525,2.50490015550493
2004-01-01,Lao PDR,LAO,6.35769548008234,10.4622667314208,Historical,World Bank API,6.35769548008234,10.4622667314208,4.791380686878366
2005-01-01,Lao PDR,LAO,7.10756836811267,7.16541759946639,Historical,World Bank API,7.10756836811267,7.16541759946639,11.794727985628818
2006-01-01,Lao PDR,LAO,8.61926620832807,6.54559439052787,Historical,World Bank API,8.61926620832807,6.54559439052787,21.268846980037036
2007-01-01,Lao PDR,LAO,7.59682880054878,4.66197269469701,Historical,World Bank API,7.59682880054878,4.66197269469701,-11.862232620120194
2008-01-01,Lao PDR,LAO,7.82490276337012,7.62880887577516,Historical,World Bank API,7.82490276337012,7.62880887577516,3.002225913066048
2009-01-01,Lao PDR,LAO,7.50177491225853,0.141187674980385,Historical,World Bank API,7.50177491225853,0.141187674980385,-4.12948072178243
2010-01-01,Lao PDR,LAO,8.52690551739717,5.98254521550082,Historical,World Bank API,8.52690551739717,5.98254521550082,13.665174137169721
2011-01-01,Lao PDR,LAO,8.03865268023725,7.5689885610998,Historical,World Bank API,8.03865268023725,7.5689885610998,-5.726026120070793
2012-01-01,Lao PDR,LAO,8.02609843461283,4.2551267783209,Historical,World Bank API,8.02609843461283,4.2551267783209,-0.15617350473773328
2013-01-01,Lao PDR,LAO,8.02630022699017,6.37142717782947,Historical,World Bank API,8.02630022699017,6.37142717782947,0.002514202622649897
2014-01-01,Lao PDR,LAO,7.61196343979319,4.12924306873771,Historical,World Bank API,7.61196343979319,4.12924306873771,-5.162238833325505
2015-01-01,Lao PDR,LAO,7.27006584373785,1.27735427102992,Historical,World Bank API,7.27006584373785,1.27735427102992,-4.491582214754153
2016-01-01,Lao PDR,LAO,7.02283625501138,1.59691227583204,Historical,World Bank API,7.02283625501138,1.59691227583204,-3.400651301382973
2017-01-01,Lao PDR,LAO,6.8925308726989,0.825478607568026,Historical,World Bank API,6.8925308726989,0.825478607568026,-1.8554523782253418
2018-01-01,Lao PDR,LAO,6.24796000755872,2.04039266890201,Historical,World Bank API,6.24796000755872,2.04039266890201,-9.351729822398113
2019-01-01,Lao PDR,LAO,5.4577350924848,3.32255881256925,Historical,World Bank API,5.4577350924848,3.32255881256925,-12.647726843928474
2020-01-01,Lao PDR,LAO,0.503031829018681,5.10407262959919,Historical,World Bank API,0.503031829018681,5.10407262959919,-90.78313951676866
2021-01-01,Lao PDR,LAO,2.52835100486102,3.75562036658877,Historical,World Bank API,2.52835100486102,3.75562036658877,402.6224701910711
2022-01-01,Lao PDR,LAO,2.70742652643155,22.9562225132056,Historical,World Bank API,2.70742652643155,22.9562225132056,7.082700195749658
2023-01-01,Lao PDR,LAO,3.74568140158232,31.2301341732646,Historical,World Bank API,3.74568140158232,31.2301341732646,38.34840447246464
2024-01-01,Lao PDR,LAO,4.13019264436937,23.1305695942588,Historical,World Bank API,4.13019264436937,23.1305695942588,10.265455108504895
2000-01-01,Latvia,LVA,5.84102642353959,2.65425477796048,Historical,World Bank API,5.84102642353959,2.65425477796048,
2001-01-01,Latvia,LVA,6.46057826727287,2.48704003555457,Historical,World Bank API,6.46057826727287,2.48704003555457,10.606900205697745
2002-01-01,Latvia,LVA,7.66548778586991,1.93887573855896,Historical,World Bank API,7.66548778586991,1.93887573855896,18.65018066108275
2003-01-01,Latvia,LVA,8.42913257059108,2.94264752948473,Historical,World Bank API,8.42913257059108,2.94264752948473,9.96211599382919
2004-01-01,Latvia,LVA,8.72514341727928,6.1923854719744,Historical,World Bank API,8.72514341727928,6.1923854719744,3.5117592968103573
2005-01-01,Latvia,LVA,11.6153178557457,6.74845027893112,Historical,World Bank API,11.6153178557457,6.74845027893112,33.124663976785925
2006-01-01,Latvia,LVA,12.825017846905,6.53619908765877,Historical,World Bank API,12.825017846905,6.53619908765877,10.41469554413359
2007-01-01,Latvia,LVA,10.4145372792714,10.0929775849168,Historical,World Bank API,10.4145372792714,10.0929775849168,-18.795143963213356
2008-01-01,Latvia,LVA,-3.38871665849958,15.4023191064986,Historical,World Bank API,-3.38871665849958,15.4023191064986,-132.538331446029
2009-01-01,Latvia,LVA,-16.0400195313042,3.53410672858944,Historical,World Bank API,-16.0400195313042,3.53410672858944,373.3361076699233
2010-01-01,Latvia,LVA,-3.66125859554762,-1.08463595015162,Historical,World Bank API,-3.66125859554762,-1.08463595015162,-77.17422607620774
2011-01-01,Latvia,LVA,3.03634482668815,4.3707355993922,Historical,World Bank API,3.03634482668815,4.3707355993922,-182.93172272454575
2012-01-01,Latvia,LVA,7.30524057200897,2.25778924374595,Historical,World Bank API,7.30524057200897,2.25778924374595,140.5932457933988
2013-01-01,Latvia,LVA,2.09609028156248,-0.0294547782579216,Historical,World Bank API,2.09609028156248,-0.0294547782579216,-71.30703279514248
2014-01-01,Latvia,LVA,2.0949597710559,0.620490636732421,Historical,World Bank API,2.0949597710559,0.620490636732421,-0.05393424684633219
2015-01-01,Latvia,LVA,3.78336712084972,0.174242243625186,Historical,World Bank API,3.78336712084972,0.174242243625186,80.5937838578557
2016-01-01,Latvia,LVA,2.55168601974034,0.140633334505327,Historical,World Bank API,2.55168601974034,0.140633334505327,-32.55515686864542
2017-01-01,Latvia,LVA,3.39894872623931,2.93036312374665,Historical,World Bank API,3.39894872623931,2.93036312374665,33.20403450676848
2018-01-01,Latvia,LVA,4.30971286294503,2.53445424186598,Historical,World Bank API,4.30971286294503,2.53445424186598,26.795465600136147
2019-01-01,Latvia,LVA,0.675372771884227,2.81140920075615,Historical,World Bank API,0.675372771884227,2.81140920075615,-84.3290540840646
2020-01-01,Latvia,LVA,-3.46922750780554,0.219064904842156,Historical,World Bank API,-3.46922750780554,0.219064904842156,-613.6759508569941
2021-01-01,Latvia,LVA,6.94254173062592,3.27582937431156,Historical,World Bank API,6.94254173062592,3.27582937431156,-300.1177989914367
2022-01-01,Latvia,LVA,1.90853419029801,17.3102830198815,Historical,World Bank API,1.90853419029801,17.3102830198815,-72.50957553659615
2023-01-01,Latvia,LVA,-0.941606068823631,8.93804623316637,Historical,World Bank API,-0.941606068823631,8.93804623316637,-149.33660992872245
2024-01-01,Latvia,LVA,-0.0461080109713521,1.26579885828729,Historical,World Bank API,-0.0461080109713521,1.26579885828729,-95.10325894256864
2000-01-01,Lebanon,LBN,1.34187161970405,,Historical,World Bank API,1.34187161970405,6.747787530076212,
2001-01-01,Lebanon,LBN,3.83966927702973,,Historical,World Bank API,3.83966927702973,6.747787530076212,186.14281877997914
2002-01-01,Lebanon,LBN,3.42314982843781,,Historical,World Bank API,3.42314982843781,6.747787530076212,-10.847794915142506
2003-01-01,Lebanon,LBN,3.22709826879041,,Historical,World Bank API,3.22709826879041,6.747787530076212,-5.72722695392126
2004-01-01,Lebanon,LBN,6.67944461641103,,Historical,World Bank API,6.67944461641103,6.747787530076212,106.97989525167566
2005-01-01,Lebanon,LBN,2.68577931016345,,Historical,World Bank API,2.68577931016345,6.747787530076212,-59.790379823426676
2006-01-01,Lebanon,LBN,1.54951500083213,,Historical,World Bank API,1.54951500083213,6.747787530076212,-42.30668934828342
2007-01-01,Lebanon,LBN,9.31062252641144,,Historical,World Bank API,9.31062252641144,6.747787530076212,500.87333916815214
2008-01-01,Lebanon,LBN,9.06912826789082,,Historical,World Bank API,9.06912826789082,6.747787530076212,-2.5937498576016016
2009-01-01,Lebanon,LBN,10.232155577776,1.19509671165543,Historical,World Bank API,10.232155577776,1.19509671165543,12.824025369702508
2010-01-01,Lebanon,LBN,7.97513555844932,3.98347941855833,Historical,World Bank API,7.97513555844932,3.98347941855833,-22.05810889182406
2011-01-01,Lebanon,LBN,0.86733987855277,4.97148571692384,Historical,World Bank API,0.86733987855277,4.97148571692384,-89.12444970751801
2012-01-01,Lebanon,LBN,2.56479133680038,6.58147447683677,Historical,World Bank API,2.56479133680038,6.58147447683677,195.70776119275774
2013-01-01,Lebanon,LBN,3.8278734986016,4.82101956297399,Historical,World Bank API,3.8278734986016,4.82101956297399,49.246975521093894
2014-01-01,Lebanon,LBN,2.48406010500743,1.8546042134091,Historical,World Bank API,2.48406010500743,1.8546042134091,-35.10600321784647
2015-01-01,Lebanon,LBN,0.462320792597581,-3.74914524799629,Historical,World Bank API,0.462320792597581,-3.74914524799629,-81.38850216765596
2016-01-01,Lebanon,LBN,1.55454940856943,-0.783359624361508,Historical,World Bank API,1.55454940856943,-0.783359624361508,236.24907931029617
2017-01-01,Lebanon,LBN,0.903028464073813,4.32135218303191,Historical,World Bank API,0.903028464073813,4.32135218303191,-41.91059743126322
2018-01-01,Lebanon,LBN,-1.88470575631651,6.07698907889607,Historical,World Bank API,-1.88470575631651,6.07698907889607,-308.7094517280305
2019-01-01,Lebanon,LBN,-6.91492472851026,3.00538949390383,Historical,World Bank API,-6.91492472851026,3.00538949390383,266.8967797936197
2020-01-01,Lebanon,LBN,-21.3998996914321,84.8643330472041,Historical,World Bank API,-21.3998996914321,84.8643330472041,209.47408007494622
2021-01-01,Lebanon,LBN,-7.00123862514116,154.756096023393,Historical,World Bank API,-7.00123862514116,154.756096023393,-67.28377830694107
2022-01-01,Lebanon,LBN,-0.621678970663112,171.205491336641,Historical,World Bank API,-0.621678970663112,171.205491336641,-91.12044305373783
2023-01-01,Lebanon,LBN,-0.760584470257314,221.341644023365,Historical,World Bank API,-0.760584470257314,221.341644023365,22.34360596853371
2024-01-01,Lebanon,LBN,,45.2430422716718,Historical,World Bank API,3.326306297196254,45.2430422716718,-537.3355527586473
2000-01-01,Lesotho,LSO,3.87554677576694,6.13197538722696,Historical,World Bank API,3.87554677576694,6.13197538722696,
2001-01-01,Lesotho,LSO,3.56158183392093,-9.61615353858472,Historical,World Bank API,3.56158183392093,-9.61615353858472,-8.101177975948403
2002-01-01,Lesotho,LSO,0.723836067167127,33.812578338126,Historical,World Bank API,0.723836067167127,33.812578338126,-79.6765566279223
2003-01-01,Lesotho,LSO,4.55977716384528,6.62916357146762,Historical,World Bank API,4.55977716384528,6.62916357146762,529.9461122033962
2004-01-01,Lesotho,LSO,1.69237417358596,5.02342068616285,Historical,World Bank API,1.69237417358596,5.02342068616285,-62.8847175470572
2005-01-01,Lesotho,LSO,3.46612222755311,3.43788423057443,Historical,World Bank API,3.46612222755311,3.43788423057443,104.80826767810854
2006-01-01,Lesotho,LSO,4.23009522805209,6.07271879734293,Historical,World Bank API,4.23009522805209,6.07271879734293,22.041144262771773
2007-01-01,Lesotho,LSO,4.18791409957151,8.01243669043409,Historical,World Bank API,4.18791409957151,8.01243669043409,-0.9971673498235467
2008-01-01,Lesotho,LSO,5.52341966978646,10.7156661309681,Historical,World Bank API,5.52341966978646,10.7156661309681,31.88951679671732
2009-01-01,Lesotho,LSO,-1.25375779920832,-16.8596910540644,Historical,World Bank API,-1.25375779920832,-16.8596910540644,-122.69894149210631
2010-01-01,Lesotho,LSO,5.26967078056286,-2.40524254598706,Historical,World Bank API,5.26967078056286,-2.40524254598706,-520.3101096472038
2011-01-01,Lesotho,LSO,4.61641394528752,5.0366305210156,Historical,World Bank API,4.61641394528752,5.0366305210156,-12.396539793052597
2012-01-01,Lesotho,LSO,6.33408374679448,6.05143662139967,Historical,World Bank API,6.33408374679448,6.05143662139967,37.207880876028774
2013-01-01,Lesotho,LSO,1.79252555575545,4.86511899496385,Historical,World Bank API,1.79252555575545,4.86511899496385,-71.70031803474967
2014-01-01,Lesotho,LSO,1.71054990545476,5.37028961008587,Historical,World Bank API,1.71054990545476,5.37028961008587,-4.57319283607881
2015-01-01,Lesotho,LSO,3.12406678044546,3.21844513655931,Historical,World Bank API,3.12406678044546,3.21844513655931,82.63523154063768
2016-01-01,Lesotho,LSO,3.60890731687714,6.59650490696543,Historical,World Bank API,3.60890731687714,6.59650490696543,15.519531767581075
2017-01-01,Lesotho,LSO,-3.13817493733471,4.447699373763,Historical,World Bank API,-3.13817493733471,4.447699373763,-186.95637382148777
2018-01-01,Lesotho,LSO,-1.48063315848241,4.7518030162474,Historical,World Bank API,-1.48063315848241,4.7518030162474,-52.818654534921194
2019-01-01,Lesotho,LSO,-1.41799383085205,5.18708359197982,Historical,World Bank API,-1.41799383085205,5.18708359197982,-4.23057711976157
2020-01-01,Lesotho,LSO,-8.15595785459911,4.97809676252309,Historical,World Bank API,-8.15595785459911,4.97809676252309,475.17583484113777
2021-01-01,Lesotho,LSO,2.26670961833291,6.04774591950676,Historical,World Bank API,2.26670961833291,6.04774591950676,-127.79207125322162
2022-01-01,Lesotho,LSO,2.38778020186284,8.27180389943028,Historical,World Bank API,2.38778020186284,8.27180389943028,5.3412480606569
2023-01-01,Lesotho,LSO,1.82662476743647,6.34221743124953,Historical,World Bank API,1.82662476743647,6.34221743124953,-23.5011344004185
2024-01-01,Lesotho,LSO,2.85452253179545,6.10544624245032,Historical,World Bank API,2.85452253179545,6.10544624245032,56.27306618652484
2000-01-01,Liberia,LBR,28.6159342546183,,Historical,World Bank API,28.6159342546183,6.747787530076212,
2001-01-01,Liberia,LBR,2.92027476569781,,Historical,World Bank API,2.92027476569781,6.747787530076212,-89.79493473910777
2002-01-01,Liberia,LBR,3.76301761700071,14.1596470116325,Historical,World Bank API,3.76301761700071,14.1596470116325,28.858341043861447
2003-01-01,Liberia,LBR,-30.145132727942,10.3302881236823,Historical,World Bank API,-30.145132727942,10.3302881236823,-901.0893329797639
2004-01-01,Liberia,LBR,2.61984689477413,7.82908704883235,Historical,World Bank API,2.61984689477413,7.82908704883235,-108.6907790999565
2005-01-01,Liberia,LBR,5.28121245309295,10.8343588481414,Historical,World Bank API,5.28121245309295,10.8343588481414,101.5847744243188
2006-01-01,Liberia,LBR,8.04390997190059,7.34144608278558,Historical,World Bank API,8.04390997190059,7.34144608278558,52.311804218170806
2007-01-01,Liberia,LBR,9.53527536282282,11.3918966807102,Historical,World Bank API,9.53527536282282,11.3918966807102,18.54030435611469
2008-01-01,Liberia,LBR,7.14569112811476,17.489448642993,Historical,World Bank API,7.14569112811476,17.489448642993,-25.0604638438113
2009-01-01,Liberia,LBR,5.30054050291531,7.42764305914919,Historical,World Bank API,5.30054050291531,7.42764305914919,-25.821863723436
2010-01-01,Liberia,LBR,6.09982524004147,7.28992796890218,Historical,World Bank API,6.09982524004147,7.28992796890218,15.079306283699779
2011-01-01,Liberia,LBR,8.20076822497064,8.488167518494,Historical,World Bank API,8.20076822497064,8.488167518494,34.44267503170118
2012-01-01,Liberia,LBR,7.99381444555367,6.83178703418548,Historical,World Bank API,7.99381444555367,6.83178703418548,-2.523590153259214
2013-01-01,Liberia,LBR,8.68728781639683,7.577306817414,Historical,World Bank API,8.68728781639683,7.577306817414,8.675124692553826
2014-01-01,Liberia,LBR,0.701393100287518,9.86111285574904,Historical,World Bank API,0.701393100287518,9.86111285574904,-91.92621316213706
2015-01-01,Liberia,LBR,-0.0185649695590939,7.74869687621322,Historical,World Bank API,-0.0185649695590939,7.74869687621322,-102.6468708562265
2016-01-01,Liberia,LBR,-1.5549586174878,8.83424868336488,Historical,World Bank API,-1.5549586174878,8.83424868336488,8275.767127105879
2017-01-01,Liberia,LBR,2.45515592012239,12.4196323907138,Historical,World Bank API,2.45515592012239,12.4196323907138,-257.8920424319043
2018-01-01,Liberia,LBR,1.15757512207355,23.5635148953742,Historical,World Bank API,1.15757512207355,23.5635148953742,-52.85125834224635
2019-01-01,Liberia,LBR,-2.46729763532686,26.9662760197878,Historical,World Bank API,-2.46729763532686,26.9662760197878,-313.14363001402626
2020-01-01,Liberia,LBR,-2.98249127649473,16.9557241496255,Historical,World Bank API,-2.98249127649473,16.9557241496255,20.880887404555825
2021-01-01,Liberia,LBR,4.98671283481617,7.81559385858648,Historical,World Bank API,4.98671283481617,7.81559385858648,-267.19957822230305
2022-01-01,Liberia,LBR,4.80810517290655,7.59298486560313,Historical,World Bank API,4.80810517290655,7.59298486560313,-3.5816712898047665
2023-01-01,Liberia,LBR,4.68375688761311,10.0944535665552,Historical,World Bank API,4.68375688761311,10.0944535665552,-2.5862222397741386
2024-01-01,Liberia,LBR,4.02185464964835,8.21497439118964,Historical,World Bank API,4.02185464964835,8.21497439118964,-14.13186580446263
2000-01-01,Libya,LBY,3.6792704082,-2.90000000000024,Historical,World Bank API,3.6792704082,-2.90000000000024,
2001-01-01,Libya,LBY,-1.76283887062603,-8.81393752145546,Historical,World Bank API,-1.76283887062603,-8.81393752145546,-147.91272929266592
2002-01-01,Libya,LBY,-0.958897332849631,-9.79764705882357,Historical,World Bank API,-0.958897332849631,-9.79764705882357,-45.60493594578491
2003-01-01,Libya,LBY,13.0160372478013,-2.19115191986644,Historical,World Bank API,13.0160372478013,-2.19115191986644,-1457.3963345085665
2004-01-01,Libya,LBY,4.46163899648637,-2.197567740559,Historical,World Bank API,4.46163899648637,-2.197567740559,-65.72198656515032
2005-01-01,Libya,LBY,11.8707565226151,2.65020576131657,Historical,World Bank API,11.8707565226151,2.65020576131657,166.0626853038437
2006-01-01,Libya,LBY,6.50052541959279,1.45926876202724,Historical,World Bank API,6.50052541959279,1.45926876202724,-45.239164772619404
2007-01-01,Libya,LBY,6.22998278561838,6.25098782993553,Historical,World Bank API,6.22998278561838,6.25098782993553,-4.161857950112557
2008-01-01,Libya,LBY,-0.162048238799883,10.3607288954998,Historical,World Bank API,-0.162048238799883,10.3607288954998,-102.60110251305932
2009-01-01,Libya,LBY,-4.4001817631021,2.45990025609948,Historical,World Bank API,-4.4001817631021,2.45990025609948,2615.353030486177
2010-01-01,Libya,LBY,5.0272476723775,2.79989500109268,Historical,World Bank API,5.0272476723775,2.79989500109268,-214.25090923592492
2011-01-01,Libya,LBY,-50.3385151384986,15.5184815317561,Historical,World Bank API,-50.3385151384986,15.5184815317561,-1101.3136097329448
2012-01-01,Libya,LBY,86.8267484395784,6.05980392156864,Historical,World Bank API,86.8267484395784,6.05980392156864,-272.48571635593163
2013-01-01,Libya,LBY,-17.9979615745681,2.60581802719517,Historical,World Bank API,-17.9979615745681,2.60581802719517,-120.72859101373888
2014-01-01,Libya,LBY,-23.0428058282215,2.43294141599225,Historical,World Bank API,-23.0428058282215,2.43294141599225,28.030086811508603
2015-01-01,Libya,LBY,-0.842656252118843,10.4022933588151,Historical,World Bank API,-0.842656252118843,10.4022933588151,-96.34308313666035
2016-01-01,Libya,LBY,-1.4909411172622,25.8538742124461,Historical,World Bank API,-1.4909411172622,25.8538742124461,76.93349019997859
2017-01-01,Libya,LBY,32.4918021862688,25.8036184788338,Historical,World Bank API,32.4918021862688,25.8036184788338,-2279.2813820798747
2018-01-01,Libya,LBY,7.9413678529104,13.1702038536721,Historical,World Bank API,7.9413678529104,13.1702038536721,-75.55885694679483
2019-01-01,Libya,LBY,-11.1960828853386,-2.16217883470595,Historical,World Bank API,-11.1960828853386,-2.16217883470595,-240.98431268657822
2020-01-01,Libya,LBY,-29.4552967282824,1.44703656998741,Historical,World Bank API,-29.4552967282824,1.44703656998741,163.08573301877257
2021-01-01,Libya,LBY,28.2996823429147,2.86833027751019,Historical,World Bank API,28.2996823429147,2.86833027751019,-196.07671789550128
2022-01-01,Libya,LBY,-8.29981811198795,4.51030149235703,Historical,World Bank API,-8.29981811198795,4.51030149235703,-129.3283083937723
2023-01-01,Libya,LBY,10.2000497852517,2.37317531435169,Historical,World Bank API,10.2000497852517,2.37317531435169,-222.8948592321454
2024-01-01,Libya,LBY,1.89995052025442,2.12615766885025,Historical,World Bank API,1.89995052025442,2.12615766885025,-81.37312503119772
2000-01-01,Liechtenstein,LIE,3.22019308239609,,Historical,World Bank API,3.22019308239609,6.747787530076212,
2001-01-01,Liechtenstein,LIE,-0.733092455297992,,Historical,World Bank API,-0.733092455297992,6.747787530076212,-122.76548134040803
2002-01-01,Liechtenstein,LIE,-0.993919947159299,,Historical,World Bank API,-0.993919947159299,6.747787530076212,35.57907191328058
2003-01-01,Liechtenstein,LIE,-1.93756534125014,,Historical,World Bank API,-1.93756534125014,6.747787530076212,94.94179051218896
2004-01-01,Liechtenstein,LIE,3.03917210306501,,Historical,World Bank API,3.03917210306501,6.747787530076212,-256.8552057761366
2005-01-01,Liechtenstein,LIE,4.82807677743524,,Historical,World Bank API,4.82807677743524,6.747787530076212,58.861578538646
2006-01-01,Liechtenstein,LIE,8.64496857267281,,Historical,World Bank API,8.64496857267281,6.747787530076212,79.0561536443745
2007-01-01,Liechtenstein,LIE,3.325963509369,,Historical,World Bank API,3.325963509369,6.747787530076212,-61.52717639850604
2008-01-01,Liechtenstein,LIE,1.79808847836411,,Historical,World Bank API,1.79808847836411,6.747787530076212,-45.937817017564264
2009-01-01,Liechtenstein,LIE,-1.15748291975636,,Historical,World Bank API,-1.15748291975636,6.747787530076212,-164.37296794256926
2000-01-01,Lithuania,LTU,3.41862206571636,0.981615478857598,Historical,World Bank API,3.41862206571636,0.981615478857598,
2001-01-01,Lithuania,LTU,6.48412665187908,1.36712030817819,Historical,World Bank API,6.48412665187908,1.36712030817819,89.67076580079217
2002-01-01,Lithuania,LTU,6.71983945103626,0.281506610345575,Historical,World Bank API,6.71983945103626,0.281506610345575,3.635228178167549
2003-01-01,Lithuania,LTU,10.5518959629574,-1.13430854990247,Historical,World Bank API,10.5518959629574,-1.13430854990247,57.026012895742625
2004-01-01,Lithuania,LTU,6.50203536075556,1.16410252104671,Historical,World Bank API,6.50203536075556,1.16410252104671,-38.38040686165728
2005-01-01,Lithuania,LTU,7.7314467577492,2.65848484065262,Historical,World Bank API,7.7314467577492,2.65848484065262,18.90810075278917
2006-01-01,Lithuania,LTU,7.39548122468629,3.73912004060664,Historical,World Bank API,7.39548122468629,3.73912004060664,-4.345441979874898
2007-01-01,Lithuania,LTU,11.0779282578673,5.73717382799842,Historical,World Bank API,11.0779282578673,5.73717382799842,49.79320373215086
2008-01-01,Lithuania,LTU,2.59946154605602,10.9258856241655,Historical,World Bank API,2.59946154605602,10.9258856241655,-76.5347681845661
2009-01-01,Lithuania,LTU,-14.8386117894848,4.45304456518535,Historical,World Bank API,-14.8386117894848,4.45304456518535,-670.834056460592
2010-01-01,Lithuania,LTU,0.427199566550769,1.31921362055463,Historical,World Bank API,0.427199566550769,1.31921362055463,-102.87897259266192
2011-01-01,Lithuania,LTU,6.32363664821298,4.13027562645085,Historical,World Bank API,6.32363664821298,4.13027562645085,1380.2535263016166
2012-01-01,Lithuania,LTU,4.38290584355157,3.08998277055417,Historical,World Bank API,4.38290584355157,3.08998277055417,-30.690106225661275
2013-01-01,Lithuania,LTU,4.04691318575325,1.04747937065344,Historical,World Bank API,4.04691318575325,1.04747937065344,-7.665979370573406
2014-01-01,Lithuania,LTU,3.7725437958099,0.103758009433708,Historical,World Bank API,3.7725437958099,0.103758009433708,-6.779720180537597
2015-01-01,Lithuania,LTU,2.83280643343234,-0.884097405500596,Historical,World Bank API,2.83280643343234,-0.884097405500596,-24.909912601182004
2016-01-01,Lithuania,LTU,2.67192215053329,0.905525075460342,Historical,World Bank API,2.67192215053329,0.905525075460342,-5.679324961999466
2017-01-01,Lithuania,LTU,4.61224310312809,3.72288862303707,Historical,World Bank API,4.61224310312809,3.72288862303707,72.6189178905355
2018-01-01,Lithuania,LTU,4.91836780106811,2.69792779208394,Historical,World Bank API,4.91836780106811,2.69792779208394,6.63721948507876
2019-01-01,Lithuania,LTU,4.67735183530451,2.33450937988027,Historical,World Bank API,4.67735183530451,2.33450937988027,-4.900324162647185
2020-01-01,Lithuania,LTU,0.0428158336981426,1.19989444983569,Historical,World Bank API,0.0428158336981426,1.19989444983569,-99.08461378990201
2021-01-01,Lithuania,LTU,6.38001606179873,4.68354420903453,Historical,World Bank API,6.38001606179873,4.68354420903453,14801.066990260435
2022-01-01,Lithuania,LTU,2.53752574011534,19.7050461518394,Historical,World Bank API,2.53752574011534,19.7050461518394,-60.226969406720734
2023-01-01,Lithuania,LTU,0.342262716277261,9.11731962390475,Historical,World Bank API,0.342262716277261,9.11731962390475,-86.51195095811308
2024-01-01,Lithuania,LTU,2.77263124530285,0.715735835228723,Historical,World Bank API,2.77263124530285,0.715735835228723,710.088599617374
2000-01-01,Luxembourg,LUX,6.93812976136098,3.15076707022592,Historical,World Bank API,6.93812976136098,3.15076707022592,
2001-01-01,Luxembourg,LUX,3.07435550952719,2.66382110579103,Historical,World Bank API,3.07435550952719,2.66382110579103,-55.68898802313369
2002-01-01,Luxembourg,LUX,3.22541782301025,2.07408613571643,Historical,World Bank API,3.22541782301025,2.07408613571643,4.913625409128186
2003-01-01,Luxembourg,LUX,2.61937861354482,2.04984030563518,Historical,World Bank API,2.61937861354482,2.04984030563518,-18.789479153427003
2004-01-01,Luxembourg,LUX,4.23188928835465,2.22567916428889,Historical,World Bank API,4.23188928835465,2.22567916428889,61.56080936415718
2005-01-01,Luxembourg,LUX,2.48287498468387,2.48769665164088,Historical,World Bank API,2.48287498468387,2.48769665164088,-41.32939650580494
2006-01-01,Luxembourg,LUX,6.0167154014547,2.66631494577069,Historical,World Bank API,6.0167154014547,2.66631494577069,142.32856823521357
2007-01-01,Luxembourg,LUX,8.09866723048083,2.31245861786127,Historical,World Bank API,8.09866723048083,2.31245861786127,34.60279720930066
2008-01-01,Luxembourg,LUX,-0.300175624936841,3.40187963025571,Historical,World Bank API,-0.300175624936841,3.40187963025571,-103.70648177526142
2009-01-01,Luxembourg,LUX,-3.23895409147492,0.368041997888887,Historical,World Bank API,-3.23895409147492,0.368041997888887,979.0196879431559
2010-01-01,Luxembourg,LUX,3.76041454320028,2.2736791162154,Historical,World Bank API,3.76041454320028,2.2736791162154,-216.09965553688667
2011-01-01,Luxembourg,LUX,1.04429855323325,3.41068341068342,Historical,World Bank API,1.04429855323325,3.41068341068342,-72.22916406592488
2012-01-01,Luxembourg,LUX,1.64990212764553,2.66284165508021,Historical,World Bank API,1.64990212764553,2.66284165508021,57.99142137440219
2013-01-01,Luxembourg,LUX,3.17178989968683,1.73403963519162,Historical,World Bank API,3.17178989968683,1.73403963519162,92.24109397404614
2014-01-01,Luxembourg,LUX,2.62308679154881,0.628543985440717,Historical,World Bank API,2.62308679154881,0.628543985440717,-17.299478385759315
2015-01-01,Luxembourg,LUX,2.26978423302835,0.474743161437779,Historical,World Bank API,2.26978423302835,0.474743161437779,-13.468961822336468
2016-01-01,Luxembourg,LUX,4.97819011520116,0.290833333333317,Historical,World Bank API,4.97819011520116,0.290833333333317,119.32437642142091
2017-01-01,Luxembourg,LUX,1.31718713754285,1.73079959118887,Historical,World Bank API,1.31718713754285,1.73079959118887,-73.54084301600392
2018-01-01,Luxembourg,LUX,1.61129561338169,1.5281952430738,Historical,World Bank API,1.61129561338169,1.5281952430738,22.328526255387327
2019-01-01,Luxembourg,LUX,2.74931929072659,1.74332075653848,Historical,World Bank API,2.74931929072659,1.74332075653848,70.62786417921691
2020-01-01,Luxembourg,LUX,-0.510051634039826,0.819957302127036,Historical,World Bank API,-0.510051634039826,0.819957302127036,-118.55192431669256
2021-01-01,Luxembourg,LUX,6.9297342584233,2.52692009066166,Historical,World Bank API,6.9297342584233,2.52692009066166,-1458.6338707587024
2022-01-01,Luxembourg,LUX,-1.0974168968152,6.33600807777919,Historical,World Bank API,-1.0974168968152,6.33600807777919,-115.83634892609709
2023-01-01,Luxembourg,LUX,0.0994399943552651,3.74140361983136,Historical,World Bank API,0.0994399943552651,3.74140361983136,-109.06127786476121
2024-01-01,Luxembourg,LUX,0.35861253942069,2.05113269954859,Historical,World Bank API,0.35861253942069,2.05113269954859,260.6320995348109
2000-01-01,"Macao SAR, China",MAC,5.74714593475937,-1.60971883961895,Historical,World Bank API,5.74714593475937,-1.60971883961895,
2001-01-01,"Macao SAR, China",MAC,2.88824010651439,-1.98465008641652,Historical,World Bank API,2.88824010651439,-1.98465008641652,-49.744792644884896
2002-01-01,"Macao SAR, China",MAC,8.90480904902596,-2.63751699816194,Historical,World Bank API,8.90480904902596,-2.63751699816194,208.3126305510845
2003-01-01,"Macao SAR, China",MAC,11.6433551416587,-1.56245203671305,Historical,World Bank API,11.6433551416587,-1.56245203671305,30.753563356109147
2004-01-01,"Macao SAR, China",MAC,26.6368742306114,0.980728452039424,Historical,World Bank API,26.6368742306114,0.980728452039424,128.77318355864165
2005-01-01,"Macao SAR, China",MAC,8.07794929953978,4.39589284335676,Historical,World Bank API,8.07794929953978,4.39589284335676,-69.6738092104797
2006-01-01,"Macao SAR, China",MAC,13.3921711919351,5.14997337750697,Historical,World Bank API,13.3921711919351,5.14997337750697,65.78676957898317
2007-01-01,"Macao SAR, China",MAC,14.4817728129028,5.57149689143953,Historical,World Bank API,14.4817728129028,5.57149689143953,8.136108815752507
2008-01-01,"Macao SAR, China",MAC,3.39251560752048,8.61101858636995,Historical,World Bank API,3.39251560752048,8.61101858636995,-76.57389291110923
2009-01-01,"Macao SAR, China",MAC,1.29837946885112,1.16906695453765,Historical,World Bank API,1.29837946885112,1.16906695453765,-61.72812098571069
2010-01-01,"Macao SAR, China",MAC,25.1031075246958,2.80947242060845,Historical,World Bank API,25.1031075246958,2.80947242060845,1833.418397851628
2011-01-01,"Macao SAR, China",MAC,21.6223064381087,5.80624616691043,Historical,World Bank API,21.6223064381087,5.80624616691043,-13.86601671989325
2012-01-01,"Macao SAR, China",MAC,9.21747479596735,6.10738928336549,Historical,World Bank API,9.21747479596735,6.10738928336549,-57.37052926175436
2013-01-01,"Macao SAR, China",MAC,10.7816711590297,5.50057779178484,Historical,World Bank API,10.7816711590297,5.50057779178484,16.969901168015
2014-01-01,"Macao SAR, China",MAC,-2.03874227961819,6.04823452094085,Historical,World Bank API,-2.03874227961819,6.04823452094085,-118.90933464345864
2015-01-01,"Macao SAR, China",MAC,-21.7540078753246,4.56056338028164,Historical,World Bank API,-21.7540078753246,4.56056338028164,967.0307911306294
2016-01-01,"Macao SAR, China",MAC,-0.701510212552961,2.36895749705898,Historical,World Bank API,-0.701510212552961,2.36895749705898,-96.77525991268635
2017-01-01,"Macao SAR, China",MAC,9.91855844513513,1.22812404052816,Historical,World Bank API,9.91855844513513,1.22812404052816,-1513.886536168755
2018-01-01,"Macao SAR, China",MAC,6.35917030567686,3.00446293166938,Historical,World Bank API,6.35917030567686,3.00446293166938,-35.88614372892146
2019-01-01,"Macao SAR, China",MAC,-2.4609094006739,2.75193081051982,Historical,World Bank API,-2.4609094006739,2.75193081051982,-138.69859246381614
2020-01-01,"Macao SAR, China",MAC,-54.4020925789353,0.811410511491651,Historical,World Bank API,-54.4020925789353,0.811410511491651,2110.649955826807
2021-01-01,"Macao SAR, China",MAC,22.4622020023362,0.0264543647054126,Historical,World Bank API,22.4622020023362,0.0264543647054126,-141.28922425133635
2022-01-01,"Macao SAR, China",MAC,-18.956941494497,1.04502802369954,Historical,World Bank API,-18.956941494497,1.04502802369954,-184.39484914491183
2023-01-01,"Macao SAR, China",MAC,75.3084184293413,0.476384495788075,Historical,World Bank API,75.3084184293413,0.476384495788075,-497.26038322797245
2024-01-01,"Macao SAR, China",MAC,7.84960207010525,,Historical,World Bank API,7.84960207010525,6.747787530076212,-89.57672696649419
2000-01-01,Madagascar,MDG,4.45685893956946,11.859684500028,Historical,World Bank API,4.45685893956946,11.859684500028,
2001-01-01,Madagascar,MDG,5.98023576982733,7.91694484529586,Historical,World Bank API,5.98023576982733,7.91694484529586,34.18050359935849
2002-01-01,Madagascar,MDG,-12.4079711055149,16.4985255315846,Historical,World Bank API,-12.4079711055149,16.4985255315846,-307.48297530538935
2003-01-01,Madagascar,MDG,9.78489212474175,-1.70400479616298,Historical,World Bank API,9.78489212474175,-1.70400479616298,-178.85972687664236
2004-01-01,Madagascar,MDG,5.25700362208742,13.9558018033211,Historical,World Bank API,5.25700362208742,13.9558018033211,-46.27428125860747
2005-01-01,Madagascar,MDG,4.75584509499119,18.3638246468932,Historical,World Bank API,4.75584509499119,18.3638246468932,-9.533159250463541
2006-01-01,Madagascar,MDG,5.3985084485368,10.7656371554865,Historical,World Bank API,5.3985084485368,10.7656371554865,13.513126283748322
2007-01-01,Madagascar,MDG,5.71056419885052,10.2879663187671,Historical,World Bank API,5.71056419885052,10.2879663187671,5.7804068158548105
2008-01-01,Madagascar,MDG,6.71263253913001,9.29650839381057,Historical,World Bank API,6.71263253913001,9.29650839381057,17.547624111838147
2009-01-01,Madagascar,MDG,-3.9787086116544,8.95421802392949,Historical,World Bank API,-3.9787086116544,8.95421802392949,-159.27195609861374
2010-01-01,Madagascar,MDG,0.619239744622121,9.24732173644116,Historical,World Bank API,0.619239744622121,9.24732173644116,-115.5638375428713
2011-01-01,Madagascar,MDG,1.57842705366555,9.48254048582992,Historical,World Bank API,1.57842705366555,9.48254048582992,154.89756873224513
2012-01-01,Madagascar,MDG,3.01114811621208,5.71384434191053,Historical,World Bank API,3.01114811621208,5.71384434191053,90.76891195062515
2013-01-01,Madagascar,MDG,2.30037622800727,5.8264294445198,Historical,World Bank API,2.30037622800727,5.8264294445198,-23.60468036686738
2014-01-01,Madagascar,MDG,3.33920311195367,6.08040811088302,Historical,World Bank API,3.33920311195367,6.08040811088302,45.15899926710236
2015-01-01,Madagascar,MDG,3.13229807490305,7.40419174202129,Historical,World Bank API,3.13229807490305,7.40419174202129,-6.196239944492799
2016-01-01,Madagascar,MDG,3.99314606199499,6.03575858154679,Historical,World Bank API,3.99314606199499,6.03575858154679,27.482952340625655
2017-01-01,Madagascar,MDG,3.93330759462793,8.60905075422949,Historical,World Bank API,3.93330759462793,8.60905075422949,-1.4985293910627528
2018-01-01,Madagascar,MDG,3.19435651744398,8.59422958870476,Historical,World Bank API,3.19435651744398,8.59422958870476,-18.787014730126916
2019-01-01,Madagascar,MDG,4.41123212909589,5.61051441492365,Historical,World Bank API,4.41123212909589,5.61051441492365,38.094545959622984
2020-01-01,Madagascar,MDG,-7.13767162064489,4.20179312190557,Historical,World Bank API,-7.13767162064489,4.20179312190557,-261.8067562930043
2021-01-01,Madagascar,MDG,4.65068343174309,5.81225118787715,Historical,World Bank API,4.65068343174309,5.81225118787715,-165.1568701800672
2022-01-01,Madagascar,MDG,4.15609778386296,8.16059031991844,Historical,World Bank API,4.15609778386296,8.16059031991844,-10.634687463445724
2023-01-01,Madagascar,MDG,4.20304615840668,9.87432675044888,Historical,World Bank API,4.20304615840668,9.87432675044888,1.1296263222200453
2024-01-01,Madagascar,MDG,4.19999999988647,,Historical,World Bank API,4.19999999988647,6.747787530076212,-0.07247501943603574
2000-01-01,Malawi,MWI,1.57607762616895,29.5814884631684,Historical,World Bank API,1.57607762616895,29.5814884631684,
2001-01-01,Malawi,MWI,-4.97496361892476,22.7,Historical,World Bank API,-4.97496361892476,22.7,-415.6547327568916
2002-01-01,Malawi,MWI,1.70000003078317,14.7446346101603,Historical,World Bank API,1.70000003078317,14.7446346101603,-134.17110477584941
2003-01-01,Malawi,MWI,5.70563940467414,9.57679786919214,Historical,World Bank API,5.70563940467414,9.57679786919214,235.6258412563451
2004-01-01,Malawi,MWI,5.42049754993828,11.4298060822124,Historical,World Bank API,5.42049754993828,11.4298060822124,-4.997544263001763
2005-01-01,Malawi,MWI,3.26872602317066,15.4103446604296,Historical,World Bank API,3.26872602317066,15.4103446604296,-39.69693754021014
2006-01-01,Malawi,MWI,4.69999976404691,13.9742943548388,Historical,World Bank API,4.69999976404691,13.9742943548388,43.7868983429794
2007-01-01,Malawi,MWI,9.59999987683469,7.9522099086403,Historical,World Bank API,9.59999987683469,7.9522099086403,104.25532678258395
2008-01-01,Malawi,MWI,7.63973639944591,8.71260186609043,Historical,World Bank API,7.63973639944591,8.71260186609043,-20.419411484775118
2009-01-01,Malawi,MWI,8.3281098524038,8.42204427696655,Historical,World Bank API,8.3281098524038,8.42204427696655,9.01043461405051
2010-01-01,Malawi,MWI,6.87406585416142,7.41159092883827,Historical,World Bank API,6.87406585416142,7.41159092883827,-17.45947188512037
2011-01-01,Malawi,MWI,4.93266999813729,7.6228226284852,Historical,World Bank API,4.93266999813729,7.6228226284852,-28.242322625536797
2012-01-01,Malawi,MWI,1.90000000072909,21.2712650013779,Historical,World Bank API,1.90000000072909,21.2712650013779,-61.481307254558246
2013-01-01,Malawi,MWI,5.41034999817167,27.2833333333334,Historical,World Bank API,5.41034999817167,27.2833333333334,184.75526295239723
2014-01-01,Malawi,MWI,5.62527000105139,23.7920649469687,Historical,World Bank API,5.62527000105139,23.7920649469687,3.972386314237486
2015-01-01,Malawi,MWI,2.80000000003355,21.8673475542553,Historical,World Bank API,2.80000000003355,21.8673475542553,-50.2246114495799
2016-01-01,Malawi,MWI,2.49999999914311,21.7111132136499,Historical,World Bank API,2.49999999914311,21.7111132136499,-10.714285745958762
2017-01-01,Malawi,MWI,4.00000000089172,11.5433939188771,Historical,World Bank API,4.00000000089172,11.5433939188771,60.000000090509744
2018-01-01,Malawi,MWI,4.35356471619211,12.420178108921,Historical,World Bank API,4.35356471619211,12.420178108921,8.839117880539238
2019-01-01,Malawi,MWI,5.71682519194337,9.3708360560567,Historical,World Bank API,5.71682519194337,9.3708360560567,31.313660520100186
2020-01-01,Malawi,MWI,0.793596429787286,8.62551469650552,Historical,World Bank API,0.793596429787286,8.62551469650552,-86.11823165582028
2021-01-01,Malawi,MWI,4.55829212016083,9.33014410835212,Historical,World Bank API,4.55829212016083,9.33014410835212,474.3841515747023
2022-01-01,Malawi,MWI,0.921115069005936,20.953969729969,Historical,World Bank API,0.921115069005936,20.953969729969,-79.792539733644
2023-01-01,Malawi,MWI,1.94575281675984,28.7897428247298,Historical,World Bank API,1.94575281675984,28.7897428247298,111.23884324894276
2024-01-01,Malawi,MWI,1.6734340852915,32.1796504225025,Historical,World Bank API,1.6734340852915,32.1796504225025,-13.995546048948704
2000-01-01,Malaysia,MYS,8.85886816969386,1.53474023697699,Historical,World Bank API,8.85886816969386,1.53474023697699,
2001-01-01,Malaysia,MYS,0.517675319192861,1.41678473206098,Historical,World Bank API,0.517675319192861,1.41678473206098,-94.15641694540817
2002-01-01,Malaysia,MYS,5.39098830692797,1.80787246281536,Historical,World Bank API,5.39098830692797,1.80787246281536,941.384069716398
2003-01-01,Malaysia,MYS,5.7884992858875,1.08967632577286,Historical,World Bank API,5.7884992858875,1.08967632577286,7.37361975815618
2004-01-01,Malaysia,MYS,6.78343772370305,1.42127115937402,Historical,World Bank API,6.78343772370305,1.42127115937402,17.18819315122373
2005-01-01,Malaysia,MYS,5.33213916141486,2.97507092684449,Historical,World Bank API,5.33213916141486,2.97507092684449,-21.394735551518153
2006-01-01,Malaysia,MYS,5.5848470671515,3.60923564224389,Historical,World Bank API,5.5848470671515,3.60923564224389,4.739334403822748
2007-01-01,Malaysia,MYS,6.29878592740947,2.02735317779569,Historical,World Bank API,6.29878592740947,2.02735317779569,12.783498843811802
2008-01-01,Malaysia,MYS,4.83176988913097,5.44078221100769,Historical,World Bank API,4.83176988913097,5.44078221100769,-23.290457164049805
2009-01-01,Malaysia,MYS,-1.51352871598714,0.583308405623702,Historical,World Bank API,-1.51352871598714,0.583308405623702,-131.32451980777918
2010-01-01,Malaysia,MYS,7.42484738326097,1.62285235577035,Historical,World Bank API,7.42484738326097,1.62285235577035,-590.5653460574352
2011-01-01,Malaysia,MYS,5.29391283414003,3.1744709215131,Historical,World Bank API,5.29391283414003,3.1744709215131,-28.700045120456608
2012-01-01,Malaysia,MYS,5.47345419253853,1.66357102479206,Historical,World Bank API,5.47345419253853,1.66357102479206,3.3914679750798316
2013-01-01,Malaysia,MYS,4.69372252557893,2.10501231233612,Historical,World Bank API,4.69372252557893,2.10501231233612,-14.245696401781139
2014-01-01,Malaysia,MYS,6.00672194558203,3.14299050879095,Historical,World Bank API,6.00672194558203,3.14299050879095,27.97352022510435
2015-01-01,Malaysia,MYS,5.09153242155011,2.10438980238359,Historical,World Bank API,5.09153242155011,2.10438980238359,-15.236089373257
2016-01-01,Malaysia,MYS,4.44978139761541,2.09056659525742,Historical,World Bank API,4.44978139761541,2.09056659525742,-12.604280417001068
2017-01-01,Malaysia,MYS,5.81272240983328,3.87120115774237,Historical,World Bank API,5.81272240983328,3.87120115774237,30.629392557312052
2018-01-01,Malaysia,MYS,4.84308697634881,0.884709160571235,Historical,World Bank API,4.84308697634881,0.884709160571235,-16.681261638163814
2019-01-01,Malaysia,MYS,4.41318742129586,0.662891865764326,Historical,World Bank API,4.41318742129586,0.662891865764326,-8.876560696769687
2020-01-01,Malaysia,MYS,-5.45684658426701,-1.1387021539305,Historical,World Bank API,-5.45684658426701,-1.1387021539305,-223.64864809355177
2021-01-01,Malaysia,MYS,3.31534954399166,2.47710241465447,Historical,World Bank API,3.31534954399166,2.47710241465447,-160.7557770370595
2022-01-01,Malaysia,MYS,9.03173723044451,3.37869862549928,Historical,World Bank API,9.03173723044451,3.37869862549928,172.42187017090075
2023-01-01,Malaysia,MYS,3.5370638041057,2.48886560125754,Historical,World Bank API,3.5370638041057,2.48886560125754,-60.83739247657874
2024-01-01,Malaysia,MYS,5.10545921024041,1.834100204499,Historical,World Bank API,5.10545921024041,1.834100204499,44.3417335111165
2000-01-01,Maldives,MDV,3.84581040832157,-1.17475681175946,Historical,World Bank API,3.84581040832157,-1.17475681175946,
2001-01-01,Maldives,MDV,-3.94363452271253,0.67257737006247,Historical,World Bank API,-3.94363452271253,0.67257737006247,-202.5436541067986
2002-01-01,Maldives,MDV,7.26838656139654,4.1786723990479,Historical,World Bank API,7.26838656139654,4.1786723990479,-284.3067992111288
2003-01-01,Maldives,MDV,13.7500496410836,-1.26065113450354,Historical,World Bank API,13.7500496410836,-1.26065113450354,89.17609190067182
2004-01-01,Maldives,MDV,5.92489251113133,-1.68541212459466,Historical,World Bank API,5.92489251113133,-1.68541212459466,-56.9100282123461
2005-01-01,Maldives,MDV,-11.1773097061784,1.30027500930997,Historical,World Bank API,-11.1773097061784,1.30027500930997,-288.64999972875705
2006-01-01,Maldives,MDV,23.6302719852686,2.73842131602099,Historical,World Bank API,23.6302719852686,2.73842131602099,-311.41287668003565
2007-01-01,Maldives,MDV,7.13338024717898,6.79477353930168,Historical,World Bank API,7.13338024717898,6.79477353930168,-69.81253431350254
2008-01-01,Maldives,MDV,8.97645459033633,12.0414583505108,Historical,World Bank API,8.97645459033633,12.0414583505108,25.837320867427827
2009-01-01,Maldives,MDV,-8.34069861571051,4.53017659132801,Historical,World Bank API,-8.34069861571051,4.53017659132801,-192.91751583848875
2010-01-01,Maldives,MDV,6.7854678229144,6.14988536750173,Historical,World Bank API,6.7854678229144,6.14988536750173,-181.35371070875667
2011-01-01,Maldives,MDV,8.84342600490342,11.2734146055937,Historical,World Bank API,8.84342600490342,11.2734146055937,30.328906358369778
2012-01-01,Maldives,MDV,2.38928797963442,10.884695658563,Historical,World Bank API,2.38928797963442,10.884695658563,-72.98232632568384
2013-01-01,Maldives,MDV,6.97496226412528,3.8056300091943,Historical,World Bank API,6.97496226412528,3.8056300091943,191.92639495857273
2014-01-01,Maldives,MDV,7.86068643108074,2.12000175718134,Historical,World Bank API,7.86068643108074,2.12000175718134,12.698623066551274
2015-01-01,Maldives,MDV,3.86813536494475,0.953206658777607,Historical,World Bank API,3.86813536494475,0.953206658777607,-50.7913793679602
2016-01-01,Maldives,MDV,6.37528306716864,0.502509413611612,Historical,World Bank API,6.37528306716864,0.502509413611612,64.81540757195555
2017-01-01,Maldives,MDV,7.07442863215275,2.81747338234509,Historical,World Bank API,7.07442863215275,2.81747338234509,10.966502312415916
2018-01-01,Maldives,MDV,8.5689555834747,-0.133373386117595,Historical,World Bank API,8.5689555834747,-0.133373386117595,21.125761938277776
2019-01-01,Maldives,MDV,6.92305989050099,0.220029731065383,Historical,World Bank API,6.92305989050099,0.220029731065383,-19.207658120527938
2020-01-01,Maldives,MDV,-32.9088287752921,-1.36977425569811,Historical,World Bank API,-32.9088287752921,-1.36977425569811,-575.3509184637524
2021-01-01,Maldives,MDV,37.507870124321,0.543149688737013,Historical,World Bank API,37.507870124321,0.543149688737013,-213.97509884180943
2022-01-01,Maldives,MDV,13.8260895184139,2.33314337624567,Historical,World Bank API,13.8260895184139,2.33314337624567,-63.138164143719976
2023-01-01,Maldives,MDV,4.94286301229583,2.92746542425035,Historical,World Bank API,4.94286301229583,2.92746542425035,-64.24973955424768
2024-01-01,Maldives,MDV,3.49440422654285,1.39979779674928,Historical,World Bank API,3.49440422654285,1.39979779674928,-29.304044683208996
2000-01-01,Mali,MLI,-0.736019991927179,-0.677661659046769,Historical,World Bank API,-0.736019991927179,-0.677661659046769,
2001-01-01,Mali,MLI,15.8060317406145,5.18701191944068,Historical,World Bank API,15.8060317406145,5.18701191944068,-2247.5003279772773
2002-01-01,Mali,MLI,3.03627540842406,5.03282275711194,Historical,World Bank API,3.03627540842406,5.03282275711194,-80.79040041010308
2003-01-01,Mali,MLI,9.79712256129343,-1.34672619047621,Historical,World Bank API,9.79712256129343,-1.34672619047621,222.66910090275704
2004-01-01,Mali,MLI,1.47732490222614,-3.09978128063957,Historical,World Bank API,1.47732490222614,-3.09978128063957,-84.92082861081303
2005-01-01,Mali,MLI,2.53837834867178,6.39788293897883,Historical,World Bank API,2.53837834867178,6.39788293897883,71.82261971261488
2006-01-01,Mali,MLI,3.6896026526873,1.54352596927582,Historical,World Bank API,3.6896026526873,1.54352596927582,45.35274674943175
2007-01-01,Mali,MLI,1.76004607889122,1.41200201714577,Historical,World Bank API,1.76004607889122,1.41200201714577,-52.29713753568285
2008-01-01,Mali,MLI,3.63871070955426,9.17098813667678,Historical,World Bank API,3.63871070955426,9.17098813667678,106.7395139930965
2009-01-01,Mali,MLI,5.45473562577585,2.46375188572299,Historical,World Bank API,5.45473562577585,2.46375188572299,49.90847201601394
2010-01-01,Mali,MLI,5.57678859838062,1.10892690670186,Historical,World Bank API,5.57678859838062,1.10892690670186,2.237559819178414
2011-01-01,Mali,MLI,2.93537897086446,2.95564395229392,Historical,World Bank API,2.93537897086446,2.95564395229392,-47.36434922928886
2012-01-01,Mali,MLI,-1.07239924132972,5.32312847064058,Historical,World Bank API,-1.07239924132972,5.32312847064058,-136.5335873825485
2013-01-01,Mali,MLI,3.29068742019345,-0.606736356351563,Historical,World Bank API,3.29068742019345,-0.606736356351563,-406.8528299323642
2014-01-01,Mali,MLI,6.50263878409685,0.883814547137841,Historical,World Bank API,6.50263878409685,0.883814547137841,97.60730673454785
2015-01-01,Mali,MLI,6.23887890197454,1.45069057605961,Historical,World Bank API,6.23887890197454,1.45069057605961,-4.056197658823879
2016-01-01,Mali,MLI,6.00506308559498,-1.79964707083386,Historical,World Bank API,6.00506308559498,-1.79964707083386,-3.747721666877679
2017-01-01,Mali,MLI,5.37554769639952,1.75985742927165,Historical,World Bank API,5.37554769639952,1.75985742927165,-10.48307703387078
2018-01-01,Mali,MLI,4.86784999991505,0.299546507387843,Historical,World Bank API,4.86784999991505,0.299546507387843,-9.44457616522537
2019-01-01,Mali,MLI,4.99999911608818,-1.65826694846365,Historical,World Bank API,4.99999911608818,-1.65826694846365,2.7147327090077944
2020-01-01,Mali,MLI,-1.16910834828603,0.438088940320669,Historical,World Bank API,-1.16910834828603,0.438088940320669,-123.38217109927609
2021-01-01,Mali,MLI,3.10094124444834,3.92560283104277,Historical,World Bank API,3.10094124444834,3.92560283104277,-365.2398512930364
2022-01-01,Mali,MLI,3.70319027595568,9.62147608489064,Historical,World Bank API,3.70319027595568,9.62147608489064,19.421491219337206
2023-01-01,Mali,MLI,4.72541109080376,2.05880228274223,Historical,World Bank API,4.72541109080376,2.05880228274223,27.603788589671563
2024-01-01,Mali,MLI,4.99226917482922,3.2063986409966,Historical,World Bank API,4.99226917482922,3.2063986409966,5.647298804220413
2000-01-01,Malta,MLT,19.6812692571542,2.36959287531806,Historical,World Bank API,19.6812692571542,2.36959287531806,
2001-01-01,Malta,MLT,-0.757203079411141,2.92949244324104,Historical,World Bank API,-0.757203079411141,2.92949244324104,-103.84732849044222
2002-01-01,Malta,MLT,2.74113514481881,2.18849048060549,Historical,World Bank API,2.74113514481881,2.18849048060549,-462.0079235481354
2003-01-01,Malta,MLT,3.69331046215919,1.30383777442602,Historical,World Bank API,3.69331046215919,1.30383777442602,34.73653311622178
2004-01-01,Malta,MLT,0.407354470561188,2.79082848067754,Historical,World Bank API,0.407354470561188,2.79082848067754,-88.97047852502928
2005-01-01,Malta,MLT,2.88123523900146,3.00796652450313,Historical,World Bank API,2.88123523900146,3.00796652450313,607.3041901398932
2006-01-01,Malta,MLT,2.33618945029086,2.77378006481472,Historical,World Bank API,2.33618945029086,2.77378006481472,-18.917087412116164
2007-01-01,Malta,MLT,5.03640168136971,1.24921923797629,Historical,World Bank API,5.03640168136971,1.24921923797629,115.58190328882225
2008-01-01,Malta,MLT,4.41059660584338,4.25862171897073,Historical,World Bank API,4.41059660584338,4.25862171897073,-12.425638682499496
2009-01-01,Malta,MLT,-1.39524973471087,2.08432746082343,Historical,World Bank API,-1.39524973471087,2.08432746082343,-131.63403637644788
2010-01-01,Malta,MLT,6.19735041110465,1.51563513618532,Historical,World Bank API,6.19735041110465,1.51563513618532,-544.1749929727737
2011-01-01,Malta,MLT,0.99220191192282,2.9629852819288,Historical,World Bank API,0.99220191192282,2.9629852819288,-83.9899013916503
2012-01-01,Malta,MLT,4.10167392241412,2.37582057760386,Historical,World Bank API,4.10167392241412,2.37582057760386,313.39105207581736
2013-01-01,Malta,MLT,6.29233375866998,1.1802843636655,Historical,World Bank API,6.29233375866998,1.1802843636655,53.40892225207665
2014-01-01,Malta,MLT,7.63136360845897,0.310306472181665,Historical,World Bank API,7.63136360845897,0.310306472181665,21.280337330231227
2015-01-01,Malta,MLT,9.62070315764963,1.10054826378929,Historical,World Bank API,9.62070315764963,1.10054826378929,26.067943440482644
2016-01-01,Malta,MLT,4.07800355932196,0.642702771527304,Historical,World Bank API,4.07800355932196,0.642702771527304,-57.61220887394855
2017-01-01,Malta,MLT,12.9713424962459,1.36435448150708,Historical,World Bank API,12.9713424962459,1.36435448150708,218.0807056088645
2018-01-01,Malta,MLT,7.18921479603796,1.15782362451517,Historical,World Bank API,7.18921479603796,1.15782362451517,-44.57617013721883
2019-01-01,Malta,MLT,4.08505582134097,1.6420600176894,Historical,World Bank API,4.08505582134097,1.6420600176894,-43.17799735803859
2020-01-01,Malta,MLT,-3.45728276294712,0.638544956776712,Historical,World Bank API,-3.45728276294712,0.638544956776712,-184.63244846951014
2021-01-01,Malta,MLT,13.4117042939322,1.49789217934724,Historical,World Bank API,13.4117042939322,1.49789217934724,-487.92616090503265
2022-01-01,Malta,MLT,2.48309993837792,6.15375621933037,Historical,World Bank API,2.48309993837792,6.15375621933037,-81.48557495782741
2023-01-01,Malta,MLT,10.6215185022616,5.09396758978883,Historical,World Bank API,10.6215185022616,5.09396758978883,327.75235656443556
2024-01-01,Malta,MLT,6.79990300224401,1.65079469283109,Historical,World Bank API,6.79990300224401,1.65079469283109,-35.9799354414707
2000-01-01,Marshall Islands,MHL,2.45443006851272,,Historical,World Bank API,2.45443006851272,6.747787530076212,
2001-01-01,Marshall Islands,MHL,6.93004446202892,,Historical,World Bank API,6.93004446202892,6.747787530076212,182.3484177012316
2002-01-01,Marshall Islands,MHL,3.63579015049041,,Historical,World Bank API,3.63579015049041,6.747787530076212,-47.53583226757604
2003-01-01,Marshall Islands,MHL,-1.56167510462087,,Historical,World Bank API,-1.56167510462087,6.747787530076212,-142.95283940989347
2004-01-01,Marshall Islands,MHL,-0.408355471416314,,Historical,World Bank API,-0.408355471416314,6.747787530076212,-73.85144514322964
2005-01-01,Marshall Islands,MHL,1.79104477611941,,Historical,World Bank API,1.79104477611941,6.747787530076212,-538.5994314971377
2006-01-01,Marshall Islands,MHL,0.175953079178882,,Historical,World Bank API,0.175953079178882,6.747787530076212,-90.17595307917912
2007-01-01,Marshall Islands,MHL,3.68852459016394,,Historical,World Bank API,3.68852459016394,6.747787530076212,1996.3114754098824
2008-01-01,Marshall Islands,MHL,-7.56634669678148,,Historical,World Bank API,-7.56634669678148,6.747787530076212,-305.1320660016309
2009-01-01,Marshall Islands,MHL,3.66524129505193,,Historical,World Bank API,3.66524129505193,6.747787530076212,-148.44136069803707
2010-01-01,Marshall Islands,MHL,5.53918680023571,,Historical,World Bank API,5.53918680023571,6.747787530076212,51.12747986643071
2011-01-01,Marshall Islands,MHL,-0.502512562814076,,Historical,World Bank API,-0.502512562814076,6.747787530076212,-109.07195552229241
2012-01-01,Marshall Islands,MHL,-1.29068462401796,,Historical,World Bank API,-1.29068462401796,6.747787530076212,156.84624017957117
2013-01-01,Marshall Islands,MHL,3.80898237635019,,Historical,World Bank API,3.80898237635019,6.747787530076212,-395.11333020243586
2014-01-01,Marshall Islands,MHL,-1.25958378970427,,Historical,World Bank API,-1.25958378970427,6.747787530076212,-133.068774419251
2015-01-01,Marshall Islands,MHL,1.88574597892401,,Historical,World Bank API,1.88574597892401,6.747787530076212,-249.71183293544553
2016-01-01,Marshall Islands,MHL,2.5040827436037,,Historical,World Bank API,2.5040827436037,6.747787530076212,32.7900349034554
2017-01-01,Marshall Islands,MHL,3.55815188528943,,Historical,World Bank API,3.55815188528943,6.747787530076212,42.09402202775407
2018-01-01,Marshall Islands,MHL,5.48717948717949,,Historical,World Bank API,5.48717948717949,6.747787530076212,54.21431305013411
2019-01-01,Marshall Islands,MHL,10.4521147301896,,Historical,World Bank API,10.4521147301896,6.747787530076212,90.4824647090627
2020-01-01,Marshall Islands,MHL,-2.77288732394366,,Historical,World Bank API,-2.77288732394366,6.747787530076212,-126.52943825745166
2021-01-01,Marshall Islands,MHL,2.15938183019058,,Historical,World Bank API,2.15938183019058,6.747787530076212,-177.874849495127
2022-01-01,Marshall Islands,MHL,-0.700563926576777,,Historical,World Bank API,-0.700563926576777,6.747787530076212,-132.44279991533259
2023-01-01,Marshall Islands,MHL,-5.00791779654826,,Historical,World Bank API,-5.00791779654826,6.747787530076212,614.8409454964174
2024-01-01,Marshall Islands,MHL,2.50192717852873,,Historical,World Bank API,2.50192717852873,6.747787530076212,-149.9594298503302
2000-01-01,Mauritania,MRT,-3.91802585208993,3.25406745833358,Historical,World Bank API,-3.91802585208993,3.25406745833358,
2001-01-01,Mauritania,MRT,-0.799493830035985,4.7148963468961,Historical,World Bank API,-0.799493830035985,4.7148963468961,-79.59447282336016
2002-01-01,Mauritania,MRT,1.38148396045266,3.8957052575849,Historical,World Bank API,1.38148396045266,3.8957052575849,-272.7948244942028
2003-01-01,Mauritania,MRT,6.92826957568474,5.15190150769578,Historical,World Bank API,6.92826957568474,5.15190150769578,401.50923022042235
2004-01-01,Mauritania,MRT,4.73275787510946,10.3676233473073,Historical,World Bank API,4.73275787510946,10.3676233473073,-31.689178323554067
2005-01-01,Mauritania,MRT,8.56628732009419,12.1256487185541,Historical,World Bank API,8.56628732009419,12.1256487185541,80.99990631563986
2006-01-01,Mauritania,MRT,18.3331986932345,6.2410332814282,Historical,World Bank API,18.3331986932345,6.2410332814282,114.01568740555525
2007-01-01,Mauritania,MRT,-1.96942274988409,7.25410841304887,Historical,World Bank API,-1.96942274988409,7.25410841304887,-110.74238480059056
2008-01-01,Mauritania,MRT,-0.331079223430805,7.34663541249786,Historical,World Bank API,-0.331079223430805,7.34663541249786,-83.18902209034141
2009-01-01,Mauritania,MRT,0.0978759143320076,2.22092032381779,Historical,World Bank API,0.0978759143320076,2.22092032381779,-129.56268693570362
2010-01-01,Mauritania,MRT,2.62022948104543,6.28354087427704,Historical,World Bank API,2.62022948104543,6.28354087427704,2577.0932347638427
2011-01-01,Mauritania,MRT,4.17278327815399,5.68631959575954,Historical,World Bank API,4.17278327815399,5.68631959575954,59.252588688877594
2012-01-01,Mauritania,MRT,4.47001319170479,4.90242727217997,Historical,World Bank API,4.47001319170479,4.90242727217997,7.123061365465677
2013-01-01,Mauritania,MRT,4.1508131898954,4.12910173783393,Historical,World Bank API,4.1508131898954,4.12910173783393,-7.140918563769427
2014-01-01,Mauritania,MRT,4.27482328814457,3.53436856147324,Historical,World Bank API,4.27482328814457,3.53436856147324,2.987609718284978
2015-01-01,Mauritania,MRT,5.37633924099251,3.25472688117631,Historical,World Bank API,5.37633924099251,3.25472688117631,25.76752016633741
2016-01-01,Mauritania,MRT,1.26090923067225,1.47171045650004,Historical,World Bank API,1.26090923067225,1.47171045650004,-76.54706717429019
2017-01-01,Mauritania,MRT,6.27054566937677,2.25427651934813,Historical,World Bank API,6.27054566937677,2.25427651934813,397.30349471973074
2018-01-01,Mauritania,MRT,4.77217365692621,3.06735996058356,Historical,World Bank API,4.77217365692621,3.06735996058356,-23.895400678893132
2019-01-01,Mauritania,MRT,3.14100489306969,2.30009262117937,Historical,World Bank API,3.14100489306969,2.30009262117937,-34.180834167446605
2020-01-01,Mauritania,MRT,-0.360657384151068,2.3856948845632,Historical,World Bank API,-0.360657384151068,2.3856948845632,-111.48222930014602
2021-01-01,Mauritania,MRT,0.742715486567747,3.56516484650185,Historical,World Bank API,0.742715486567747,3.56516484650185,-305.9338084303985
2022-01-01,Mauritania,MRT,6.79600500489967,9.52526628622843,Historical,World Bank API,6.79600500489967,9.52526628622843,815.0213140573542
2023-01-01,Mauritania,MRT,6.80949001978621,4.95305034506872,Historical,World Bank API,6.80949001978621,4.95305034506872,0.1984256173563459
2024-01-01,Mauritania,MRT,6.30760213290844,2.49164347481972,Historical,World Bank API,6.30760213290844,2.49164347481972,-7.370418128515411
2000-01-01,Mauritius,MUS,8.20279174865273,4.19928825622807,Historical,World Bank API,8.20279174865273,4.19928825622807,
2001-01-01,Mauritius,MUS,3.34754072731407,5.38934426229508,Historical,World Bank API,3.34754072731407,5.38934426229508,-59.190226572997084
2002-01-01,Mauritius,MUS,1.61491865862433,6.41933372221149,Historical,World Bank API,1.61491865862433,6.41933372221149,-51.758057924508805
2003-01-01,Mauritius,MUS,5.92544548947731,3.92105357558188,Historical,World Bank API,5.92544548947731,3.92105357558188,266.919129817034
2004-01-01,Mauritius,MUS,4.33001985464357,4.71037060105883,Historical,World Bank API,4.33001985464357,4.71037060105883,-26.92499049509397
2005-01-01,Mauritius,MUS,1.77754302034454,4.93717004981795,Historical,World Bank API,1.77754302034454,4.93717004981795,-58.94838638122457
2006-01-01,Mauritius,MUS,4.8655446077553,8.91350105650142,Historical,World Bank API,4.8655446077553,8.91350105650142,173.72302960139976
2007-01-01,Mauritius,MUS,5.72701615981669,8.82729272393294,Historical,World Bank API,5.72701615981669,8.82729272393294,17.705552440897797
2008-01-01,Mauritius,MUS,5.38696254207251,9.73228317146887,Historical,World Bank API,5.38696254207251,9.73228317146887,-5.937710113866079
2009-01-01,Mauritius,MUS,3.31507699790781,2.51609128145113,Historical,World Bank API,3.31507699790781,2.51609128145113,-38.46110916835129
2010-01-01,Mauritius,MUS,4.37720322344293,2.93236301369857,Historical,World Bank API,4.37720322344293,2.93236301369857,32.0392626236266
2011-01-01,Mauritius,MUS,4.07753806610333,6.52249254869341,Historical,World Bank API,4.07753806610333,6.52249254869341,-6.846041685583327
2012-01-01,Mauritius,MUS,3.49611836470866,3.85216033315983,Historical,World Bank API,3.49611836470866,3.85216033315983,-14.259087026753347
2013-01-01,Mauritius,MUS,3.36040609974133,3.54329573934839,Historical,World Bank API,3.36040609974133,3.54329573934839,-3.88179834919975
2014-01-01,Mauritius,MUS,3.82696982009337,3.21769191994684,Historical,World Bank API,3.82696982009337,3.21769191994684,13.884146930573493
2015-01-01,Mauritius,MUS,3.69055690369433,1.28654970760232,Historical,World Bank API,3.69055690369433,1.28654970760232,-3.5645150814309745
2016-01-01,Mauritius,MUS,3.8624682634,0.977675134718965,Historical,World Bank API,3.8624682634,0.977675134718965,4.658141418537198
2017-01-01,Mauritius,MUS,3.93798380632353,3.66699702675925,Historical,World Bank API,3.93798380632353,3.66699702675925,1.9551110267779004
2018-01-01,Mauritius,MUS,4.00674057198549,3.2160538314457,Historical,World Bank API,4.00674057198549,3.2160538314457,1.7459890401669842
2019-01-01,Mauritius,MUS,2.89128499346516,0.405655190309553,Historical,World Bank API,2.89128499346516,0.405655190309553,-27.839475965063045
2020-01-01,Mauritius,MUS,-14.5465381490166,2.5808007718283,Historical,World Bank API,-14.5465381490166,2.5808007718283,-603.11671737288
2021-01-01,Mauritius,MUS,3.40379866177662,4.02852888157376,Historical,World Bank API,3.40379866177662,4.02852888157376,-123.39937259922375
2022-01-01,Mauritius,MUS,8.69306675264066,10.7737512242899,Historical,World Bank API,8.69306675264066,10.7737512242899,155.39309508110847
2023-01-01,Mauritius,MUS,5.00791900868131,7.05298238454736,Historical,World Bank API,5.00791900868131,7.05298238454736,-42.391803132535784
2024-01-01,Mauritius,MUS,4.92512304864294,3.6045220384796,Historical,World Bank API,4.92512304864294,3.6045220384796,-1.653300700247795
2000-01-01,Mexico,MEX,5.02928399378261,9.49156149435403,Historical,World Bank API,5.02928399378261,9.49156149435403,
2001-01-01,Mexico,MEX,-0.450845253215945,6.36773806235037,Historical,World Bank API,-0.450845253215945,6.36773806235037,-108.96440236370219
2002-01-01,Mexico,MEX,-0.236588001922641,5.03072733151295,Historical,World Bank API,-0.236588001922641,5.03072733151295,-47.52345727607771
2003-01-01,Mexico,MEX,1.18554486709559,4.54690012118718,Historical,World Bank API,1.18554486709559,4.54690012118718,-601.1010099672073
2004-01-01,Mexico,MEX,3.56544100946846,4.68840884843143,Historical,World Bank API,3.56544100946846,4.68840884843143,200.7428152595578
2005-01-01,Mexico,MEX,2.11324712586392,3.98805714597437,Historical,World Bank API,2.11324712586392,3.98805714597437,-40.729712811067785
2006-01-01,Mexico,MEX,4.80501352746852,3.62946762439132,Historical,World Bank API,4.80501352746852,3.62946762439132,127.3758458563702
2007-01-01,Mexico,MEX,2.07786393438754,3.96684905458235,Historical,World Bank API,2.07786393438754,3.96684905458235,-56.7563353878372
2008-01-01,Mexico,MEX,0.943331863036903,5.12498274575896,Historical,World Bank API,0.943331863036903,5.12498274575896,-54.600883752527594
2009-01-01,Mexico,MEX,-6.29525055780502,5.29735584228856,Historical,World Bank API,-6.29525055780502,5.29735584228856,-767.3420886620418
2010-01-01,Mexico,MEX,4.9713345832195,4.15672722680174,Historical,World Bank API,4.9713345832195,4.15672722680174,-178.96960633371307
2011-01-01,Mexico,MEX,3.44404505794418,3.40737824605742,Historical,World Bank API,3.44404505794418,3.40737824605742,-30.72192184429935
2012-01-01,Mexico,MEX,3.55321075993527,4.11150981070289,Historical,World Bank API,3.55321075993527,4.11150981070289,3.1696943609748507
2013-01-01,Mexico,MEX,0.852101559410627,3.80639069747204,Historical,World Bank API,0.852101559410627,3.80639069747204,-76.01882868816512
2014-01-01,Mexico,MEX,2.50376350288664,4.01861608078679,Historical,World Bank API,2.50376350288664,4.01861608078679,193.83393038482617
2015-01-01,Mexico,MEX,2.70232342550646,2.72064064964023,Historical,World Bank API,2.70232342550646,2.72064064964023,7.930458383585193
2016-01-01,Mexico,MEX,1.77249323845399,2.8217078474766,Historical,World Bank API,1.77249323845399,2.8217078474766,-34.40854556031555
2017-01-01,Mexico,MEX,1.87172853327193,6.04145724018986,Historical,World Bank API,1.87172853327193,6.04145724018986,5.598627552706237
2018-01-01,Mexico,MEX,1.97208209405635,4.89935015356551,Historical,World Bank API,1.97208209405635,4.89935015356551,5.361544636443294
2019-01-01,Mexico,MEX,-0.392690505066824,3.63596142127046,Historical,World Bank API,-0.392690505066824,3.63596142127046,-119.91248266237761
2020-01-01,Mexico,MEX,-8.35403458167995,3.39683415570006,Historical,World Bank API,-8.35403458167995,3.39683415570006,2027.3839000151906
2021-01-01,Mexico,MEX,6.0484834621255,5.68920847683753,Historical,World Bank API,6.0484834621255,5.68920847683753,-172.40194427001262
2022-01-01,Mexico,MEX,3.70975709163623,7.8962761916855,Historical,World Bank API,3.70975709163623,7.8962761916855,-38.66632661119019
2023-01-01,Mexico,MEX,3.35354140652768,5.52796087314389,Historical,World Bank API,3.35354140652768,5.52796087314389,-9.602129635701761
2024-01-01,Mexico,MEX,1.42742769080466,4.72225588452932,Historical,World Bank API,1.42742769080466,4.72225588452932,-57.43521496331707
2000-01-01,"Micronesia, Fed. Sts.",FSM,4.62457361932451,2.15851810619419,Historical,World Bank API,4.62457361932451,2.15851810619419,
2001-01-01,"Micronesia, Fed. Sts.",FSM,1.82014181387615,0.502497351294027,Historical,World Bank API,1.82014181387615,0.502497351294027,-60.64195396802852
2002-01-01,"Micronesia, Fed. Sts.",FSM,0.443232388562762,-0.111442426432945,Historical,World Bank API,0.443232388562762,-0.111442426432945,-75.64846952123692
2003-01-01,"Micronesia, Fed. Sts.",FSM,1.76276569060707,0.126643348208903,Historical,World Bank API,1.76276569060707,0.126643348208903,297.70687704548493
2004-01-01,"Micronesia, Fed. Sts.",FSM,-3.19038314015573,2.27669698247304,Historical,World Bank API,-3.19038314015573,2.27669698247304,-280.98736304863127
2005-01-01,"Micronesia, Fed. Sts.",FSM,2.31413355373383,4.25769978210942,Historical,World Bank API,2.31413355373383,4.25769978210942,-172.53465969673073
2006-01-01,"Micronesia, Fed. Sts.",FSM,-0.198978337483553,4.63737008585635,Historical,World Bank API,-0.198978337483553,4.63737008585635,-108.59839472801833
2007-01-01,"Micronesia, Fed. Sts.",FSM,-1.72367428324624,3.30634278002699,Historical,World Bank API,-1.72367428324624,3.30634278002699,766.2622801282146
2008-01-01,"Micronesia, Fed. Sts.",FSM,-2.5834881422762,8.42372566246186,Historical,World Bank API,-2.5834881422762,8.42372566246186,49.88261804374379
2009-01-01,"Micronesia, Fed. Sts.",FSM,1.09846663749369,6.39360257735201,Historical,World Bank API,1.09846663749369,6.39360257735201,-142.51874121341535
2010-01-01,"Micronesia, Fed. Sts.",FSM,2.06618820882574,3.31370963136217,Historical,World Bank API,2.06618820882574,3.31370963136217,88.097493205624
2011-01-01,"Micronesia, Fed. Sts.",FSM,3.7837208928099,5.08259403890371,Historical,World Bank API,3.7837208928099,5.08259403890371,83.12566476992293
2012-01-01,"Micronesia, Fed. Sts.",FSM,-1.69422024723235,5.01850353045616,Historical,World Bank API,-1.69422024723235,5.01850353045616,-144.7765650593264
2013-01-01,"Micronesia, Fed. Sts.",FSM,-3.67642942893428,1.75232737350762,Historical,World Bank API,-3.67642942893428,1.75232737350762,116.99831736399288
2014-01-01,"Micronesia, Fed. Sts.",FSM,-2.58581649978665,0.650284891767944,Historical,World Bank API,-2.58581649978665,0.650284891767944,-29.665003782318642
2015-01-01,"Micronesia, Fed. Sts.",FSM,4.43363849623874,-0.2981158373807,Historical,World Bank API,4.43363849623874,-0.2981158373807,-271.45990431279824
2016-01-01,"Micronesia, Fed. Sts.",FSM,0.942726461831327,-1.03746806405349,Historical,World Bank API,0.942726461831327,-1.03746806405349,-78.73695695688573
2017-01-01,"Micronesia, Fed. Sts.",FSM,2.17575003627566,0.58225373525489,Historical,World Bank API,2.17575003627566,0.58225373525489,130.79335569398137
2018-01-01,"Micronesia, Fed. Sts.",FSM,0.0,1.49840023593737,Historical,World Bank API,0.0,1.49840023593737,-100.0
2019-01-01,"Micronesia, Fed. Sts.",FSM,4.08163265306123,1.92385170787923,Historical,World Bank API,4.08163265306123,1.92385170787923,inf
2020-01-01,"Micronesia, Fed. Sts.",FSM,-1.67294117647059,0.554594630853174,Historical,World Bank API,-1.67294117647059,0.554594630853174,-140.9870588235294
2021-01-01,"Micronesia, Fed. Sts.",FSM,3.09969928290539,3.19128406597466,Historical,World Bank API,3.09969928290539,3.19128406597466,-285.28441564483677
2022-01-01,"Micronesia, Fed. Sts.",FSM,-2.90588999868474,5.40874375479067,Historical,World Bank API,-2.90588999868474,5.40874375479067,-193.74748107697113
2023-01-01,"Micronesia, Fed. Sts.",FSM,0.453118220707168,,Historical,World Bank API,0.453118220707168,6.747787530076212,-115.59309612243607
2024-01-01,"Micronesia, Fed. Sts.",FSM,0.718990177344025,,Historical,World Bank API,0.718990177344025,6.747787530076212,58.67606829447703
2000-01-01,Moldova,MDA,2.10771608200733,31.2993015817784,Historical,World Bank API,2.10771608200733,31.2993015817784,
2001-01-01,Moldova,MDA,6.10000039929173,9.76466285757643,Historical,World Bank API,6.10000039929173,9.76466285757643,189.4128128244986
2002-01-01,Moldova,MDA,7.79999965773833,5.30124390261588,Historical,World Bank API,7.79999965773833,5.30124390261588,27.868838478174318
2003-01-01,Moldova,MDA,6.59999995777716,11.7460792058232,Historical,World Bank API,6.59999995777716,11.7460792058232,-15.384612213035908
2004-01-01,Moldova,MDA,7.39999973358189,12.5242768428228,Historical,World Bank API,7.39999973358189,12.5242768428228,12.121208801858296
2005-01-01,Moldova,MDA,7.5000001493726,11.9591837222126,Historical,World Bank API,7.5000001493726,11.9591837222126,1.3513570187968948
2006-01-01,Moldova,MDA,4.79999983670831,12.777755783035,Historical,World Bank API,4.79999983670831,12.777755783035,-36.00000345186864
2007-01-01,Moldova,MDA,3.00000022585525,12.3671668414301,Historical,World Bank API,3.00000022585525,12.3671668414301,-37.499993168488174
2008-01-01,Moldova,MDA,7.80000014541523,12.783047261882,Historical,World Bank API,7.80000014541523,12.783047261882,159.99998527305377
2009-01-01,Moldova,MDA,-6.00000026352828,-0.0627185967109436,Historical,World Bank API,-6.00000026352828,-0.0627185967109436,-176.92307886756936
2010-01-01,Moldova,MDA,7.10000010705836,7.48385086350851,Historical,World Bank API,7.10000010705836,7.48385086350851,-218.33332992027619
2011-01-01,Moldova,MDA,5.81816614684824,7.68725103356181,Historical,World Bank API,5.81816614684824,7.68725103356181,-18.053999167349367
2012-01-01,Moldova,MDA,-0.589733954762579,4.54633427355302,Historical,World Bank API,-0.589733954762579,4.54633427355302,-110.13607964911839
2013-01-01,Moldova,MDA,9.0438656074181,4.59787897363136,Historical,World Bank API,9.0438656074181,4.59787897363136,-1633.5500922715348
2014-01-01,Moldova,MDA,4.99962585407656,5.08878554625869,Historical,World Bank API,4.99962585407656,5.08878554625869,-44.71804346610714
2015-01-01,Moldova,MDA,-0.338235622387202,9.67624033101867,Historical,World Bank API,-0.338235622387202,9.67624033101867,-106.76521868354236
2016-01-01,Moldova,MDA,4.64601436259409,6.35930898037931,Historical,World Bank API,4.64601436259409,6.35930898037931,-1473.602913200985
2017-01-01,Moldova,MDA,4.17561205106279,6.57022997455597,Historical,World Bank API,4.17561205106279,6.57022997455597,-10.124857024089184
2018-01-01,Moldova,MDA,4.07559546585034,3.04505397337071,Historical,World Bank API,4.07559546585034,3.04505397337071,-2.395255689210707
2019-01-01,Moldova,MDA,3.5523140853476,4.83778351428734,Historical,World Bank API,3.5523140853476,4.83778351428734,-12.839384695741918
2020-01-01,Moldova,MDA,-8.27597831976949,3.76597122245351,Historical,World Bank API,-8.27597831976949,3.76597122245351,-332.9742843941028
2021-01-01,Moldova,MDA,13.9299997889786,5.10641129002841,Historical,World Bank API,13.9299997889786,5.10641129002841,-268.31846641868185
2022-01-01,Moldova,MDA,-4.6000000255323,28.7372976766235,Historical,World Bank API,-4.6000000255323,28.7372976766235,-133.02225481131603
2023-01-01,Moldova,MDA,1.2000000493378,13.4170104381299,Historical,World Bank API,1.2000000493378,13.4170104381299,-126.08695744950434
2024-01-01,Moldova,MDA,0.103059364371205,4.67773516007052,Historical,World Bank API,0.103059364371205,4.67773516007052,-91.41171998883861
2000-01-01,Monaco,MCO,3.91022992758094,,Historical,World Bank API,3.91022992758094,6.747787530076212,
2001-01-01,Monaco,MCO,2.18773369040099,,Historical,World Bank API,2.18773369040099,6.747787530076212,-44.05102178340624
2002-01-01,Monaco,MCO,1.02649757327522,,Historical,World Bank API,1.02649757327522,6.747787530076212,-53.07940917218891
2003-01-01,Monaco,MCO,1.08753654746801,,Historical,World Bank API,1.08753654746801,6.747787530076212,5.946333998436515
2004-01-01,Monaco,MCO,2.47048260499609,,Historical,World Bank API,2.47048260499609,6.747787530076212,127.16318000970533
2005-01-01,Monaco,MCO,1.89541410859198,,Historical,World Bank API,1.89541410859198,6.747787530076212,-23.27757723293179
2006-01-01,Monaco,MCO,5.81764849670007,,Historical,World Bank API,5.81764849670007,6.747787530076212,206.93284756763498
2007-01-01,Monaco,MCO,14.4375144375144,,Historical,World Bank API,14.4375144375144,6.747787530076212,148.1675275792918
2008-01-01,Monaco,MCO,0.746871215179652,,Historical,World Bank API,0.746871215179652,6.747787530076212,-94.82687121517964
2009-01-01,Monaco,MCO,-11.3369865758365,,Historical,World Bank API,-11.3369865758365,6.747787530076212,-1617.9305809917316
2010-01-01,Monaco,MCO,2.06521962654098,,Historical,World Bank API,2.06521962654098,6.747787530076212,-118.21665407051607
2011-01-01,Monaco,MCO,7.02235694617619,,Historical,World Bank API,7.02235694617619,6.747787530076212,240.0295472660155
2012-01-01,Monaco,MCO,1.01221841230461,,Historical,World Bank API,1.01221841230461,6.747787530076212,-85.5857738354388
2013-01-01,Monaco,MCO,9.57709832354816,,Historical,World Bank API,9.57709832354816,6.747787530076212,846.1493890180387
2014-01-01,Monaco,MCO,7.18702777537968,,Historical,World Bank API,7.18702777537968,6.747787530076212,-24.956103272864784
2015-01-01,Monaco,MCO,4.91037176536236,,Historical,World Bank API,4.91037176536236,6.747787530076212,-31.67729527658668
2016-01-01,Monaco,MCO,3.00844358752744,,Historical,World Bank API,3.00844358752744,6.747787530076212,-38.73287540570908
2017-01-01,Monaco,MCO,-3.20618323813213,,Historical,World Bank API,-3.20618323813213,6.747787530076212,-206.57282228672958
2018-01-01,Monaco,MCO,5.69790121192926,,Historical,World Bank API,5.69790121192926,6.747787530076212,-277.7160189774046
2019-01-01,Monaco,MCO,7.12088951975396,,Historical,World Bank API,7.12088951975396,6.747787530076212,24.9739027564307
2020-01-01,Monaco,MCO,-13.2391048292108,,Historical,World Bank API,-13.2391048292108,6.747787530076212,-285.9192561896148
2021-01-01,Monaco,MCO,22.2322155851208,,Historical,World Bank API,22.2322155851208,6.747787530076212,-267.9283899623453
2022-01-01,Monaco,MCO,11.2662955198601,,Historical,World Bank API,11.2662955198601,6.747787530076212,-49.32445901882936
2023-01-01,Monaco,MCO,5.44395088840088,,Historical,World Bank API,5.44395088840088,6.747787530076212,-51.679317493453425
2024-01-01,Monaco,MCO,8.51053758860212,,Historical,World Bank API,8.51053758860212,6.747787530076212,56.33016834768006
2000-01-01,Mongolia,MNG,1.14606213709108,11.5955387593327,Historical,World Bank API,1.14606213709108,11.5955387593327,
2001-01-01,Mongolia,MNG,2.95271054338117,6.27736020484006,Historical,World Bank API,2.95271054338117,6.27736020484006,157.63965563644757
2002-01-01,Mongolia,MNG,4.73297846590111,0.91707468718427,Historical,World Bank API,4.73297846590111,0.91707468718427,60.2926665639681
2003-01-01,Mongolia,MNG,7.00463457384886,5.12899499422419,Historical,World Bank API,7.00463457384886,5.12899499422419,47.99633305568507
2004-01-01,Mongolia,MNG,10.6254059599309,8.24115449417619,Historical,World Bank API,10.6254059599309,8.24115449417619,51.69108178176556
2005-01-01,Mongolia,MNG,7.25366543796015,12.7165674066053,Historical,World Bank API,7.25366543796015,12.7165674066053,-31.732815994850494
2006-01-01,Mongolia,MNG,8.55623481664365,5.09516661663157,Historical,World Bank API,8.55623481664365,5.09516661663157,17.957395331012194
2007-01-01,Mongolia,MNG,10.2480163590057,9.63096309630964,Historical,World Bank API,10.2480163590057,9.63096309630964,19.772500154754802
2008-01-01,Mongolia,MNG,8.90036794067551,27.9556650246306,Historical,World Bank API,8.90036794067551,27.9556650246306,-13.150334378085859
2009-01-01,Mongolia,MNG,-1.26859893608282,7.6195059351941,Historical,World Bank API,-1.26859893608282,7.6195059351941,-114.25333137392224
2010-01-01,Mongolia,MNG,6.3651616786311,10.0462065881651,Historical,World Bank API,6.3651616786311,10.0462065881651,-601.7473606185929
2011-01-01,Mongolia,MNG,17.2907775869555,8.41121495327101,Historical,World Bank API,17.2907775869555,8.41121495327101,171.64710748830618
2012-01-01,Mongolia,MNG,12.3198198494032,14.3303348325838,Historical,World Bank API,12.3198198494032,14.3303348325838,-28.749185584935688
2013-01-01,Mongolia,MNG,11.6489161878925,10.4906567588241,Historical,World Bank API,11.6489161878925,10.4906567588241,-5.445726233920533
2014-01-01,Mongolia,MNG,7.88522548204762,12.2539808129759,Historical,World Bank API,7.88522548204762,12.2539808129759,-32.30936376516071
2015-01-01,Mongolia,MNG,2.37983580731722,5.73568281938327,Historical,World Bank API,2.37983580731722,5.73568281938327,-69.8190519378879
2016-01-01,Mongolia,MNG,1.48978448679577,0.733272227314397,Historical,World Bank API,1.48978448679577,0.733272227314397,-37.399694457274414
2017-01-01,Mongolia,MNG,5.63687638694772,4.30143105302342,Historical,World Bank API,5.63687638694772,4.30143105302342,278.3685786037093
2018-01-01,Mongolia,MNG,7.74488062024881,6.82424790145522,Historical,World Bank API,7.74488062024881,6.82424790145522,37.396673061382145
2019-01-01,Mongolia,MNG,5.60224422064255,7.30106953550729,Historical,World Bank API,5.60224422064255,7.30106953550729,-27.66519594897805
2020-01-01,Mongolia,MNG,-4.55775197583431,3.7237230614026,Historical,World Bank API,-4.55775197583431,3.7237230614026,-181.35582449334132
2021-01-01,Mongolia,MNG,1.63676957736662,7.35894657888155,Historical,World Bank API,1.63676957736662,7.35894657888155,-135.91177374383133
2022-01-01,Mongolia,MNG,5.0327096366527,15.1509728200805,Historical,World Bank API,5.0327096366527,15.1509728200805,207.47820012330442
2023-01-01,Mongolia,MNG,7.4221127615025,10.347583131434,Historical,World Bank API,7.4221127615025,10.347583131434,47.477468349217425
2024-01-01,Mongolia,MNG,5.12204539122661,6.20713301510303,Historical,World Bank API,5.12204539122661,6.20713301510303,-30.98938865771522
2000-01-01,Montenegro,MNE,3.10000005928038,,Historical,World Bank API,3.10000005928038,6.747787530076212,
2001-01-01,Montenegro,MNE,1.09983870937087,,Historical,World Bank API,1.09983870937087,6.747787530076212,-64.52133263422641
2002-01-01,Montenegro,MNE,1.90393673332888,,Historical,World Bank API,1.90393673332888,6.747787530076212,73.11054040078027
2003-01-01,Montenegro,MNE,2.48265922878505,,Historical,World Bank API,2.48265922878505,6.747787530076212,30.39609905757321
2004-01-01,Montenegro,MNE,4.42605071745108,,Historical,World Bank API,4.42605071745108,6.747787530076212,78.27862423217367
2005-01-01,Montenegro,MNE,4.18060450885471,,Historical,World Bank API,4.18060450885471,6.747787530076212,-5.545490195777059
2006-01-01,Montenegro,MNE,8.56641802964204,2.92451258123648,Historical,World Bank API,8.56641802964204,2.92451258123648,104.90859662754461
2007-01-01,Montenegro,MNE,7.13755016459636,4.34712215656112,Historical,World Bank API,7.13755016459636,4.34712215656112,-16.679875533757816
2008-01-01,Montenegro,MNE,6.89860030860218,8.75872769588798,Historical,World Bank API,6.89860030860218,8.75872769588798,-3.347785311260121
2009-01-01,Montenegro,MNE,-5.99444862538753,3.46672373207793,Historical,World Bank API,-5.99444862538753,3.46672373207793,-186.893693752815
2010-01-01,Montenegro,MNE,2.77559782547836,0.654946570148479,Historical,World Bank API,2.77559782547836,0.654946570148479,-146.30280446016707
2011-01-01,Montenegro,MNE,3.40978812497193,3.4501431124869,Historical,World Bank API,3.40978812497193,3.4501431124869,22.848782113607193
2012-01-01,Montenegro,MNE,-2.48732882965353,4.14524724981119,Historical,World Bank API,-2.48732882965353,4.14524724981119,-172.94672684901812
2013-01-01,Montenegro,MNE,3.38612548540247,2.20589268141178,Historical,World Bank API,3.38612548540247,2.20589268141178,-236.13501540422126
2014-01-01,Montenegro,MNE,2.37030892464516,-0.710514051710227,Historical,World Bank API,2.37030892464516,-0.710514051710227,-29.99937731594644
2015-01-01,Montenegro,MNE,2.52306333975571,1.54869158222486,Historical,World Bank API,2.52306333975571,1.54869158222486,6.444493944324892
2016-01-01,Montenegro,MNE,3.4393056210999,-0.271385023385176,Historical,World Bank API,3.4393056210999,-0.271385023385176,36.31467616793573
2017-01-01,Montenegro,MNE,3.21668504736274,2.3802359905313,Historical,World Bank API,3.21668504736274,2.3802359905313,-6.472834876069122
2018-01-01,Montenegro,MNE,4.73292113433965,2.611223782638,Historical,World Bank API,4.73292113433965,2.611223782638,47.13660382200069
2019-01-01,Montenegro,MNE,4.39391565821528,0.361563704540767,Historical,World Bank API,4.39391565821528,0.361563704540767,-7.162711283412682
2020-01-01,Montenegro,MNE,-14.9926187023533,-0.255655699848551,Historical,World Bank API,-14.9926187023533,-0.255655699848551,-441.2131653988779
2021-01-01,Montenegro,MNE,13.0462607426359,2.41080198403165,Historical,World Bank API,13.0462607426359,2.41080198403165,-187.0178919483099
2022-01-01,Montenegro,MNE,7.73954689516201,13.0403036347004,Historical,World Bank API,7.73954689516201,13.0403036347004,-40.67612898561238
2023-01-01,Montenegro,MNE,6.47836283518564,8.58476910455403,Historical,World Bank API,6.47836283518564,8.58476910455403,-16.295321639109595
2024-01-01,Montenegro,MNE,3.16409886329913,3.33675009282281,Historical,World Bank API,3.16409886329913,3.33675009282281,-51.158974206969354
2000-01-01,Morocco,MAR,2.58218091499747,1.89463456763464,Historical,World Bank API,2.58218091499747,1.89463456763464,
2001-01-01,Morocco,MAR,7.72182519577728,0.619801875297975,Historical,World Bank API,7.72182519577728,0.619801875297975,199.042764623053
2002-01-01,Morocco,MAR,3.73019737485745,2.79561966936936,Historical,World Bank API,3.73019737485745,2.79561966936936,-51.692802151266925
2003-01-01,Morocco,MAR,6.17110214953244,1.16773367477592,Historical,World Bank API,6.17110214953244,1.16773367477592,65.43634369396526
2004-01-01,Morocco,MAR,4.57138016516208,1.49344403381774,Historical,World Bank API,4.57138016516208,1.49344403381774,-25.92279216268628
2005-01-01,Morocco,MAR,3.19224973015831,0.982641660015951,Historical,World Bank API,3.19224973015831,0.982641660015951,-30.168797719208552
2006-01-01,Morocco,MAR,7.7908200104027,3.28476166954811,Historical,World Bank API,7.7908200104027,3.28476166954811,144.0542147063268
2007-01-01,Morocco,MAR,3.44106776690418,2.04208512673344,Historical,World Bank API,3.44106776690418,2.04208512673344,-55.831764020866984
2008-01-01,Morocco,MAR,5.68453936284732,3.71484311494064,Historical,World Bank API,5.68453936284732,3.71484311494064,65.19696059230826
2009-01-01,Morocco,MAR,3.74576940136258,0.971862998667636,Historical,World Bank API,3.74576940136258,0.971862998667636,-34.10601700035784
2010-01-01,Morocco,MAR,3.49955709403216,0.993557401226392,Historical,World Bank API,3.49955709403216,0.993557401226392,-6.573077008981299
2011-01-01,Morocco,MAR,5.52464523319847,0.9069249096918,Historical,World Bank API,5.52464523319847,0.9069249096918,57.86698387117954
2012-01-01,Morocco,MAR,3.06234368502997,1.28712240079219,Historical,World Bank API,3.06234368502997,1.28712240079219,-44.56940571264448
2013-01-01,Morocco,MAR,4.12221286860944,1.88065466724086,Historical,World Bank API,4.12221286860944,1.88065466724086,34.60973987866085
2014-01-01,Morocco,MAR,2.7192440802029,0.442310053557048,Historical,World Bank API,2.7192440802029,0.442310053557048,-34.03436050307145
2015-01-01,Morocco,MAR,4.34458297635238,1.5579071134626,Historical,World Bank API,4.34458297635238,1.5579071134626,59.771717735180395
2016-01-01,Morocco,MAR,0.52118550608968,1.63531114327064,Historical,World Bank API,0.52118550608968,1.63531114327064,-88.00378519810764
2017-01-01,Morocco,MAR,5.05789816173446,0.754663249323619,Historical,World Bank API,5.05789816173446,0.754663249323619,870.4602493040458
2018-01-01,Morocco,MAR,3.06564133025955,1.80391671141896,Historical,World Bank API,3.06564133025955,1.80391671141896,-39.38902618774205
2019-01-01,Morocco,MAR,2.89097476137077,0.303386036590383,Historical,World Bank API,2.89097476137077,0.303386036590383,-5.697553955993683
2020-01-01,Morocco,MAR,-7.17820744246774,0.705968661338261,Historical,World Bank API,-7.17820744246774,0.705968661338261,-348.2971328004316
2021-01-01,Morocco,MAR,8.15473889823681,1.40195883962006,Historical,World Bank API,8.15473889823681,1.40195883962006,-213.60411305462856
2022-01-01,Morocco,MAR,1.81269242194809,6.65704202759067,Historical,World Bank API,1.81269242194809,6.65704202759067,-77.77130028847368
2023-01-01,Morocco,MAR,3.65564411017931,6.09114152504141,Historical,World Bank API,3.65564411017931,6.09114152504141,101.66929954121011
2024-01-01,Morocco,MAR,3.79336515978963,0.985256592004507,Historical,World Bank API,3.79336515978963,0.985256592004507,3.7673538632174264
2000-01-01,Mozambique,MOZ,0.766234955773442,,Historical,World Bank API,0.766234955773442,6.747787530076212,
2001-01-01,Mozambique,MOZ,12.8516820207736,,Historical,World Bank API,12.8516820207736,6.747787530076212,1577.250812422286
2002-01-01,Mozambique,MOZ,9.66850534669427,,Historical,World Bank API,9.66850534669427,6.747787530076212,-24.768560791762585
2003-01-01,Mozambique,MOZ,7.21770086569656,,Historical,World Bank API,7.21770086569656,6.747787530076212,-25.348328341522365
2004-01-01,Mozambique,MOZ,8.20470494788577,,Historical,World Bank API,8.20470494788577,6.747787530076212,13.674771240245299
2005-01-01,Mozambique,MOZ,6.31202378023193,6.42755278070087,Historical,World Bank API,6.31202378023193,6.42755278070087,-23.06824169395093
2006-01-01,Mozambique,MOZ,9.91067756782915,13.2450879070999,Historical,World Bank API,9.91067756782915,13.2450879070999,57.012677912708874
2007-01-01,Mozambique,MOZ,7.64935393795867,8.48948675497455,Historical,World Bank API,7.64935393795867,8.48948675497455,-22.817043682370585
2008-01-01,Mozambique,MOZ,6.87802942560995,14.5028053002268,Historical,World Bank API,6.87802942560995,14.5028053002268,-10.08352494347462
2009-01-01,Mozambique,MOZ,5.92897187460815,3.78861330914625,Historical,World Bank API,5.92897187460815,3.78861330914625,-13.798393293695987
2010-01-01,Mozambique,MOZ,6.67972935662864,12.4255421735156,Historical,World Bank API,6.67972935662864,12.4255421735156,12.662523923173573
2011-01-01,Mozambique,MOZ,7.13405842300445,11.1666056127874,Historical,World Bank API,7.13405842300445,11.1666056127874,6.80160889939283
2012-01-01,Mozambique,MOZ,7.9945031610722,2.60245456956618,Historical,World Bank API,7.9945031610722,2.60245456956618,12.061083426134612
2013-01-01,Mozambique,MOZ,6.57141389665537,4.26135250941963,Historical,World Bank API,6.57141389665537,4.26135250941963,-17.800846853702023
2014-01-01,Mozambique,MOZ,7.70256844839309,2.55974875844295,Historical,World Bank API,7.70256844839309,2.55974875844295,17.213259878721686
2015-01-01,Mozambique,MOZ,7.3930936986377,3.55075967356746,Historical,World Bank API,7.3930936986377,3.55075967356746,-4.017812393734099
2016-01-01,Mozambique,MOZ,4.69699024225795,17.4180418197597,Historical,World Bank API,4.69699024225795,17.4180418197597,-36.46786536570681
2017-01-01,Mozambique,MOZ,2.63820737310658,15.1132073899384,Historical,World Bank API,2.63820737310658,15.1132073899384,-43.83195967981545
2018-01-01,Mozambique,MOZ,3.48493202422782,3.91133439990729,Historical,World Bank API,3.48493202422782,3.91133439990729,32.09469656375772
2019-01-01,Mozambique,MOZ,2.31781394821475,2.80270307928111,Historical,World Bank API,2.31781394821475,2.80270307928111,-33.4904115173287
2020-01-01,Mozambique,MOZ,-1.21952250011192,3.48393567493204,Historical,World Bank API,-1.21952250011192,3.48393567493204,-152.6152024001423
2021-01-01,Mozambique,MOZ,2.37743572761507,6.40847652975692,Historical,World Bank API,2.37743572761507,6.40847652975692,-294.9480823352488
2022-01-01,Mozambique,MOZ,4.36445074432608,10.2794018093421,Historical,World Bank API,4.36445074432608,10.2794018093421,83.57807505081485
2023-01-01,Mozambique,MOZ,5.48149036541776,7.12697482131851,Historical,World Bank API,5.48149036541776,7.12697482131851,25.594048060775254
2024-01-01,Mozambique,MOZ,2.14854964610538,4.07856834812022,Historical,World Bank API,2.14854964610538,4.07856834812022,-60.80354971231199
2000-01-01,Myanmar,MMR,13.7459305561226,-0.109165514668565,Historical,World Bank API,13.7459305561226,-0.109165514668565,
2001-01-01,Myanmar,MMR,11.3439970699605,21.101305376923,Historical,World Bank API,11.3439970699605,21.101305376923,-17.47377870385247
2002-01-01,Myanmar,MMR,12.0255134340315,57.0745112621703,Historical,World Bank API,12.0255134340315,57.0745112621703,6.007726904969779
2003-01-01,Myanmar,MMR,13.8439968903798,36.5897175323924,Historical,World Bank API,13.8439968903798,36.5897175323924,15.121877883418255
2004-01-01,Myanmar,MMR,13.5646616163416,4.53421374129692,Historical,World Bank API,13.5646616163416,4.53421374129692,-2.017735746764804
2005-01-01,Myanmar,MMR,13.5689500216456,9.36861814196704,Historical,World Bank API,13.5689500216456,9.36861814196704,0.031614539494562166
2006-01-01,Myanmar,MMR,13.0761013792372,19.9964873359214,Historical,World Bank API,13.0761013792372,19.9964873359214,-3.6321796573956955
2007-01-01,Myanmar,MMR,11.9914352402146,35.0245970717698,Historical,World Bank API,11.9914352402146,35.0245970717698,-8.295026992868682
2008-01-01,Myanmar,MMR,10.2553053929808,26.7995371934022,Historical,World Bank API,10.2553053929808,26.7995371934022,-14.478082168275375
2009-01-01,Myanmar,MMR,10.5500090961932,1.47234311385647,Historical,World Bank API,10.5500090961932,1.47234311385647,2.873670670150008
2010-01-01,Myanmar,MMR,9.6344394520444,7.71838195873614,Historical,World Bank API,9.6344394520444,7.71838195873614,-8.678377770111767
2011-01-01,Myanmar,MMR,5.59148237823661,5.0214601462073,Historical,World Bank API,5.59148237823661,5.0214601462073,-41.96359418658121
2012-01-01,Myanmar,MMR,7.33267044704149,1.46758322674679,Historical,World Bank API,7.33267044704149,1.46758322674679,31.14000815923166
2013-01-01,Myanmar,MMR,8.42600102501767,5.64303883425501,Historical,World Bank API,8.42600102501767,5.64303883425501,14.910401140655448
2014-01-01,Myanmar,MMR,8.16990745558277,4.953299184844,Historical,World Bank API,8.16990745558277,4.953299184844,-3.0393251635566054
2015-01-01,Myanmar,MMR,6.99284029026121,9.45417189526018,Historical,World Bank API,6.99284029026121,9.45417189526018,-14.407350043080736
2016-01-01,Myanmar,MMR,5.86247291518572,6.92882525816076,Historical,World Bank API,5.86247291518572,6.92882525816076,-16.16463880420279
2017-01-01,Myanmar,MMR,6.13610824360305,4.5725365531752,Historical,World Bank API,6.13610824360305,4.5725365531752,4.667575140663338
2018-01-01,Myanmar,MMR,6.26886221471075,6.87232865662935,Historical,World Bank API,6.26886221471075,6.87232865662935,2.163488091105581
2019-01-01,Myanmar,MMR,6.57911006765414,8.82506696804558,Historical,World Bank API,6.57911006765414,8.82506696804558,4.94902970136033
2020-01-01,Myanmar,MMR,-9.04834717984643,,Historical,World Bank API,-9.04834717984643,6.747787530076212,-237.5314759412853
2021-01-01,Myanmar,MMR,-12.0163724829177,,Historical,World Bank API,-12.0163724829177,6.747787530076212,32.80185037198851
2022-01-01,Myanmar,MMR,4.0374934360085,,Historical,World Bank API,4.0374934360085,6.747787530076212,-133.59993576886987
2023-01-01,Myanmar,MMR,0.958446625126115,,Historical,World Bank API,0.958446625126115,6.747787530076212,-76.2613453045352
2024-01-01,Myanmar,MMR,-0.97204641363362,,Historical,World Bank API,-0.97204641363362,6.747787530076212,-201.418940622355
2000-01-01,Namibia,NAM,3.49218336365178,,Historical,World Bank API,3.49218336365178,6.747787530076212,
2001-01-01,Namibia,NAM,1.17794869467917,,Historical,World Bank API,1.17794869467917,6.747787530076212,-66.26899071395302
2002-01-01,Namibia,NAM,4.7886612188211,,Historical,World Bank API,4.7886612188211,6.747787530076212,306.5254488970214
2003-01-01,Namibia,NAM,4.23979429582137,7.1361531145863,Historical,World Bank API,4.23979429582137,7.1361531145863,-11.461803162071538
2004-01-01,Namibia,NAM,12.2695481036769,4.13663213144748,Historical,World Bank API,12.2695481036769,4.13663213144748,189.39017432448188
2005-01-01,Namibia,NAM,2.52926265819022,2.28194607024307,Historical,World Bank API,2.52926265819022,2.28194607024307,-79.38585319672646
2006-01-01,Namibia,NAM,7.07317531845825,4.96116689298916,Historical,World Bank API,7.07317531845825,4.96116689298916,179.6536490804544
2007-01-01,Namibia,NAM,5.37404415167634,6.54788141101717,Historical,World Bank API,5.37404415167634,6.54788141101717,-24.02218367679697
2008-01-01,Namibia,NAM,2.64981203780268,9.0946430719281,Historical,World Bank API,2.64981203780268,9.0946430719281,-50.69240290896909
2009-01-01,Namibia,NAM,0.295970914001089,9.45172651521705,Historical,World Bank API,0.295970914001089,9.45172651521705,-88.83049402075632
2010-01-01,Namibia,NAM,6.03924947955858,4.8749198764395,Historical,World Bank API,6.03924947955858,4.8749198764395,1940.4874918000758
2011-01-01,Namibia,NAM,5.09133813864338,5.005595180812,Historical,World Bank API,5.09133813864338,5.005595180812,-15.695846712801886
2012-01-01,Namibia,NAM,5.0616820696264,6.72199777334886,Historical,World Bank API,5.0616820696264,6.72199777334886,-0.5824808372457024
2013-01-01,Namibia,NAM,5.61471962254485,5.60092502290401,Historical,World Bank API,5.61471962254485,5.60092502290401,10.925963845834152
2014-01-01,Namibia,NAM,6.09251915977956,5.35016966859602,Historical,World Bank API,6.09251915977956,5.35016966859602,8.509766637610806
2015-01-01,Namibia,NAM,4.26417453763675,3.39401538410559,Historical,World Bank API,4.26417453763675,3.39401538410559,-30.009665529044693
2016-01-01,Namibia,NAM,0.0337944502063294,6.72858234593338,Historical,World Bank API,0.0337944502063294,6.72858234593338,-99.20747966791579
2017-01-01,Namibia,NAM,-1.02724808856709,6.14579981111164,Historical,World Bank API,-1.02724808856709,6.14579981111164,-3139.6946312051427
2018-01-01,Namibia,NAM,1.05993949860752,4.29159105337875,Historical,World Bank API,1.05993949860752,4.29159105337875,-203.18242597910609
2019-01-01,Namibia,NAM,-0.839152163419357,3.72239414422695,Historical,World Bank API,-0.839152163419357,3.72239414422695,-179.16981719445127
2020-01-01,Namibia,NAM,-8.10140201443319,2.20938236933469,Historical,World Bank API,-8.10140201443319,2.20938236933469,865.4270545429799
2021-01-01,Namibia,NAM,3.60382919248703,3.61690530108814,Historical,World Bank API,3.60382919248703,3.61690530108814,-144.4840187669562
2022-01-01,Namibia,NAM,5.3987247803654,6.08128114112413,Historical,World Bank API,5.3987247803654,6.08128114112413,49.80523471035261
2023-01-01,Namibia,NAM,4.44280600303956,5.87993463284275,Historical,World Bank API,4.44280600303956,5.87993463284275,-17.706380973566528
2024-01-01,Namibia,NAM,3.71154502416731,4.23903922877036,Historical,World Bank API,3.71154502416731,4.23903922877036,-16.45943978584604
2000-01-01,Nauru,NRU,-6.85619346501754,,Historical,World Bank API,-6.85619346501754,6.747787530076212,
2001-01-01,Nauru,NRU,-6.76108886950998,,Historical,World Bank API,-6.76108886950998,6.747787530076212,-1.3871340707174329
2002-01-01,Nauru,NRU,-9.97138355338151,,Historical,World Bank API,-9.97138355338151,6.747787530076212,47.48191816186262
2003-01-01,Nauru,NRU,0.28465686231101,,Historical,World Bank API,0.28465686231101,6.747787530076212,-102.85473786849244
2004-01-01,Nauru,NRU,-4.3148265049213,,Historical,World Bank API,-4.3148265049213,6.747787530076212,-1615.7992222253238
2005-01-01,Nauru,NRU,0.0,,Historical,World Bank API,0.0,6.747787530076212,-100.0
2006-01-01,Nauru,NRU,8.45070422535204,,Historical,World Bank API,8.45070422535204,6.747787530076212,inf
2007-01-01,Nauru,NRU,-22.077922077922,,Historical,World Bank API,-22.077922077922,6.747787530076212,-361.25541125541264
2008-01-01,Nauru,NRU,19.9999999999999,,Historical,World Bank API,19.9999999999999,6.747787530076212,-190.5882352941175
2009-01-01,Nauru,NRU,-5.55555555555564,,Historical,World Bank API,-5.55555555555564,6.747787530076212,-127.77777777777834
2010-01-01,Nauru,NRU,0.0,,Historical,World Bank API,0.0,6.747787530076212,-100.0
2011-01-01,Nauru,NRU,14.7058823529412,0.3003003003003,Historical,World Bank API,14.7058823529412,0.3003003003003,inf
2012-01-01,Nauru,NRU,24.3589743589745,-0.124750499001971,Historical,World Bank API,24.3589743589745,-0.124750499001971,65.64102564102632
2013-01-01,Nauru,NRU,4.12371134020613,,Historical,World Bank API,4.12371134020613,6.747787530076212,-83.07107976125914
2014-01-01,Nauru,NRU,15.8415841584163,,Historical,World Bank API,15.8415841584163,6.747787530076212,284.15841584160046
2015-01-01,Nauru,NRU,3.41880341880281,,Historical,World Bank API,3.41880341880281,6.747787530076212,-78.4188034188079
2016-01-01,Nauru,NRU,4.13223140495909,,Historical,World Bank API,4.13223140495909,6.747787530076212,20.86776859507491
2017-01-01,Nauru,NRU,-6.34920634920697,,Historical,World Bank API,-6.34920634920697,6.747787530076212,-253.65079365079333
2018-01-01,Nauru,NRU,-0.847457627117805,,Historical,World Bank API,-0.847457627117805,6.747787530076212,-86.65254237289588
2019-01-01,Nauru,NRU,8.5470085470084,,Historical,World Bank API,8.5470085470084,6.747787530076212,-1108.5470085479897
2020-01-01,Nauru,NRU,1.57480314960559,,Historical,World Bank API,1.57480314960559,6.747787530076212,-81.57480314961427
2021-01-01,Nauru,NRU,7.75193798449692,,Historical,World Bank API,7.75193798449692,6.747787530076212,392.2480620157761
2022-01-01,Nauru,NRU,2.87769784172609,,Historical,World Bank API,2.87769784172609,6.747787530076212,-62.877697841737245
2023-01-01,Nauru,NRU,0.699300699300778,,Historical,World Bank API,0.699300699300778,6.747787530076212,-75.6993006992935
2024-01-01,Nauru,NRU,1.38888888888904,,Historical,World Bank API,1.38888888888904,6.747787530076212,98.61111111111039
2000-01-01,Nepal,NPL,6.19999998192236,2.47882020709136,Historical,World Bank API,6.19999998192236,2.47882020709136,
2001-01-01,Nepal,NPL,4.79989214255407,2.6883037354563,Historical,World Bank API,4.79989214255407,2.6883037354563,-22.58238457178472
2002-01-01,Nepal,NPL,0.120143177369414,3.02939948714892,Historical,World Bank API,0.120143177369414,3.02939948714892,-97.4969608940945
2003-01-01,Nepal,NPL,3.94503776051116,5.70700931874738,Historical,World Bank API,3.94503776051116,5.70700931874738,3183.6136407322
2004-01-01,Nepal,NPL,4.68260325152944,2.8418113124898,Historical,World Bank API,4.68260325152944,2.8418113124898,18.696031211693985
2005-01-01,Nepal,NPL,3.47918104829496,6.83633265892877,Historical,World Bank API,3.47918104829496,6.83633265892877,-25.699854089526298
2006-01-01,Nepal,NPL,3.36461478056277,6.92033580707589,Historical,World Bank API,3.36461478056277,6.92033580707589,-3.2929090536502947
2007-01-01,Nepal,NPL,3.41156027980276,2.26921924439074,Historical,World Bank API,3.41156027980276,2.26921924439074,1.3952711469732648
2008-01-01,Nepal,NPL,6.10463914373472,9.9078300530648,Historical,World Bank API,6.10463914373472,9.9078300530648,78.9398000637896
2009-01-01,Nepal,NPL,4.5330787246486,11.0948237386987,Historical,World Bank API,4.5330787246486,11.0948237386987,-25.74370707397233
2010-01-01,Nepal,NPL,4.81641464694573,9.32650410745395,Historical,World Bank API,4.81641464694573,9.32650410745395,6.2504081554218605
2011-01-01,Nepal,NPL,3.42180870116162,9.2270754612596,Historical,World Bank API,3.42180870116162,9.2270754612596,-28.955271670151618
2012-01-01,Nepal,NPL,4.67014192446953,9.45980980357125,Historical,World Bank API,4.67014192446953,9.45980980357125,36.481677742070495
2013-01-01,Nepal,NPL,3.52515317129149,9.04016311917645,Historical,World Bank API,3.52515317129149,9.04016311917645,-24.517215358676637
2014-01-01,Nepal,NPL,6.01148284250441,8.36415469659563,Historical,World Bank API,6.01148284250441,8.36415469659563,70.53111029220946
2015-01-01,Nepal,NPL,3.97605327162971,7.86890895590891,Historical,World Bank API,3.97605327162971,7.86890895590891,-33.85902653639998
2016-01-01,Nepal,NPL,0.433113719381524,8.7903433200464,Historical,World Bank API,0.433113719381524,8.7903433200464,-89.10694375068071
2017-01-01,Nepal,NPL,8.97727935643466,2.77703998300211,Historical,World Bank API,8.97727935643466,2.77703998300211,1972.7303141664504
2018-01-01,Nepal,NPL,7.62237610397935,4.40659410175714,Historical,World Bank API,7.62237610397935,4.40659410175714,-15.092582046966763
2019-01-01,Nepal,NPL,6.65705543110467,5.56616035243723,Historical,World Bank API,6.65705543110467,5.56616035243723,-12.664301258641942
2020-01-01,Nepal,NPL,-2.3696206292072,5.05635826238499,Historical,World Bank API,-2.3696206292072,5.05635826238499,-135.595627131709
2021-01-01,Nepal,NPL,4.838149614115,4.12676744440695,Historical,World Bank API,4.838149614115,4.12676744440695,-304.17401648523344
2022-01-01,Nepal,NPL,5.6313145568451,7.6702057938028,Historical,World Bank API,5.6313145568451,7.6702057938028,16.393973026714413
2023-01-01,Nepal,NPL,1.98254843628392,7.11587261530826,Historical,World Bank API,1.98254843628392,7.11587261530826,-64.79421605255476
2024-01-01,Nepal,NPL,3.66537430744967,4.6850965426577,Historical,World Bank API,3.66537430744967,4.6850965426577,84.88195498113686
2000-01-01,Netherlands,NLD,4.2197537762102,2.36052233801948,Historical,World Bank API,4.2197537762102,2.36052233801948,
2001-01-01,Netherlands,NLD,2.32357570819386,4.15584127195613,Historical,World Bank API,2.32357570819386,4.15584127195613,-44.93575143427717
2002-01-01,Netherlands,NLD,0.245785659129112,3.28753104712771,Historical,World Bank API,0.245785659129112,3.28753104712771,-89.42209379008513
2003-01-01,Netherlands,NLD,0.097832364227159,2.09199838997655,Historical,World Bank API,0.097832364227159,2.09199838997655,-60.196064907201375
2004-01-01,Netherlands,NLD,2.01630996216733,1.2636473918318,Historical,World Bank API,2.01630996216733,1.2636473918318,1960.9846016657818
2005-01-01,Netherlands,NLD,2.03396336199143,1.68813017869623,Historical,World Bank API,2.03396336199143,1.68813017869623,0.8755300601265059
2006-01-01,Netherlands,NLD,3.53737509680782,1.10150106517702,Historical,World Bank API,3.53737509680782,1.10150106517702,73.91537934805359
2007-01-01,Netherlands,NLD,3.88530644801823,1.61385859802103,Historical,World Bank API,3.88530644801823,1.61385859802103,9.835862516372341
2008-01-01,Netherlands,NLD,2.11681593642137,2.48650198289454,Historical,World Bank API,2.11681593642137,2.48650198289454,-45.51740088607193
2009-01-01,Netherlands,NLD,-3.66529049145096,1.1897768702155,Historical,World Bank API,-3.66529049145096,1.1897768702155,-273.15111948974635
2010-01-01,Netherlands,NLD,1.31932032302214,1.27530569556683,Historical,World Bank API,1.31932032302214,1.27530569556683,-135.99497300689714
2011-01-01,Netherlands,NLD,1.77334516269423,2.34107017751373,Historical,World Bank API,1.77334516269423,2.34107017751373,34.41354095357711
2012-01-01,Netherlands,NLD,-0.977876877747732,2.45554765291604,Historical,World Bank API,-0.977876877747732,2.45554765291604,-155.14306511328292
2013-01-01,Netherlands,NLD,-0.0302325600539604,2.50689852657885,Historical,World Bank API,-0.0302325600539604,2.50689852657885,-96.90834697681035
2014-01-01,Netherlands,NLD,1.61261001294011,0.976035079699679,Historical,World Bank API,1.61261001294011,0.976035079699679,-5434.0173973419805
2015-01-01,Netherlands,NLD,2.12060523860846,0.600248147278776,Historical,World Bank API,2.12060523860846,0.600248147278776,31.50143069880691
2016-01-01,Netherlands,NLD,2.42428572955482,0.316666666666743,Historical,World Bank API,2.42428572955482,0.316666666666743,14.32046311201396
2017-01-01,Netherlands,NLD,2.78154619309936,1.38145871407206,Historical,World Bank API,2.78154619309936,1.38145871407206,14.736730872484461
2018-01-01,Netherlands,NLD,2.2587403735731,1.7034979474447,Historical,World Bank API,2.2587403735731,1.7034979474447,-18.795510958015747
2019-01-01,Netherlands,NLD,2.30009157916757,2.63369910249601,Historical,World Bank API,2.30009157916757,2.63369910249601,1.830719726723462
2020-01-01,Netherlands,NLD,-3.86795333823223,1.27246037789161,Historical,World Bank API,-3.86795333823223,1.27246037789161,-268.1651884327183
2021-01-01,Netherlands,NLD,6.2768306708326,2.67572008805385,Historical,World Bank API,6.2768306708326,2.67572008805385,-262.27782814208655
2022-01-01,Netherlands,NLD,5.00723455159611,10.0012078753473,Historical,World Bank API,5.00723455159611,10.0012078753473,-20.226706530990146
2023-01-01,Netherlands,NLD,-0.598096167209832,3.83839354342808,Historical,World Bank API,-0.598096167209832,3.83839354342808,-111.94464052056803
2024-01-01,Netherlands,NLD,1.08100584845663,3.34754304219953,Historical,World Bank API,1.08100584845663,3.34754304219953,-280.7411429335205
2000-01-01,New Caledonia,NCL,2.10010882688805,,Historical,World Bank API,2.10010882688805,6.747787530076212,
2011-01-01,New Caledonia,NCL,,2.42899693753383,Historical,World Bank API,3.326306297196254,2.42899693753383,58.38732996161862
2012-01-01,New Caledonia,NCL,,1.74967234600262,Historical,World Bank API,3.326306297196254,1.74967234600262,0.0
2013-01-01,New Caledonia,NCL,,1.27761318992718,Historical,World Bank API,3.326306297196254,1.27761318992718,0.0
2014-01-01,New Caledonia,NCL,,0.178851060785511,Historical,World Bank API,3.326306297196254,0.178851060785511,0.0
2015-01-01,New Caledonia,NCL,,0.570508141048402,Historical,World Bank API,3.326306297196254,0.570508141048402,0.0
2016-01-01,New Caledonia,NCL,,0.578317435520754,Historical,World Bank API,3.326306297196254,0.578317435520754,0.0
2018-01-01,New Caledonia,NCL,0.400000000000006,,Historical,World Bank API,0.400000000000006,6.747787530076212,-87.97464922766835
2019-01-01,New Caledonia,NCL,-1.40000000000001,,Historical,World Bank API,-1.40000000000001,6.747787530076212,-449.99999999999716
2020-01-01,New Caledonia,NCL,-2.40000000000001,,Historical,World Bank API,-2.40000000000001,6.747787530076212,71.42857142857093
2021-01-01,New Caledonia,NCL,-2.10000000000004,,Historical,World Bank API,-2.10000000000004,6.747787530076212,-12.499999999998701
2022-01-01,New Caledonia,NCL,3.50000000000006,,Historical,World Bank API,3.50000000000006,6.747787530076212,-266.66666666666634
2023-01-01,New Caledonia,NCL,2.8,,Historical,World Bank API,2.8,6.747787530076212,-20.00000000000137
2024-01-01,New Caledonia,NCL,-13.5,,Historical,World Bank API,-13.5,6.747787530076212,-582.1428571428572
2000-01-01,New Zealand,NZL,2.87005108790095,2.6152344624632,Historical,World Bank API,2.87005108790095,2.6152344624632,
2001-01-01,New Zealand,NZL,3.41099312247906,2.62581630392903,Historical,World Bank API,3.41099312247906,2.62581630392903,18.84781901125443
2002-01-01,New Zealand,NZL,4.71347767117496,2.67709257711605,Historical,World Bank API,4.71347767117496,2.67709257711605,38.18490691500642
2003-01-01,New Zealand,NZL,4.72804204913962,1.75357444759557,Historical,World Bank API,4.72804204913962,1.75357444759557,0.3089943133437911
2004-01-01,New Zealand,NZL,4.08796484025709,2.29024902847571,Historical,World Bank API,4.08796484025709,2.29024902847571,-13.537891631040111
2005-01-01,New Zealand,NZL,3.35292760405062,3.03702332617012,Historical,World Bank API,3.35292760405062,3.03702332617012,-17.98051756629697
2006-01-01,New Zealand,NZL,2.77978059105617,3.36540196171993,Historical,World Bank API,2.77978059105617,3.36540196171993,-17.093927477051395
2007-01-01,New Zealand,NZL,3.05641638984955,2.37614310290659,Historical,World Bank API,3.05641638984955,2.37614310290659,9.951713443983468
2008-01-01,New Zealand,NZL,-1.01703846933975,3.9589493731206,Historical,World Bank API,-1.01703846933975,3.9589493731206,-133.27552072804494
2009-01-01,New Zealand,NZL,-0.0374661120713,2.1156511055456,Historical,World Bank API,-0.0374661120713,2.1156511055456,-96.31615585833025
2010-01-01,New Zealand,NZL,1.45863634911349,2.30202385958572,Historical,World Bank API,1.45863634911349,2.30202385958572,-3993.215144228543
2011-01-01,New Zealand,NZL,2.09349621669912,4.0279066739204,Historical,World Bank API,2.09349621669912,4.0279066739204,43.52420450590557
2012-01-01,New Zealand,NZL,2.36630664656174,1.05991318445632,Historical,World Bank API,2.36630664656174,1.05991318445632,13.031331400864365
2013-01-01,New Zealand,NZL,2.58954199031598,1.13442266445817,Historical,World Bank API,2.58954199031598,1.13442266445817,9.433914411667764
2014-01-01,New Zealand,NZL,3.82638491760299,1.227507505974,Historical,World Bank API,3.82638491760299,1.227507505974,47.76299947683369
2015-01-01,New Zealand,NZL,3.69036908387233,0.292704628136101,Historical,World Bank API,3.69036908387233,0.292704628136101,-3.554682465554615
2016-01-01,New Zealand,NZL,3.77911068354334,0.646240284454524,Historical,World Bank API,3.77911068354334,0.646240284454524,2.4046808775531225
2017-01-01,New Zealand,NZL,3.37873219470765,1.85078767452536,Historical,World Bank API,3.37873219470765,1.85078767452536,-10.594516074355631
2018-01-01,New Zealand,NZL,3.47058203866328,1.59829703801696,Historical,World Bank API,3.47058203866328,1.59829703801696,2.7184706766490985
2019-01-01,New Zealand,NZL,2.31747144034802,1.61963190184048,Historical,World Bank API,2.31747144034802,1.61963190184048,-33.22527995216009
2020-01-01,New Zealand,NZL,-0.307246896026541,1.71456170007245,Historical,World Bank API,-0.307246896026541,1.71456170007245,-113.25785037421652
2021-01-01,New Zealand,NZL,4.53540565716095,3.94112060778728,Historical,World Bank API,4.53540565716095,3.94112060778728,-1576.1436863365957
2022-01-01,New Zealand,NZL,3.49638686458842,7.17222476016441,Historical,World Bank API,3.49638686458842,7.17222476016441,-22.909059764742835
2023-01-01,New Zealand,NZL,1.39425181563566,5.73316283034957,Historical,World Bank API,1.39425181563566,5.73316283034957,-60.12306790885438
2024-01-01,New Zealand,NZL,1.28862004711685,2.92279782301957,Historical,World Bank API,1.28862004711685,2.92279782301957,-7.5762331692321165
2000-01-01,Nicaragua,NIC,4.10159025073438,7.06991352252517,Historical,World Bank API,4.10159025073438,7.06991352252517,
2001-01-01,Nicaragua,NIC,2.96084349057273,5.98604186279518,Historical,World Bank API,2.96084349057273,5.98604186279518,-27.81230426314285
2002-01-01,Nicaragua,NIC,0.753938876079573,3.75017465778466,Historical,World Bank API,0.753938876079573,3.75017465778466,-74.53634822373758
2003-01-01,Nicaragua,NIC,2.52073289551447,5.30238773219936,Historical,World Bank API,2.52073289551447,5.30238773219936,234.34181145056434
2004-01-01,Nicaragua,NIC,5.31217056950739,8.47021063584077,Historical,World Bank API,5.31217056950739,8.47021063584077,110.73912983641212
2005-01-01,Nicaragua,NIC,4.28239833770654,9.59909986064425,Historical,World Bank API,4.28239833770654,9.59909986064425,-19.38514997451114
2006-01-01,Nicaragua,NIC,4.15294559846254,9.1401996677772,Historical,World Bank API,4.15294559846254,9.1401996677772,-3.022902799680449
2007-01-01,Nicaragua,NIC,5.0763520180987,11.1269347446118,Historical,World Bank API,5.0763520180987,11.1269347446118,22.23497509762744
2008-01-01,Nicaragua,NIC,3.43571693608081,19.8262031287429,Historical,World Bank API,3.43571693608081,19.8262031287429,-32.31917479655745
2009-01-01,Nicaragua,NIC,-3.2926651586197,3.68700160498797,Historical,World Bank API,-3.2926651586197,3.68700160498797,-195.83633401346816
2010-01-01,Nicaragua,NIC,4.41009911716546,5.45513425887423,Historical,World Bank API,4.41009911716546,5.45513425887423,-233.93706631907247
2011-01-01,Nicaragua,NIC,6.31668553491842,8.082387980991,Historical,World Bank API,6.31668553491842,8.082387980991,43.232280434059646
2012-01-01,Nicaragua,NIC,6.4961364710876,7.1935505333896,Historical,World Bank API,6.4961364710876,7.1935505333896,2.840903432301345
2013-01-01,Nicaragua,NIC,4.92709413447304,7.13546785289407,Historical,World Bank API,4.92709413447304,7.13546785289407,-24.153469429066142
2014-01-01,Nicaragua,NIC,4.78546013589983,6.03596861798425,Historical,World Bank API,4.78546013589983,6.03596861798425,-2.8745949378610414
2015-01-01,Nicaragua,NIC,4.79226768332697,3.99737996694396,Historical,World Bank API,4.79226768332697,3.99737996694396,0.14225481424599007
2016-01-01,Nicaragua,NIC,4.56314739524967,3.52317317628473,Historical,World Bank API,4.56314739524967,3.52317317628473,-4.781041110755235
2017-01-01,Nicaragua,NIC,4.63120757580209,3.85067166284727,Historical,World Bank API,4.63120757580209,3.85067166284727,1.4915183459397463
2018-01-01,Nicaragua,NIC,-3.3633566598573,4.94723728039886,Historical,World Bank API,-3.3633566598573,4.94723728039886,-172.6237510370023
2019-01-01,Nicaragua,NIC,-2.89686986728901,5.37628990844126,Historical,World Bank API,-2.89686986728901,5.37628990844126,-13.86967960121368
2020-01-01,Nicaragua,NIC,-2.23654176262323,3.68181341625572,Historical,World Bank API,-2.23654176262323,3.68181341625572,-22.794538067522442
2021-01-01,Nicaragua,NIC,10.454389484408,4.92841396948968,Historical,World Bank API,10.454389484408,4.92841396948968,-567.4354693089252
2022-01-01,Nicaragua,NIC,3.55029945613975,10.4674244465991,Historical,World Bank API,3.55029945613975,10.4674244465991,-66.04010725413687
2023-01-01,Nicaragua,NIC,4.42774384760374,8.38765854872536,Historical,World Bank API,4.42774384760374,8.38765854872536,24.714658645105892
2024-01-01,Nicaragua,NIC,3.5878302292345,4.62473841057141,Historical,World Bank API,3.5878302292345,4.62473841057141,-18.969336241611945
2000-01-01,Niger,NER,-1.20847774100575,2.90014973599108,Historical,World Bank API,-1.20847774100575,2.90014973599108,
2001-01-01,Niger,NER,7.26813490213235,4.00551428352678,Historical,World Bank API,7.26813490213235,4.00551428352678,-701.4289428354286
2002-01-01,Niger,NER,4.91847057594622,2.62886597938136,Historical,World Bank API,4.91847057594622,2.62886597938136,-32.32829821990203
2003-01-01,Niger,NER,2.1706103837418,-1.61440769175596,Historical,World Bank API,2.1706103837418,-1.61440769175596,-55.868184017259956
2004-01-01,Niger,NER,0.363801578722132,0.262543757292838,Historical,World Bank API,0.363801578722132,0.262543757292838,-83.23966468385755
2005-01-01,Niger,NER,7.33186884258517,7.7974978178644,Historical,World Bank API,7.33186884258517,7.7974978178644,1915.3482753809537
2006-01-01,Niger,NER,5.93104997350342,0.0404858299595074,Historical,World Bank API,5.93104997350342,0.0404858299595074,-19.10589099665113
2007-01-01,Niger,NER,3.14272408386731,0.0539592607581562,Historical,World Bank API,3.14272408386731,0.0539592607581562,-47.012348607628915
2008-01-01,Niger,NER,7.73141422777337,11.3051098827019,Historical,World Bank API,7.73141422777337,11.3051098827019,146.00995892262367
2009-01-01,Niger,NER,1.96260090694645,0.582906590801122,Historical,World Bank API,1.96260090694645,0.582906590801122,-74.61524050934631
2010-01-01,Niger,NER,8.57816674262253,0.804073080882659,Historical,World Bank API,8.57816674262253,0.804073080882659,337.0815641764394
2011-01-01,Niger,NER,2.35775693603874,2.9423851401332,Historical,World Bank API,2.35775693603874,2.9423851401332,-72.51444269177352
2012-01-01,Niger,NER,10.5489445763446,0.455089820359289,Historical,World Bank API,10.5489445763446,0.455089820359289,347.41442237331927
2013-01-01,Niger,NER,5.31513063394726,2.29723114955317,Historical,World Bank API,5.31513063394726,2.29723114955317,-49.61457427820661
2014-01-01,Niger,NER,6.64213665495603,-0.930287259984466,Historical,World Bank API,6.64213665495603,-0.930287259984466,24.9665739640208
2015-01-01,Niger,NER,4.39264883207291,-0.576090369833189,Historical,World Bank API,4.39264883207291,-0.576090369833189,-33.86693077452215
2016-01-01,Niger,NER,5.74089315058157,1.65388922387806,Historical,World Bank API,5.74089315058157,1.65388922387806,30.69319606576468
2017-01-01,Niger,NER,5.00536078615544,2.79637318871284,Historical,World Bank API,5.00536078615544,2.79637318871284,-12.812159103703546
2018-01-01,Niger,NER,7.21141802762897,2.96760366004456,Historical,World Bank API,7.21141802762897,2.96760366004456,44.073890688866356
2019-01-01,Niger,NER,5.93985257123522,-2.48979265070855,Historical,World Bank API,5.93985257123522,-2.48979265070855,-17.63266879720501
2020-01-01,Niger,NER,3.55064109436891,2.8981937602627,Historical,World Bank API,3.55064109436891,2.8981937602627,-40.223413766807724
2021-01-01,Niger,NER,1.38359636198477,3.8378680284051,Historical,World Bank API,1.38359636198477,3.8378680284051,-61.03249173285733
2022-01-01,Niger,NER,11.9000000000277,4.22621791916392,Historical,World Bank API,11.9000000000277,4.22621791916392,760.077427708551
2023-01-01,Niger,NER,1.66763406484279,3.70097316425834,Historical,World Bank API,1.66763406484279,3.70097316425834,-85.98626836269825
2024-01-01,Niger,NER,10.3000000007793,9.07151997725013,Historical,World Bank API,10.3000000007793,9.07151997725013,517.6414968922029
2000-01-01,Nigeria,NGA,5.01593475931152,6.93329215565161,Historical,World Bank API,5.01593475931152,6.93329215565161,
2001-01-01,Nigeria,NGA,5.91768464920371,18.8736462093863,Historical,World Bank API,5.91768464920371,18.8736462093863,17.97770372148866
2002-01-01,Nigeria,NGA,15.3291557409559,12.8765792031099,Historical,World Bank API,15.3291557409559,12.8765792031099,159.03975371547733
2003-01-01,Nigeria,NGA,7.34719496799492,14.0317836131437,Historical,World Bank API,7.34719496799492,14.0317836131437,-52.07045259273515
2004-01-01,Nigeria,NGA,9.2505582291798,14.9980338183251,Historical,World Bank API,9.2505582291798,14.9980338183251,25.905985474403657
2005-01-01,Nigeria,NGA,6.43851652538348,17.8634933661605,Historical,World Bank API,6.43851652538348,17.8634933661605,-30.398616322700022
2006-01-01,Nigeria,NGA,6.05942803202906,8.22522152017047,Historical,World Bank API,6.05942803202906,8.22522152017047,-5.8878235671196215
2007-01-01,Nigeria,NGA,6.59113036068679,5.38800796858626,Historical,World Bank API,6.59113036068679,5.38800796858626,8.774794020941368
2008-01-01,Nigeria,NGA,6.76447277780228,11.5810751748252,Historical,World Bank API,6.76447277780228,11.5810751748252,2.6299345882976555
2009-01-01,Nigeria,NGA,8.03692510099023,12.5378277304689,Historical,World Bank API,8.03692510099023,12.5378277304689,18.81081297811591
2010-01-01,Nigeria,NGA,8.00565591628701,13.7400521363694,Historical,World Bank API,8.00565591628701,13.7400521363694,-0.38906900724217097
2011-01-01,Nigeria,NGA,5.30792420289453,10.8261371880017,Historical,World Bank API,5.30792420289453,10.8261371880017,-33.6978224095806
2012-01-01,Nigeria,NGA,4.23006117493223,12.2242413020584,Historical,World Bank API,4.23006117493223,12.2242413020584,-20.306677088088744
2013-01-01,Nigeria,NGA,6.67133539306167,8.49551838265669,Historical,World Bank API,6.67133539306167,8.49551838265669,57.71250384265547
2014-01-01,Nigeria,NGA,6.30971865525431,8.04741087967907,Historical,World Bank API,6.30971865525431,8.04741087967907,-5.420455073858976
2015-01-01,Nigeria,NGA,2.65269329543001,9.00943498007706,Historical,World Bank API,2.65269329543001,9.00943498007706,-57.95861209721252
2016-01-01,Nigeria,NGA,-1.61686894906509,15.6968126387972,Historical,World Bank API,-1.61686894906509,15.6968126387972,-160.95197480427115
2017-01-01,Nigeria,NGA,0.805886619102438,16.5022662139641,Historical,World Bank API,0.805886619102438,16.5022662139641,-149.8424204118967
2018-01-01,Nigeria,NGA,1.92275734200614,12.0951065173432,Historical,World Bank API,1.92275734200614,12.0951065173432,138.58906407301123
2019-01-01,Nigeria,NGA,2.20842927714892,11.3964223378116,Historical,World Bank API,2.20842927714892,11.3964223378116,14.857409663807065
2020-01-01,Nigeria,NGA,-6.36889840510109,13.2460234276597,Historical,World Bank API,-6.36889840510109,13.2460234276597,-388.390417162162
2021-01-01,Nigeria,NGA,1.10925253938163,16.9528457221608,Historical,World Bank API,1.10925253938163,16.9528457221608,-117.4167095913037
2022-01-01,Nigeria,NGA,4.31882949523192,18.8471877843274,Historical,World Bank API,4.31882949523192,18.8471877843274,289.3459191573741
2023-01-01,Nigeria,NGA,3.32684556421316,24.659550203114,Historical,World Bank API,3.32684556421316,24.659550203114,-22.96881440015013
2024-01-01,Nigeria,NGA,4.06236408888319,33.2420966545406,Historical,World Bank API,4.06236408888319,33.2420966545406,22.108586361266514
2000-01-01,North Macedonia,MKD,4.54913578288874,6.60742291038536,Historical,World Bank API,4.54913578288874,6.60742291038536,
2001-01-01,North Macedonia,MKD,-3.06725662451662,5.19888525744048,Historical,World Bank API,-3.06725662451662,5.19888525744048,-167.42504007143276
2002-01-01,North Macedonia,MKD,1.49366547202928,2.31459794083219,Historical,World Bank API,1.49366547202928,2.31459794083219,-148.69711455149834
2003-01-01,North Macedonia,MKD,2.22260165732409,0.855562122724231,Historical,World Bank API,2.22260165732409,0.855562122724231,48.80183675294336
2004-01-01,North Macedonia,MKD,4.67408957960916,-0.448650206552038,Historical,World Bank API,4.67408957960916,-0.448650206552038,110.29812356194087
2005-01-01,North Macedonia,MKD,4.72408864201974,0.525515950714282,Historical,World Bank API,4.72408864201974,0.525515950714282,1.069706978417817
2006-01-01,North Macedonia,MKD,5.13702516153505,3.21362929606346,Historical,World Bank API,5.13702516153505,3.21362929606346,8.741083218513923
2007-01-01,North Macedonia,MKD,6.47348685752347,2.25175798305457,Historical,World Bank API,6.47348685752347,2.25175798305457,26.016257541340494
2008-01-01,North Macedonia,MKD,5.47200139015595,8.33189666968095,Historical,World Bank API,5.47200139015595,8.33189666968095,-15.470572342378308
2009-01-01,North Macedonia,MKD,-0.358614856979671,-0.739633963061153,Historical,World Bank API,-0.358614856979671,-0.739633963061153,-106.55363241728728
2010-01-01,North Macedonia,MKD,3.35875085773812,1.50997522027621,Historical,World Bank API,3.35875085773812,1.50997522027621,-1036.5899912865348
2011-01-01,North Macedonia,MKD,2.33988604520331,3.9047542206973,Historical,World Bank API,2.33988604520331,3.9047542206973,-30.334634978580798
2012-01-01,North Macedonia,MKD,-0.456183223607937,3.31605566687647,Historical,World Bank API,-0.456183223607937,3.31605566687647,-119.49595898240848
2013-01-01,North Macedonia,MKD,2.92525766450484,2.78500056726118,Historical,World Bank API,2.92525766450484,2.78500056726118,-741.2462171162456
2014-01-01,North Macedonia,MKD,3.62912351276373,-0.281705032928494,Historical,World Bank API,3.62912351276373,-0.281705032928494,24.061670081224594
2015-01-01,North Macedonia,MKD,3.85586514041738,-0.299920475631552,Historical,World Bank API,3.85586514041738,-0.299920475631552,6.247834411151709
2016-01-01,North Macedonia,MKD,2.84820519363306,-0.23929078768441,Historical,World Bank API,2.84820519363306,-0.23929078768441,-26.13317401124785
2017-01-01,North Macedonia,MKD,1.08177273813243,1.35161889677442,Historical,World Bank API,1.08177273813243,1.35161889677442,-62.01914312386452
2018-01-01,North Macedonia,MKD,2.88059670964267,1.45831298507117,Historical,World Bank API,2.88059670964267,1.45831298507117,166.28483119437135
2019-01-01,North Macedonia,MKD,3.91041953840173,0.766439573459716,Historical,World Bank API,3.91041953840173,0.766439573459716,35.75032996850178
2020-01-01,North Macedonia,MKD,-4.68845000956652,1.20007348888487,Historical,World Bank API,-4.68845000956652,1.20007348888487,-219.89634266922639
2021-01-01,North Macedonia,MKD,4.51067949038222,3.23074912132919,Historical,World Bank API,4.51067949038222,3.23074912132919,-196.20833071011594
2022-01-01,North Macedonia,MKD,2.75888415332967,14.2047173195833,Historical,World Bank API,2.75888415332967,14.2047173195833,-38.83661742732487
2023-01-01,North Macedonia,MKD,2.554965253403,9.36187249769016,Historical,World Bank API,2.554965253403,9.36187249769016,-7.391354206756462
2024-01-01,North Macedonia,MKD,2.99373536567732,3.48974086026947,Historical,World Bank API,2.99373536567732,3.48974086026947,17.173232069982735
2003-01-01,Northern Mariana Islands,MNP,0.343170899107761,,Historical,World Bank API,0.343170899107761,6.747787530076212,
2004-01-01,Northern Mariana Islands,MNP,-3.07797537619699,,Historical,World Bank API,-3.07797537619699,6.747787530076212,-996.9220246237888
2005-01-01,Northern Mariana Islands,MNP,-12.7028934368384,,Historical,World Bank API,-12.7028934368384,6.747787530076212,312.70289343683874
2006-01-01,Northern Mariana Islands,MNP,-6.87146321746161,,Historical,World Bank API,-6.87146321746161,6.747787530076212,-45.90631456031614
2007-01-01,Northern Mariana Islands,MNP,-6.68402777777779,,Historical,World Bank API,-6.68402777777779,6.747787530076212,-2.7277369281045294
2008-01-01,Northern Mariana Islands,MNP,-11.0697674418605,,Historical,World Bank API,-11.0697674418605,6.747787530076212,65.61522198731524
2009-01-01,Northern Mariana Islands,MNP,-17.5732217573222,,Historical,World Bank API,-17.5732217573222,6.747787530076212,58.7496923455572
2010-01-01,Northern Mariana Islands,MNP,1.3959390862944,,Historical,World Bank API,1.3959390862944,6.747787530076212,-107.94355813391337
2011-01-01,Northern Mariana Islands,MNP,-7.38423028785982,,Historical,World Bank API,-7.38423028785982,6.747787530076212,-628.9794060757824
2012-01-01,Northern Mariana Islands,MNP,0.810810810810807,,Historical,World Bank API,0.810810810810807,6.747787530076212,-110.9803023362345
2013-01-01,Northern Mariana Islands,MNP,2.68096514745308,,Historical,World Bank API,2.68096514745308,6.747787530076212,230.65236818588141
2014-01-01,Northern Mariana Islands,MNP,4.177545691906,,Historical,World Bank API,4.177545691906,6.747787530076212,55.82245430809398
2015-01-01,Northern Mariana Islands,MNP,3.38345864661653,,Historical,World Bank API,3.38345864661653,6.747787530076212,-19.00845864661671
2016-01-01,Northern Mariana Islands,MNP,29.2121212121212,,Historical,World Bank API,29.2121212121212,6.747787530076212,763.380471380474
2017-01-01,Northern Mariana Islands,MNP,23.1707317073171,,Historical,World Bank API,23.1707317073171,6.747787530076212,-20.68110515130035
2018-01-01,Northern Mariana Islands,MNP,-19.4973343488195,,Historical,World Bank API,-19.4973343488195,6.747787530076212,-184.1463903475367
2019-01-01,Northern Mariana Islands,MNP,-11.4474929044465,,Historical,World Bank API,-11.4474929044465,6.747787530076212,-41.2868820955537
2020-01-01,Northern Mariana Islands,MNP,-29.0598290598291,,Historical,World Bank API,-29.0598290598291,6.747787530076212,153.8532174895825
2021-01-01,Northern Mariana Islands,MNP,4.96987951807229,,Historical,World Bank API,4.96987951807229,6.747787530076212,-117.10223245924874
2022-01-01,Northern Mariana Islands,MNP,16.6427546628408,,Historical,World Bank API,16.6427546628408,6.747787530076212,234.87239685231182
2000-01-01,Norway,NOR,3.31894570142394,3.08550609131276,Historical,World Bank API,3.31894570142394,3.08550609131276,
2001-01-01,Norway,NOR,2.06713043546189,3.00419703998237,Historical,World Bank API,2.06713043546189,3.00419703998237,-37.71725658015372
2002-01-01,Norway,NOR,1.37755702173065,1.28672528415184,Historical,World Bank API,1.37755702173065,1.28672528415184,-33.358969608376846
2003-01-01,Norway,NOR,0.944909363247831,2.48782553461783,Historical,World Bank API,0.944909363247831,2.48782553461783,-31.40687838382733
2004-01-01,Norway,NOR,4.01458802387079,0.45449850222084,Historical,World Bank API,4.01458802387079,0.45449850222084,324.86487911093354
2005-01-01,Norway,NOR,2.68512290339085,1.53213367609254,Historical,World Bank API,2.68512290339085,1.53213367609254,-33.11585429376373
2006-01-01,Norway,NOR,2.46147311635166,2.32934980757544,Historical,World Bank API,2.46147311635166,2.32934980757544,-8.329219744718518
2007-01-01,Norway,NOR,2.91404000653228,0.712589073634201,Historical,World Bank API,2.91404000653228,0.712589073634201,18.386017997686043
2008-01-01,Norway,NOR,0.481919549757933,3.75393081761005,Historical,World Bank API,0.481919549757933,3.75393081761005,-83.46215053061611
2009-01-01,Norway,NOR,-1.94036472596633,2.19738586853574,Historical,World Bank API,-1.94036472596633,2.19738586853574,-502.6324989183299
2010-01-01,Norway,NOR,0.787051861494078,2.41890639481001,Historical,World Bank API,0.787051861494078,2.41890639481001,-140.56205779055867
2011-01-01,Norway,NOR,1.10565603382983,1.28495158809152,Historical,World Bank API,1.10565603382983,1.28495158809152,40.4807088227882
2012-01-01,Norway,NOR,2.71795924894734,0.696864111498362,Historical,World Bank API,2.71795924894734,0.696864111498362,145.82321859473137
2013-01-01,Norway,NOR,1.01619084044641,2.12048620353112,Historical,World Bank API,1.01619084044641,2.12048620353112,-62.611991300459025
2014-01-01,Norway,NOR,2.04813200438943,2.04170286707211,Historical,World Bank API,2.04813200438943,2.04170286707211,101.54993755795823
2015-01-01,Norway,NOR,1.85733971623901,2.17113665389527,Historical,World Bank API,1.85733971623901,2.17113665389527,-9.31542926635226
2016-01-01,Norway,NOR,1.16472423928819,3.54999999999998,Historical,World Bank API,1.16472423928819,3.54999999999998,-37.29072667187242
2017-01-01,Norway,NOR,2.46374626574153,1.87510059552554,Historical,World Bank API,2.46374626574153,1.87510059552554,111.5304363586719
2018-01-01,Norway,NOR,0.828931500516902,2.76483134528788,Historical,World Bank API,0.828931500516902,2.76483134528788,-66.35483482843908
2019-01-01,Norway,NOR,1.12374694968757,2.16773003305402,Historical,World Bank API,1.12374694968757,2.16773003305402,35.56571911995481
2020-01-01,Norway,NOR,-1.27817177234034,1.28658490708005,Historical,World Bank API,-1.27817177234034,1.28658490708005,-213.74195700337197
2021-01-01,Norway,NOR,3.90868676830634,3.48388055266678,Historical,World Bank API,3.90868676830634,3.48388055266678,-405.80293297742855
2022-01-01,Norway,NOR,3.24622860260932,5.76412317852272,Historical,World Bank API,3.24622860260932,5.76412317852272,-16.948356442081124
2023-01-01,Norway,NOR,0.0721204806030329,5.51784987104659,Historical,World Bank API,0.0721204806030329,5.51784987104659,-97.7783301969226
2024-01-01,Norway,NOR,2.09723059960317,3.14530134431073,Historical,World Bank API,2.09723059960317,3.14530134431073,2807.9542760492564
2000-01-01,Oman,OMN,6.19241063695442,,Historical,World Bank API,6.19241063695442,6.747787530076212,
2001-01-01,Oman,OMN,4.61316649389876,-0.816666666666656,Historical,World Bank API,4.61316649389876,-0.816666666666656,-25.5028975893687
2002-01-01,Oman,OMN,-0.784165786429256,-0.279578822571373,Historical,World Bank API,-0.784165786429256,-0.279578822571373,-116.99842803129631
2003-01-01,Oman,OMN,-2.19466567976842,0.231328682267143,Historical,World Bank API,-2.19466567976842,0.231328682267143,179.87266439689446
2004-01-01,Oman,OMN,1.99251510973346,0.624969062631367,Historical,World Bank API,1.99251510973346,0.624969062631367,-190.7890039062218
2005-01-01,Oman,OMN,2.77944360306151,1.90983553531865,Historical,World Bank API,2.77944360306151,1.90983553531865,39.49422965396323
2006-01-01,Oman,OMN,4.66981481939328,3.54498591605033,Historical,World Bank API,4.66981481939328,3.54498591605033,68.01257684270183
2007-01-01,Oman,OMN,4.98065467051528,5.8304841809271,Historical,World Bank API,4.98065467051528,5.8304841809271,6.656363542106902
2008-01-01,Oman,OMN,8.95005895005896,12.3754091529912,Historical,World Bank API,8.95005895005896,12.3754091529912,79.69643635488224
2009-01-01,Oman,OMN,5.98196694904402,3.46881023754893,Historical,World Bank API,5.98196694904402,3.46881023754893,-33.16282068729153
2010-01-01,Oman,OMN,2.47199856582773,3.25657959078624,Historical,World Bank API,2.47199856582773,3.25657959078624,-58.67582374016993
2011-01-01,Oman,OMN,2.89460973541192,4.0421886711639,Historical,World Bank API,2.89460973541192,4.0421886711639,17.095931018175236
2012-01-01,Oman,OMN,8.86312225557018,2.94773495257209,Historical,World Bank API,8.86312225557018,2.94773495257209,206.19403186346662
2013-01-01,Oman,OMN,5.22770408145942,1.05354820265932,Historical,World Bank API,5.22770408145942,1.05354820265932,-41.017353357909734
2014-01-01,Oman,OMN,1.29225229411081,1.01401483924156,Historical,World Bank API,1.29225229411081,1.01401483924156,-75.28069160046925
2015-01-01,Oman,OMN,5.01705799719045,0.0652901330286599,Historical,World Bank API,5.01705799719045,0.0652901330286599,288.2413689691031
2016-01-01,Oman,OMN,5.04642394571691,1.10920805807027,Historical,World Bank API,5.04642394571691,1.10920805807027,0.5853220860294162
2017-01-01,Oman,OMN,0.304057565922449,1.58909413567799,Historical,World Bank API,0.304057565922449,1.58909413567799,-93.97479147227584
2018-01-01,Oman,OMN,1.28710391543288,0.889312370970404,Historical,World Bank API,1.28710391543288,0.889312370970404,323.3092873476336
2019-01-01,Oman,OMN,-1.12863801728058,0.490815362820671,Historical,World Bank API,-1.12863801728058,0.490815362820671,-187.68818148618524
2020-01-01,Oman,OMN,-3.37972052697999,-0.40640291946585,Historical,World Bank API,-3.37972052697999,-0.40640291946585,199.45123903617272
2021-01-01,Oman,OMN,2.5821749892893,1.68221185876085,Historical,World Bank API,2.5821749892893,1.68221185876085,-176.40202699235158
2022-01-01,Oman,OMN,7.98570728354278,2.5061425061425,Historical,World Bank API,7.98570728354278,2.5061425061425,209.2628236531991
2023-01-01,Oman,OMN,1.41401395818599,0.950782997762827,Historical,World Bank API,1.41401395818599,0.950782997762827,-82.2931907221288
2024-01-01,Oman,OMN,1.63163221127449,0.593589236248469,Historical,World Bank API,1.63163221127449,0.593589236248469,15.390106429195228
2000-01-01,Pakistan,PAK,4.2600880111325,4.36666451291681,Historical,World Bank API,4.2600880111325,4.36666451291681,
2001-01-01,Pakistan,PAK,3.65135017083765,3.14826144590618,Historical,World Bank API,3.65135017083765,3.14826144590618,-14.289325448302726
2002-01-01,Pakistan,PAK,2.59481668445784,3.29034472613153,Historical,World Bank API,2.59481668445784,3.29034472613153,-28.935419418768937
2003-01-01,Pakistan,PAK,5.40131087314342,2.91413470059479,Historical,World Bank API,5.40131087314342,2.91413470059479,108.15770553255742
2004-01-01,Pakistan,PAK,7.83125556961251,7.44462469342739,Historical,World Bank API,7.83125556961251,7.44462469342739,44.988054817421116
2005-01-01,Pakistan,PAK,7.2765744364722,9.06332737030417,Historical,World Bank API,7.2765744364722,9.06332737030417,-7.08291446000856
2006-01-01,Pakistan,PAK,6.05163767569996,7.92108440058789,Historical,World Bank API,6.05163767569996,7.92108440058789,-16.83397553981607
2007-01-01,Pakistan,PAK,4.4448143398844,7.59868441050774,Historical,World Bank API,4.4448143398844,7.59868441050774,-26.551876069310577
2008-01-01,Pakistan,PAK,2.1204410433083,20.2861210929554,Historical,World Bank API,2.1204410433083,20.2861210929554,-52.29404692382611
2009-01-01,Pakistan,PAK,3.47255059567348,13.6477650639761,Historical,World Bank API,3.47255059567348,13.6477650639761,63.76548674306106
2010-01-01,Pakistan,PAK,1.50171752152883,12.9388705634889,Historical,World Bank API,1.50171752152883,12.9388705634889,-56.754625162269775
2011-01-01,Pakistan,PAK,2.68011685421705,11.9160927116277,Historical,World Bank API,2.68011685421705,11.9160927116277,78.47010611480016
2012-01-01,Pakistan,PAK,3.02758391088629,9.68235186055684,Historical,World Bank API,3.02758391088629,9.68235186055684,12.964623394032815
2013-01-01,Pakistan,PAK,4.36686504978387,7.69215611899565,Historical,World Bank API,4.36686504978387,7.69215611899565,44.23597093649243
2014-01-01,Pakistan,PAK,4.11642817161422,7.18938402847028,Historical,World Bank API,4.11642817161422,7.18938402847028,-5.734935138012687
2015-01-01,Pakistan,PAK,4.21794209572506,2.52932817254229,Historical,World Bank API,4.21794209572506,2.52932817254229,2.4660681512883587
2016-01-01,Pakistan,PAK,6.57383828511043,3.7651191635658,Historical,World Bank API,6.57383828511043,3.7651191635658,55.85416148251778
2017-01-01,Pakistan,PAK,4.43262590683975,4.08537368032608,Historical,World Bank API,4.43262590683975,4.08537368032608,-32.57172271974608
2018-01-01,Pakistan,PAK,6.15170261099519,5.07805725868917,Historical,World Bank API,6.15170261099519,5.07805725868917,38.782354755063444
2019-01-01,Pakistan,PAK,2.49763692943365,10.5783618004555,Historical,World Bank API,2.49763692943365,10.5783618004555,-59.39925761415188
2020-01-01,Pakistan,PAK,-1.27408744338709,9.73999313898155,Historical,World Bank API,-1.27408744338709,9.73999313898155,-151.01171544881004
2021-01-01,Pakistan,PAK,6.51388575852702,9.49621056124947,Historical,World Bank API,6.51388575852702,9.49621056124947,-611.2589243647375
2022-01-01,Pakistan,PAK,4.7781068690358,19.8738599646655,Historical,World Bank API,4.7781068690358,19.8738599646655,-26.647364627465166
2023-01-01,Pakistan,PAK,-0.414935997088406,30.7681280657005,Historical,World Bank API,-0.414935997088406,30.7681280657005,-108.68410875816468
2024-01-01,Pakistan,PAK,3.04898287335465,12.6325318530452,Historical,World Bank API,3.04898287335465,12.6325318530452,-834.8079932204665
2000-01-01,Palau,PLW,-2.60390246523619,,Historical,World Bank API,-2.60390246523619,6.747787530076212,
2001-01-01,Palau,PLW,7.34589375241519,,Historical,World Bank API,7.34589375241519,6.747787530076212,-382.1109411926023
2002-01-01,Palau,PLW,4.71497769088471,-1.30123617436562,Historical,World Bank API,4.71497769088471,-1.30123617436562,-35.81478510583529
2003-01-01,Palau,PLW,-2.12776308332282,0.922874093605824,Historical,World Bank API,-2.12776308332282,0.922874093605824,-145.1277444522451
2004-01-01,Palau,PLW,3.47251046466637,4.96407576747217,Historical,World Bank API,3.47251046466637,4.96407576747217,-263.2000522935818
2005-01-01,Palau,PLW,2.88482726313062,3.9514623522091,Historical,World Bank API,2.88482726313062,3.9514623522091,-16.92387128895847
2006-01-01,Palau,PLW,0.228095913166968,4.42981143370254,Historical,World Bank API,0.228095913166968,4.42981143370254,-92.09325577021073
2007-01-01,Palau,PLW,1.32259368182741,3.23875035826881,Historical,World Bank API,1.32259368182741,3.23875035826881,479.8410254107714
2008-01-01,Palau,PLW,-5.19490494373626,11.9655746807329,Historical,World Bank API,-5.19490494373626,11.9655746807329,-492.7816241007994
2009-01-01,Palau,PLW,-6.53652076215215,1.43813538308953,Historical,World Bank API,-6.53652076215215,1.43813538308953,25.82560860971168
2010-01-01,Palau,PLW,-2.64326159533755,1.44219017355169,Historical,World Bank API,-2.64326159533755,1.44219017355169,-59.56164308935422
2011-01-01,Palau,PLW,5.09200624133297,4.6746987951807,Historical,World Bank API,5.09200624133297,4.6746987951807,-292.6410254026602
2012-01-01,Palau,PLW,1.65514876664869,3.61418047882138,Historical,World Bank API,1.65514876664869,3.61418047882138,-67.49515440076503
2013-01-01,Palau,PLW,-2.55228103983089,3.35481004221287,Historical,World Bank API,-2.55228103983089,3.35481004221287,-254.2025158861517
2014-01-01,Palau,PLW,5.16816298235885,4.19174548581256,Historical,World Bank API,5.16816298235885,4.19174548581256,-302.49192395760946
2015-01-01,Palau,PLW,7.92010724472276,0.949040643697081,Historical,World Bank API,7.92010724472276,0.949040643697081,53.24801620532234
2016-01-01,Palau,PLW,1.32685546630708,-1.04230533415074,Historical,World Bank API,1.32685546630708,-1.04230533415074,-83.24700126767632
2017-01-01,Palau,PLW,-2.98950254798218,1.4179881966692,Historical,World Bank API,-2.98950254798218,1.4179881966692,-325.3073242636291
2018-01-01,Palau,PLW,-1.24390713667657,2.10970464135017,Historical,World Bank API,-1.24390713667657,2.10970464135017,-58.39083202935659
2019-01-01,Palau,PLW,-0.362028649856498,0.26737967914444,Historical,World Bank API,-0.362028649856498,0.26737967914444,-70.89584590504447
2020-01-01,Palau,PLW,-6.87233152299699,0.218181818181833,Historical,World Bank API,-6.87233152299699,0.218181818181833,1798.2838860187073
2021-01-01,Palau,PLW,-13.2600319305925,2.6124818577648,Historical,World Bank API,-13.2600319305925,2.6124818577648,92.94808299367179
2022-01-01,Palau,PLW,1.51267904038146,12.3526638378124,Historical,World Bank API,1.51267904038146,12.3526638378124,-111.40780842986906
2023-01-01,Palau,PLW,2.21599800170485,12.8199748216534,Historical,World Bank API,2.21599800170485,12.8199748216534,46.49492341389423
2024-01-01,Palau,PLW,,2.23172772921704,Historical,World Bank API,3.326306297196254,2.23172772921704,50.10421014085764
2000-01-01,Panama,PAN,4.2090057360153,1.49896111605777,Historical,World Bank API,4.2090057360153,1.49896111605777,
2001-01-01,Panama,PAN,0.949907875683692,0.307062436028722,Historical,World Bank API,0.949907875683692,0.307062436028722,-77.43153763000149
2002-01-01,Panama,PAN,2.50884408826073,1.00583090379039,Historical,World Bank API,2.50884408826073,1.00583090379039,164.11446335835473
2003-01-01,Panama,PAN,5.09686013628365,0.391666666666657,Historical,World Bank API,5.09686013628365,0.391666666666657,103.15571462302691
2004-01-01,Panama,PAN,8.1756535098435,0.474723078204336,Historical,World Bank API,8.1756535098435,0.474723078204336,60.405686858904794
2005-01-01,Panama,PAN,8.27618322400723,2.85588324760959,Historical,World Bank API,8.27618322400723,2.85588324760959,1.2296229780615509
2006-01-01,Panama,PAN,9.8572387394466,2.45789346442096,Historical,World Bank API,9.8572387394466,2.45789346442096,19.10367946969935
2007-01-01,Panama,PAN,13.1530653136012,4.16863300298887,Historical,World Bank API,13.1530653136012,4.16863300298887,33.43559653237771
2008-01-01,Panama,PAN,10.197432548532,8.75868317728784,Historical,World Bank API,10.197432548532,8.75868317728784,-22.471056705031845
2009-01-01,Panama,PAN,1.61186417596689,2.409053040822,Historical,World Bank API,1.61186417596689,2.409053040822,-84.19343135347405
2010-01-01,Panama,PAN,6.07339340909564,3.491288726188,Historical,World Bank API,6.07339340909564,3.491288726188,276.7931256026871
2011-01-01,Panama,PAN,11.9088772241134,5.8758024367877,Historical,World Bank API,11.9088772241134,5.8758024367877,96.08275673824156
2012-01-01,Panama,PAN,9.62729355007232,5.69819959165992,Historical,World Bank API,9.62729355007232,5.69819959165992,-19.158679958688897
2013-01-01,Panama,PAN,6.32435373509259,4.0271599157106,Historical,World Bank API,6.32435373509259,4.0271599157106,-34.308082513542125
2014-01-01,Panama,PAN,4.62581384604574,2.62652699929151,Historical,World Bank API,4.62581384604574,2.62652699929151,-26.857129758918884
2015-01-01,Panama,PAN,5.26691726402875,0.137492058461504,Historical,World Bank API,5.26691726402875,0.137492058461504,13.85925675610662
2016-01-01,Panama,PAN,4.57196696307969,0.739734025300033,Historical,World Bank API,4.57196696307969,0.739734025300033,-13.194631054779116
2017-01-01,Panama,PAN,5.74405946988693,0.875585918759878,Historical,World Bank API,5.74405946988693,0.875585918759878,25.63650429393556
2018-01-01,Panama,PAN,3.9181980847881,0.761578359399944,Historical,World Bank API,3.9181980847881,0.761578359399944,-31.786951278461817
2019-01-01,Panama,PAN,3.10306793272473,-0.355083821021245,Historical,World Bank API,3.10306793272473,-0.355083821021245,-20.803699415504482
2020-01-01,Panama,PAN,-17.8212299459324,-1.5502754080376,Historical,World Bank API,-17.8212299459324,-1.5502754080376,-674.3100161614574
2021-01-01,Panama,PAN,16.4671248604202,1.63070337301898,Historical,World Bank API,16.4671248604202,1.63070337301898,-192.40173046630113
2022-01-01,Panama,PAN,11.0385475261766,2.85965128834711,Historical,World Bank API,11.0385475261766,2.85965128834711,-32.966151530748
2023-01-01,Panama,PAN,7.16632946099945,1.48641355277038,Historical,World Bank API,7.16632946099945,1.48641355277038,-35.07905415993042
2024-01-01,Panama,PAN,2.74788545546916,0.693225551004538,Historical,World Bank API,2.74788545546916,0.693225551004538,-61.65560807071899
2000-01-01,Papua New Guinea,PNG,-2.49484199260023,15.5958933107535,Historical,World Bank API,-2.49484199260023,15.5958933107535,
2001-01-01,Papua New Guinea,PNG,-0.121288605564772,9.29817332783968,Historical,World Bank API,-0.121288605564772,9.29817332783968,-95.13842536222666
2002-01-01,Papua New Guinea,PNG,-0.158900533082658,11.7994470972606,Historical,World Bank API,-0.158900533082658,11.7994470972606,31.010272846941113
2003-01-01,Papua New Guinea,PNG,2.16410250222083,14.7090779663557,Historical,World Bank API,2.16410250222083,14.7090779663557,-1461.922745152209
2004-01-01,Papua New Guinea,PNG,2.72117574098235,2.15893131266946,Historical,World Bank API,2.72117574098235,2.15893131266946,25.741536650405617
2005-01-01,Papua New Guinea,PNG,6.34479592309654,1.78080439925826,Historical,World Bank API,6.34479592309654,1.78080439925826,133.16376915832922
2006-01-01,Papua New Guinea,PNG,5.40994409107307,2.3684623841683,Historical,World Bank API,5.40994409107307,2.3684623841683,-14.73415131636292
2007-01-01,Papua New Guinea,PNG,7.81518922862388,0.91135045567524,Historical,World Bank API,7.81518922862388,0.91135045567524,44.459704149617664
2008-01-01,Papua New Guinea,PNG,-0.296457845880582,10.7614182326827,Historical,World Bank API,-0.296457845880582,10.7614182326827,-103.79335467393133
2009-01-01,Papua New Guinea,PNG,6.80042148322096,6.91832532601224,Historical,World Bank API,6.80042148322096,6.91832532601224,-2393.8915524469808
2010-01-01,Papua New Guinea,PNG,10.1284540720232,6.01360893567856,Historical,World Bank API,10.1284540720232,6.01360893567856,48.93862236353541
2011-01-01,Papua New Guinea,PNG,1.10754362619616,4.44083401028971,Historical,World Bank API,1.10754362619616,4.44083401028971,-89.06502790731494
2012-01-01,Papua New Guinea,PNG,4.65711959686239,4.53720508166972,Historical,World Bank API,4.65711959686239,4.53720508166972,320.49084900223653
2013-01-01,Papua New Guinea,PNG,3.82494632800675,4.9603174603175,Historical,World Bank API,3.82494632800675,4.9603174603175,-17.868840418362776
2014-01-01,Papua New Guinea,PNG,13.5437706216546,5.22211720226841,Historical,World Bank API,13.5437706216546,5.22211720226841,254.09047500837767
2015-01-01,Papua New Guinea,PNG,6.57835632304275,5.99595778127107,Historical,World Bank API,6.57835632304275,5.99595778127107,-51.42891513147103
2016-01-01,Papua New Guinea,PNG,5.48957315278187,6.6737288135593,Historical,World Bank API,5.48957315278187,6.6737288135593,-16.550991110759337
2017-01-01,Papua New Guinea,PNG,3.53461081750459,5.42204568023834,Historical,World Bank API,3.53461081750459,5.42204568023834,-35.61228315696262
2018-01-01,Papua New Guinea,PNG,-0.279252284959952,4.37448921453162,Historical,World Bank API,-0.279252284959952,4.37448921453162,-107.90051010926011
2019-01-01,Papua New Guinea,PNG,4.48051456942582,3.92867290939597,Historical,World Bank API,4.48051456942582,3.92867290939597,-1704.468364535809
2020-01-01,Papua New Guinea,PNG,-3.16743204434815,4.87167398565555,Historical,World Bank API,-3.16743204434815,4.87167398565555,-170.69348833194528
2021-01-01,Papua New Guinea,PNG,-0.511353418578196,4.48359014042398,Historical,World Bank API,-0.511353418578196,4.48359014042398,-83.85589930838022
2022-01-01,Papua New Guinea,PNG,5.70758404238197,5.25323922215241,Historical,World Bank API,5.70758404238197,5.25323922215241,-1216.1720710212026
2023-01-01,Papua New Guinea,PNG,3.81088622906051,2.29869991296791,Historical,World Bank API,3.81088622906051,2.29869991296791,-33.231185020446986
2024-01-01,Papua New Guinea,PNG,3.79979560086888,0.602403921107917,Historical,World Bank API,3.79979560086888,0.602403921107917,-0.29102490929948654
2000-01-01,Paraguay,PRY,-2.31414056819045,8.98215976750022,Historical,World Bank API,-2.31414056819045,8.98215976750022,
2001-01-01,Paraguay,PRY,-0.834054716746095,7.26806028584825,Historical,World Bank API,-0.834054716746095,7.26806028584825,-63.95833821805012
2002-01-01,Paraguay,PRY,-0.0214043949985694,10.5102420856612,Historical,World Bank API,-0.0214043949985694,10.5102420856612,-97.43369414873948
2003-01-01,Paraguay,PRY,4.32074548551591,14.2367970499143,Historical,World Bank API,4.32074548551591,14.2367970499143,-20286.253738097686
2004-01-01,Paraguay,PRY,4.05741836363771,4.32326492967491,Historical,World Bank API,4.05741836363771,4.32326492967491,-6.094483527459094
2005-01-01,Paraguay,PRY,2.13349066459601,6.80738203116377,Historical,World Bank API,2.13349066459601,6.80738203116377,-47.41753318523426
2006-01-01,Paraguay,PRY,4.80711719268376,9.58934941129229,Historical,World Bank API,4.80711719268376,9.58934941129229,125.31700149688815
2007-01-01,Paraguay,PRY,5.42162287218235,8.13047417698577,Historical,World Bank API,5.42162287218235,8.13047417698577,12.783247315747627
2008-01-01,Paraguay,PRY,6.49629211973152,10.1547846489023,Historical,World Bank API,6.49629211973152,10.1547846489023,19.82191076150206
2009-01-01,Paraguay,PRY,-0.261137328115808,2.59194673430567,Historical,World Bank API,-0.261137328115808,2.59194673430567,-104.01979041740815
2010-01-01,Paraguay,PRY,11.0952312685449,4.65116279069765,Historical,World Bank API,11.0952312685449,4.65116279069765,-4348.810902907162
2011-01-01,Paraguay,PRY,4.28637120706239,8.2539682539683,Historical,World Bank API,4.28637120706239,8.2539682539683,-61.36744603770181
2012-01-01,Paraguay,PRY,-0.708043112304196,3.67591897974496,Historical,World Bank API,-0.708043112304196,3.67591897974496,-116.51847397485307
2013-01-01,Paraguay,PRY,8.29307648937821,2.68385738718582,Historical,World Bank API,8.29307648937821,2.68385738718582,-1271.2671651292417
2014-01-01,Paraguay,PRY,5.30123864475758,5.02882767456766,Historical,World Bank API,5.30123864475758,5.02882767456766,-36.07633244975591
2015-01-01,Paraguay,PRY,2.95715168364671,3.12900274473925,Historical,World Bank API,2.95715168364671,3.12900274473925,-44.21772189842743
2016-01-01,Paraguay,PRY,4.26802583314358,4.08682280577241,Historical,World Bank API,4.26802583314358,4.08682280577241,44.328945205824596
2017-01-01,Paraguay,PRY,4.81007885552178,3.60247741348943,Historical,World Bank API,4.81007885552178,3.60247741348943,12.70032196545905
2018-01-01,Paraguay,PRY,3.20425034080199,3.97561015740694,Historical,World Bank API,3.20425034080199,3.97561015740694,-33.38466089545212
2019-01-01,Paraguay,PRY,-0.401855100701937,2.75709727562775,Historical,World Bank API,-0.401855100701937,2.75709727562775,-112.54131412845092
2020-01-01,Paraguay,PRY,-0.819785390945569,1.76751592356698,Historical,World Bank API,-0.819785390945569,1.76751592356698,104.00024524103735
2021-01-01,Paraguay,PRY,4.01673731776404,4.787983101236,Historical,World Bank API,4.01673731776404,4.787983101236,-589.974249618061
2022-01-01,Paraguay,PRY,0.176038366149214,9.76556667164402,Historical,World Bank API,0.176038366149214,9.76556667164402,-95.61737917561392
2023-01-01,Paraguay,PRY,4.9992279112746,4.63202285403356,Historical,World Bank API,4.9992279112746,4.63202285403356,2739.851346403172
2024-01-01,Paraguay,PRY,4.24996010464072,3.83540271728533,Historical,World Bank API,4.24996010464072,3.83540271728533,-14.987670494959438
2000-01-01,Peru,PER,2.69437139806912,3.75733833344474,Historical,World Bank API,2.69437139806912,3.75733833344474,
2001-01-01,Peru,PER,0.617892325624297,1.97709878502053,Historical,World Bank API,0.617892325624297,1.97709878502053,-77.06729198257152
2002-01-01,Peru,PER,5.45352893818767,0.193135003853722,Historical,World Bank API,5.45352893818767,0.193135003853722,782.6018243029017
2003-01-01,Peru,PER,4.16502313666112,2.25937753363072,Historical,World Bank API,4.16502313666112,2.25937753363072,-23.627009522291985
2004-01-01,Peru,PER,4.95820320611745,3.66247320092233,Historical,World Bank API,4.95820320611745,3.66247320092233,19.04383345376037
2005-01-01,Peru,PER,6.28506032509601,1.61630193862544,Historical,World Bank API,6.28506032509601,1.61630193862544,26.760845891541486
2006-01-01,Peru,PER,7.5288990440594,2.00225801248819,Historical,World Bank API,7.5288990440594,2.00225801248819,19.790402233639483
2007-01-01,Peru,PER,8.5183877690955,1.77998644680372,Historical,World Bank API,8.5183877690955,1.77998644680372,13.142542080131193
2008-01-01,Peru,PER,9.1265683014642,5.78587598206755,Historical,World Bank API,9.1265683014642,5.78587598206755,7.139620182297435
2009-01-01,Peru,PER,1.0958236592427,2.936231535967,Historical,World Bank API,1.0958236592427,2.936231535967,-87.9930372178676
2010-01-01,Peru,PER,8.33245910749577,1.52832059732901,Historical,World Bank API,8.33245910749577,1.52832059732901,660.3832092158106
2011-01-01,Peru,PER,6.32719240161117,3.36931095333853,Historical,World Bank API,6.32719240161117,3.36931095333853,-24.065725136060834
2012-01-01,Peru,PER,6.13972470560435,3.61121294940163,Historical,World Bank API,6.13972470560435,3.61121294940163,-2.9628891316641925
2013-01-01,Peru,PER,5.85251821084928,2.76789666082002,Historical,World Bank API,5.85251821084928,2.76789666082002,-4.677839944401862
2014-01-01,Peru,PER,2.38215737180541,3.41194579807465,Historical,World Bank API,2.38215737180541,3.41194579807465,-59.296882367842706
2015-01-01,Peru,PER,3.25224477218451,3.39809194746308,Historical,World Bank API,3.25224477218451,3.39809194746308,36.5251855598302
2016-01-01,Peru,PER,3.95331871520767,3.55717663556279,Historical,World Bank API,3.95331871520767,3.55717663556279,21.556616802623175
2017-01-01,Peru,PER,2.51883544233135,2.99490045809443,Historical,World Bank API,2.51883544233135,2.99490045809443,-36.28554579619736
2018-01-01,Peru,PER,3.969351341365,1.50915423024742,Historical,World Bank API,3.969351341365,1.50915423024742,57.58676706927312
2019-01-01,Peru,PER,2.24063176875049,2.25212191358027,Historical,World Bank API,2.24063176875049,2.25212191358027,-43.55168953172156
2020-01-01,Peru,PER,-10.9333065010382,2.00241205759292,Historical,World Bank API,-10.9333065010382,2.00241205759292,-587.9564171820729
2021-01-01,Peru,PER,13.3626240903125,4.27166381536798,Historical,World Bank API,13.3626240903125,4.27166381536798,-222.21942272489682
2022-01-01,Peru,PER,2.8090335533015,8.33370630096231,Historical,World Bank API,2.8090335533015,8.33370630096231,-78.97842868050172
2023-01-01,Peru,PER,-0.403242151494268,6.45561348369586,Historical,World Bank API,-0.403242151494268,6.45561348369586,-114.35519170001838
2024-01-01,Peru,PER,3.30394098171516,2.00770739412712,Historical,World Bank API,3.30394098171516,2.00770739412712,-919.3441507719276
2000-01-01,Philippines,PHL,4.38250500083399,3.9771250324928,Historical,World Bank API,4.38250500083399,3.9771250324928,
2001-01-01,Philippines,PHL,3.04923134463486,5.34550195567142,Historical,World Bank API,3.04923134463486,5.34550195567142,-30.422638558208337
2002-01-01,Philippines,PHL,3.71625500158383,2.72277227722765,Historical,World Bank API,3.71625500158383,2.72277227722765,21.875141029315536
2003-01-01,Philippines,PHL,5.08691113513073,2.28915662650607,Historical,World Bank API,5.08691113513073,2.28915662650607,36.882725565461485
2004-01-01,Philippines,PHL,6.56922851180626,4.82921083627795,Historical,World Bank API,6.56922851180626,4.82921083627795,29.13983235206321
2005-01-01,Philippines,PHL,4.94250511877678,6.51685393258433,Historical,World Bank API,4.94250511877678,6.51685393258433,-24.762776787349118
2006-01-01,Philippines,PHL,5.31641682136939,5.4852320675105,Historical,World Bank API,5.31641682136939,5.4852320675105,7.565226410633419
2007-01-01,Philippines,PHL,6.51929155018938,2.90000000000003,Historical,World Bank API,6.51929155018938,2.90000000000003,22.62566629435494
2008-01-01,Philippines,PHL,4.34448730509183,8.26044703595725,Historical,World Bank API,4.34448730509183,8.26044703595725,-33.35951810644784
2009-01-01,Philippines,PHL,1.44832306275669,4.21903052064628,Historical,World Bank API,1.44832306275669,4.21903052064628,-66.66296938975458
2010-01-01,Philippines,PHL,7.33449996034538,3.78983634797591,Historical,World Bank API,7.33449996034538,3.78983634797591,406.41325467711164
2011-01-01,Philippines,PHL,3.85823282795663,4.7184170471842,Historical,World Bank API,3.85823282795663,4.7184170471842,-47.39610268162103
2012-01-01,Philippines,PHL,6.89695171050985,3.02696391124796,Historical,World Bank API,6.89695171050985,3.02696391124796,78.75934444740507
2013-01-01,Philippines,PHL,6.75053130142255,2.58268766141795,Historical,World Bank API,6.75053130142255,2.58268766141795,-2.122972803538392
2014-01-01,Philippines,PHL,6.34798748260867,3.59782343864211,Historical,World Bank API,6.34798748260867,3.59782343864211,-5.963142763726625
2015-01-01,Philippines,PHL,6.34830971672761,0.674192536845408,Historical,World Bank API,6.34830971672761,0.674192536845408,0.005076161851658156
2016-01-01,Philippines,PHL,7.14945675000752,1.25369880080982,Historical,World Bank API,7.14945675000752,1.25369880080982,12.619847944231676
2017-01-01,Philippines,PHL,6.9309883258402,2.85318772590947,Historical,World Bank API,6.9309883258402,2.85318772590947,-3.055734607627214
2018-01-01,Philippines,PHL,6.34148557153473,5.30934661627707,Historical,World Bank API,6.34148557153473,5.30934661627707,-8.505320260137772
2019-01-01,Philippines,PHL,6.11852566221303,2.39206534422404,Historical,World Bank API,6.11852566221303,2.39206534422404,-3.5158939779427856
2020-01-01,Philippines,PHL,-9.51829474045297,2.3931623931624,Historical,World Bank API,-9.51829474045297,2.3931623931624,-255.56516824365602
2021-01-01,Philippines,PHL,5.71473313185116,3.92718022100332,Historical,World Bank API,5.71473313185116,3.92718022100332,-160.03946387122699
2022-01-01,Philippines,PHL,7.58098212785563,5.82115811213955,Historical,World Bank API,7.58098212785563,5.82115811213955,32.656800465500304
2023-01-01,Philippines,PHL,5.51894967862863,5.97802515541409,Historical,World Bank API,5.51894967862863,5.97802515541409,-27.20007004963445
2024-01-01,Philippines,PHL,5.69201612823412,3.21260487006347,Historical,World Bank API,5.69201612823412,3.21260487006347,3.1358584455963845
2000-01-01,Poland,POL,4.65633252988236,9.90017538843064,Historical,World Bank API,4.65633252988236,9.90017538843064,
2001-01-01,Poland,POL,1.23374464400356,5.40833545566148,Historical,World Bank API,1.23374464400356,5.40833545566148,-73.50394036323841
2002-01-01,Poland,POL,1.90119437968586,1.90528215048055,Historical,World Bank API,1.90119437968586,1.90528215048055,54.099504214777696
2003-01-01,Poland,POL,3.52337117234833,0.682701375787681,Historical,World Bank API,3.52337117234833,0.682701375787681,85.32408942480185
2004-01-01,Poland,POL,5.09079546409544,3.38264681884691,Historical,World Bank API,5.09079546409544,3.38264681884691,44.48649361862209
2005-01-01,Poland,POL,3.26082274679216,2.18379872390258,Historical,World Bank API,3.26082274679216,2.18379872390258,-35.946694975466656
2006-01-01,Poland,POL,6.20210710934373,1.28469394366408,Historical,World Bank API,6.20210710934373,1.28469394366408,90.20068218810924
2007-01-01,Poland,POL,6.7604478527626,2.45874312385402,Historical,World Bank API,6.7604478527626,2.45874312385402,9.002436326481789
2008-01-01,Poland,POL,4.38377069274605,4.16497193524764,Historical,World Bank API,4.38377069274605,4.16497193524764,-35.155617080092426
2009-01-01,Poland,POL,2.61512859291683,3.79539242483406,Historical,World Bank API,2.61512859291683,3.79539242483406,-40.34522386756776
2010-01-01,Poland,POL,3.16892748258036,2.58069370250543,Historical,World Bank API,3.16892748258036,2.58069370250543,21.17673643902309
2011-01-01,Poland,POL,5.25546256612796,4.2394014962594,Historical,World Bank API,5.25546256612796,4.2394014962594,65.84357310217142
2012-01-01,Poland,POL,1.51178167644575,3.56037151702783,Historical,World Bank API,1.51178167644575,3.56037151702783,-71.23408915155535
2013-01-01,Poland,POL,0.684240607051805,0.991982606332428,Historical,World Bank API,0.684240607051805,0.991982606332428,-54.73945625134987
2014-01-01,Poland,POL,3.92050862390032,0.0538213132399802,Historical,World Bank API,3.92050862390032,0.0538213132399802,472.97222402404014
2015-01-01,Poland,POL,4.43176700264478,-0.87412587412577,Historical,World Bank API,4.43176700264478,-0.87412587412577,13.040613547632862
2016-01-01,Poland,POL,3.03117767594847,-0.664767331433961,Historical,World Bank API,3.03117767594847,-0.664767331433961,-31.603406177727067
2017-01-01,Poland,POL,5.15245773325907,2.0759355367385,Historical,World Bank API,5.15245773325907,2.0759355367385,69.98204275989337
2018-01-01,Poland,POL,6.2458584723942,1.81295156542679,Historical,World Bank API,6.2458584723942,1.81295156542679,21.22095504204211
2019-01-01,Poland,POL,4.58045817256199,2.227478809383,Historical,World Bank API,4.58045817256199,2.227478809383,-26.664073596816852
2020-01-01,Poland,POL,-2.03556882399977,3.37446972618589,Historical,World Bank API,-2.03556882399977,3.37446972618589,-144.44028844523243
2021-01-01,Poland,POL,6.92718266052501,5.05502704719272,Historical,World Bank API,6.92718266052501,5.05502704719272,-440.30697360129113
2022-01-01,Poland,POL,5.25545697386036,14.4294507575758,Historical,World Bank API,5.25545697386036,14.4294507575758,-24.132836805229417
2023-01-01,Poland,POL,0.249610834017872,11.5289127961105,Historical,World Bank API,0.249610834017872,11.5289127961105,-95.25044472327737
2024-01-01,Poland,POL,3.02841630700273,3.7842600751287,Historical,World Bank API,3.02841630700273,3.7842600751287,1113.255153334369
2000-01-01,Portugal,PRT,3.81617714108242,2.85303039287157,Historical,World Bank API,3.81617714108242,2.85303039287157,
2001-01-01,Portugal,PRT,1.94367213427915,4.36990330551793,Historical,World Bank API,1.94367213427915,4.36990330551793,-49.06755995797808
2002-01-01,Portugal,PRT,0.770924781247714,3.60034658290914,Historical,World Bank API,0.770924781247714,3.60034658290914,-60.33668602582365
2003-01-01,Portugal,PRT,-0.930521045062918,3.21899090682895,Historical,World Bank API,-0.930521045062918,3.21899090682895,-220.70192419510803
2004-01-01,Portugal,PRT,1.78873552917291,2.36536204097302,Historical,World Bank API,1.78873552917291,2.36536204097302,-292.229454525874
2005-01-01,Portugal,PRT,0.781847569123585,2.27716394887834,Historical,World Bank API,0.781847569123585,2.27716394887834,-56.29048809216073
2006-01-01,Portugal,PRT,1.62503532956156,3.1076654587105,Historical,World Bank API,1.62503532956156,3.1076654587105,107.84554352239653
2007-01-01,Portugal,PRT,2.50657937751231,2.45396528138743,Historical,World Bank API,2.50657937751231,2.45396528138743,54.247685075781924
2008-01-01,Portugal,PRT,0.319247344434558,2.58850657657959,Historical,World Bank API,0.319247344434558,2.58850657657959,-87.26362518982344
2009-01-01,Portugal,PRT,-3.12207827545093,-0.835530021504157,Historical,World Bank API,-3.12207827545093,-0.835530021504157,-1077.949646215748
2010-01-01,Portugal,PRT,1.73762453640036,1.40257289895369,Historical,World Bank API,1.73762453640036,1.40257289895369,-155.65602086480007
2011-01-01,Portugal,PRT,-1.71352745905065,3.65301100430724,Historical,World Bank API,-1.71352745905065,3.65301100430724,-198.61321724889837
2012-01-01,Portugal,PRT,-4.05090267621935,2.77333854051586,Historical,World Bank API,-4.05090267621935,2.77333854051586,136.4072227044253
2013-01-01,Portugal,PRT,-0.984106574148328,0.274416666666663,Historical,World Bank API,-0.984106574148328,0.274416666666663,-75.70648685475749
2014-01-01,Portugal,PRT,0.741391420706506,-0.278153367467428,Historical,World Bank API,0.741391420706506,-0.278153367467428,-175.3364971012541
2015-01-01,Portugal,PRT,1.58979803702681,0.48793862390472,Historical,World Bank API,1.58979803702681,0.48793862390472,114.43437199634955
2016-01-01,Portugal,PRT,2.00414129666575,0.607397074641719,Historical,World Bank API,2.00414129666575,0.607397074641719,26.062635000721947
2017-01-01,Portugal,PRT,3.31472008175986,1.36861411643472,Historical,World Bank API,3.31472008175986,1.36861411643472,65.39353224617916
2018-01-01,Portugal,PRT,2.94628343449202,0.993715683468326,Historical,World Bank API,2.94628343449202,0.993715683468326,-11.115166233651586
2019-01-01,Portugal,PRT,2.74568432648596,0.338178410046034,Historical,World Bank API,2.74568432648596,0.338178410046034,-6.808547530005238
2020-01-01,Portugal,PRT,-8.20463159324387,-0.0124383299575305,Historical,World Bank API,-8.20463159324387,-0.0124383299575305,-398.81918740981035
2021-01-01,Portugal,PRT,5.55875672070374,1.26565719069044,Historical,World Bank API,5.55875672070374,1.26565719069044,-167.75144816107422
2022-01-01,Portugal,PRT,6.98584137580278,7.83269124233323,Historical,World Bank API,6.98584137580278,7.83269124233323,25.672730914519516
2023-01-01,Portugal,PRT,3.09997909018263,4.31128191898672,Historical,World Bank API,3.09997909018263,4.31128191898672,-55.624828514999095
2024-01-01,Portugal,PRT,2.13967177177636,2.41613187791884,Historical,World Bank API,2.13967177177636,2.41613187791884,-30.977864381327013
2000-01-01,Puerto Rico (US),PRI,3.27196451910478,,Historical,World Bank API,3.27196451910478,6.747787530076212,
2001-01-01,Puerto Rico (US),PRI,6.31347157694064,,Historical,World Bank API,6.31347157694064,6.747787530076212,92.95660267942105
2002-01-01,Puerto Rico (US),PRI,0.916459423425337,,Historical,World Bank API,0.916459423425337,6.747787530076212,-85.48406510971525
2003-01-01,Puerto Rico (US),PRI,0.0534198017173964,,Historical,World Bank API,0.0534198017173964,6.747787530076212,-94.17106744150921
2004-01-01,Puerto Rico (US),PRI,8.7486769008168,,Historical,World Bank API,8.7486769008168,6.747787530076212,16277.217098444891
2005-01-01,Puerto Rico (US),PRI,-1.98693871772703,,Historical,World Bank API,-1.98693871772703,6.747787530076212,-122.7113052665315
2006-01-01,Puerto Rico (US),PRI,-1.40941405684823,,Historical,World Bank API,-1.40941405684823,6.747787530076212,-29.066053005372126
2007-01-01,Puerto Rico (US),PRI,-1.16280665573993,,Historical,World Bank API,-1.16280665573993,6.747787530076212,-17.49715776638203
2008-01-01,Puerto Rico (US),PRI,-1.84413421831884,,Historical,World Bank API,-1.84413421831884,6.747787530076212,58.59336625015792
2009-01-01,Puerto Rico (US),PRI,-1.95242518381124,,Historical,World Bank API,-1.95242518381124,6.747787530076212,5.872184595713481
2010-01-01,Puerto Rico (US),PRI,-0.413254119172365,,Historical,World Bank API,-0.413254119172365,6.747787530076212,-78.83380512611139
2011-01-01,Puerto Rico (US),PRI,-0.358510636850312,,Historical,World Bank API,-0.358510636850312,6.747787530076212,-13.246929620856351
2012-01-01,Puerto Rico (US),PRI,0.0292751500944064,,Historical,World Bank API,0.0292751500944064,6.747787530076212,-108.16576890203389
2013-01-01,Puerto Rico (US),PRI,-0.306826666941774,,Historical,World Bank API,-0.306826666941774,6.747787530076212,-1148.0788858547965
2014-01-01,Puerto Rico (US),PRI,-1.19036347346942,,Historical,World Bank API,-1.19036347346942,6.747787530076212,287.959588172078
2015-01-01,Puerto Rico (US),PRI,-1.04929003238674,,Historical,World Bank API,-1.04929003238674,6.747787530076212,-11.85129115828033
2016-01-01,Puerto Rico (US),PRI,-1.26369434781117,,Historical,World Bank API,-1.26369434781117,6.747787530076212,20.43327476739112
2017-01-01,Puerto Rico (US),PRI,-2.88521838398481,,Historical,World Bank API,-2.88521838398481,6.747787530076212,128.31615801576248
2018-01-01,Puerto Rico (US),PRI,-4.36142703162535,,Historical,World Bank API,-4.36142703162535,6.747787530076212,51.1645376944303
2019-01-01,Puerto Rico (US),PRI,1.67546379498209,,Historical,World Bank API,1.67546379498209,6.747787530076212,-138.41549526870577
2020-01-01,Puerto Rico (US),PRI,-4.1808743093346,,Historical,World Bank API,-4.1808743093346,6.747787530076212,-349.5353419068833
2021-01-01,Puerto Rico (US),PRI,0.385222719529239,,Historical,World Bank API,0.385222719529239,6.747787530076212,-109.21392730389326
2022-01-01,Puerto Rico (US),PRI,2.95709565499587,,Historical,World Bank API,2.95709565499587,6.747787530076212,667.6327238979013
2023-01-01,Puerto Rico (US),PRI,0.731492105366186,,Historical,World Bank API,0.731492105366186,6.747787530076212,-75.26315714101553
2024-01-01,Puerto Rico (US),PRI,3.17707554784896,,Historical,World Bank API,3.17707554784896,6.747787530076212,334.3280706028278
2000-01-01,Qatar,QAT,8.02812545191884,1.65033522434232,Historical,World Bank API,8.02812545191884,1.65033522434232,
2001-01-01,Qatar,QAT,3.89818666233907,1.47133434804683,Historical,World Bank API,3.89818666233907,1.47133434804683,-51.44337634375972
2002-01-01,Qatar,QAT,7.18215168021513,0.239999999999952,Historical,World Bank API,7.18215168021513,0.239999999999952,84.24340090234539
2003-01-01,Qatar,QAT,3.71995867654906,2.26456504389469,Historical,World Bank API,3.71995867654906,2.26456504389469,-48.20551218938285
2004-01-01,Qatar,QAT,19.2189153397893,6.79933665008279,Historical,World Bank API,19.2189153397893,6.79933665008279,416.6432482421646
2005-01-01,Qatar,QAT,7.49275848279068,8.81439532334683,Historical,World Bank API,7.49275848279068,8.81439532334683,-61.01362459681441
2006-01-01,Qatar,QAT,26.1702456703032,11.8358096197431,Historical,World Bank API,26.1702456703032,11.8358096197431,249.27384527888967
2007-01-01,Qatar,QAT,17.9856568160263,13.7581625759964,Historical,World Bank API,17.9856568160263,13.7581625759964,-31.27440589357706
2008-01-01,Qatar,QAT,17.6635563626089,15.0501451570333,Historical,World Bank API,17.6635563626089,15.0501451570333,-1.790874009840926
2009-01-01,Qatar,QAT,11.9565611289086,-4.86327801622565,Historical,World Bank API,11.9565611289086,-4.86327801622565,-32.309434841678616
2010-01-01,Qatar,QAT,19.5921744776308,-2.42525675161714,Historical,World Bank API,19.5921744776308,-2.42525675161714,63.86128307629186
2011-01-01,Qatar,QAT,13.3752345495477,1.13836623529202,Historical,World Bank API,13.3752345495477,1.13836623529202,-31.731750527136427
2012-01-01,Qatar,QAT,4.73008513739958,2.31534853431661,Historical,World Bank API,4.73008513739958,2.31534853431661,-64.63549764396816
2013-01-01,Qatar,QAT,5.55610364218512,3.22197756829293,Historical,World Bank API,5.55610364218512,3.22197756829293,17.463079010025062
2014-01-01,Qatar,QAT,5.33434159770252,3.34972085659523,Historical,World Bank API,5.33434159770252,3.34972085659523,-3.991323034344718
2015-01-01,Qatar,QAT,4.75332372902957,1.8140772393776,Historical,World Bank API,4.75332372902957,1.8140772393776,-10.892025904812542
2016-01-01,Qatar,QAT,3.06410503214877,2.6765917009819,Historical,World Bank API,3.06410503214877,2.6765917009819,-35.53763204816828
2017-01-01,Qatar,QAT,-1.49756209084892,0.394878914083005,Historical,World Bank API,-1.49756209084892,0.394878914083005,-148.87437196624825
2018-01-01,Qatar,QAT,1.23483197031548,0.255815382724408,Historical,World Bank API,1.23483197031548,0.255815382724408,-182.45614508146994
2019-01-01,Qatar,QAT,0.688255893930972,-0.666641124861147,Historical,World Bank API,0.688255893930972,-0.666641124861147,-44.263194468869024
2020-01-01,Qatar,QAT,-3.55750284254954,-2.5403150300476,Historical,World Bank API,-3.55750284254954,-2.5403150300476,-616.8866513050649
2021-01-01,Qatar,QAT,1.62693587314129,2.30446565742003,Historical,World Bank API,1.62693587314129,2.30446565742003,-145.73252489589922
2022-01-01,Qatar,QAT,4.18497018544697,4.99527553740761,Historical,World Bank API,4.18497018544697,4.99527553740761,157.23018679074445
2023-01-01,Qatar,QAT,1.53979117720789,3.02764899198902,Historical,World Bank API,1.53979117720789,3.02764899198902,-63.206639259643026
2024-01-01,Qatar,QAT,2.35970586926597,1.26734310292375,Historical,World Bank API,2.35970586926597,1.26734310292375,53.24843421591976
2000-01-01,Romania,ROU,2.4612634592269,45.6665940440238,Historical,World Bank API,2.4612634592269,45.6665940440238,
2001-01-01,Romania,ROU,5.21813625673708,34.4770123493527,Historical,World Bank API,5.21813625673708,34.4770123493527,112.01047117386342
2002-01-01,Romania,ROU,5.70299165043771,22.5398862605386,Historical,World Bank API,5.70299165043771,22.5398862605386,9.291735015057112
2003-01-01,Romania,ROU,2.34114732919521,15.2734889936255,Historical,World Bank API,2.34114732919521,15.2734889936255,-58.94878560771652
2004-01-01,Romania,ROU,10.4281130180976,11.8743635936399,Historical,World Bank API,10.4281130180976,11.8743635936399,345.42745721527723
2005-01-01,Romania,ROU,4.6681480508487,9.01491283343835,Historical,World Bank API,4.6681480508487,9.01491283343835,-55.23496875467975
2006-01-01,Romania,ROU,8.02881107599163,6.55851412276983,Historical,World Bank API,8.02881107599163,6.55851412276983,71.99135478430124
2007-01-01,Romania,ROU,7.23380774362805,4.83732928313989,Historical,World Bank API,7.23380774362805,4.83732928313989,-9.901881173177184
2008-01-01,Romania,ROU,9.30746717077338,7.85080255714482,Historical,World Bank API,9.30746717077338,7.85080255714482,28.666222557157784
2009-01-01,Romania,ROU,-5.51670615843011,5.58742004264393,Historical,World Bank API,-5.51670615843011,5.58742004264393,-159.27183042614712
2010-01-01,Romania,ROU,-3.90581157302972,6.09141668601891,Historical,World Bank API,-3.90581157302972,6.09141668601891,-29.20029704570676
2011-01-01,Romania,ROU,4.49558909946313,5.7892532881588,Historical,World Bank API,4.49558909946313,5.7892532881588,-215.099999459931
2012-01-01,Romania,ROU,1.90361696799603,3.33492267693442,Historical,World Bank API,1.90361696799603,3.33492267693442,-57.65589501444065
2013-01-01,Romania,ROU,0.278771877470234,3.9847123554813,Historical,World Bank API,0.278771877470234,3.9847123554813,-85.35567384841595
2014-01-01,Romania,ROU,4.11600109267832,1.06830987684298,Historical,World Bank API,4.11600109267832,1.06830987684298,1376.4764401738507
2015-01-01,Romania,ROU,3.1570360543854,-0.594156437495203,Historical,World Bank API,3.1570360543854,-0.594156437495203,-23.29846413303337
2016-01-01,Romania,ROU,2.85993252302089,-1.54479666813897,Historical,World Bank API,2.85993252302089,-1.54479666813897,-9.410837451533293
2017-01-01,Romania,ROU,8.19547826641261,1.3390212110439,Historical,World Bank API,8.19547826641261,1.3390212110439,186.56194509637905
2018-01-01,Romania,ROU,5.39452228185675,4.62548443137779,Historical,World Bank API,5.39452228185675,4.62548443137779,-34.176845981459934
2019-01-01,Romania,ROU,3.96028958497598,3.82785432599438,Historical,World Bank API,3.96028958497598,3.82785432599438,-26.586834235618706
2020-01-01,Romania,ROU,-3.59802546034757,2.63107311184743,Historical,World Bank API,-3.59802546034757,2.63107311184743,-190.85258497250507
2021-01-01,Romania,ROU,5.58735072538869,5.05232876096582,Historical,World Bank API,5.58735072538869,5.05232876096582,-255.28936042739815
2022-01-01,Romania,ROU,4.18771305104109,13.7954887432521,Historical,World Bank API,4.18771305104109,13.7954887432521,-25.050113070362745
2023-01-01,Romania,ROU,2.25773416555121,10.3971874764996,Historical,World Bank API,2.25773416555121,10.3971874764996,-46.08670321883864
2024-01-01,Romania,ROU,0.916003764382594,5.72140574354439,Historical,World Bank API,0.916003764382594,5.72140574354439,-59.42818342570646
2000-01-01,Russian Federation,RUS,10.0000668136515,20.7987606558704,Historical,World Bank API,10.0000668136515,20.7987606558704,
2001-01-01,Russian Federation,RUS,5.10005122572568,21.4770072117159,Historical,World Bank API,5.10005122572568,21.4770072117159,-48.99982849351176
2002-01-01,Russian Federation,RUS,4.69999190914258,15.7887307914463,Historical,World Bank API,4.69999190914258,15.7887307914463,-7.844221535758711
2003-01-01,Russian Federation,RUS,7.29995234528189,13.6632930228666,Historical,World Bank API,7.29995234528189,13.6632930228666,55.31840238026329
2004-01-01,Russian Federation,RUS,7.19994786954857,10.8886157326216,Historical,World Bank API,7.19994786954857,10.8886157326216,-1.3699332680980558
2005-01-01,Russian Federation,RUS,6.39996544799469,12.6853039507349,Historical,World Bank API,6.39996544799469,12.6853039507349,-11.110947413068395
2006-01-01,Russian Federation,RUS,8.20006825456321,9.66865454789265,Historical,World Bank API,8.20006825456321,9.66865454789265,28.126758201992285
2007-01-01,Russian Federation,RUS,8.49997776916511,9.00729868861079,Historical,World Bank API,8.49997776916511,9.00729868861079,3.657402661679132
2008-01-01,Russian Federation,RUS,5.19996926404957,14.1107677840442,Historical,World Bank API,5.19996926404957,14.1107677840442,-38.82373101123623
2009-01-01,Russian Federation,RUS,-7.79999391271275,11.6473295764118,Historical,World Bank API,-7.79999391271275,11.6473295764118,-250.00076955528704
2010-01-01,Russian Federation,RUS,4.49999999920672,6.84939230255025,Historical,World Bank API,4.49999999920672,6.84939230255025,-157.69235270648653
2011-01-01,Russian Federation,RUS,4.30002918567749,8.4404648593257,Historical,World Bank API,4.30002918567749,8.4404648593257,-4.443795856988486
2012-01-01,Russian Federation,RUS,4.02408615746921,5.07474300799149,Historical,World Bank API,4.02408615746921,5.07474300799149,-6.417236169637852
2013-01-01,Russian Federation,RUS,1.75542214874298,6.75466833903486,Historical,World Bank API,1.75542214874298,6.75466833903486,-56.37712315168263
2014-01-01,Russian Federation,RUS,0.736267221765672,7.82016970013845,Historical,World Bank API,0.736267221765672,7.82016970013845,-58.057540615350156
2015-01-01,Russian Federation,RUS,-1.97271922580408,15.5343959935701,Historical,World Bank API,-1.97271922580408,15.5343959935701,-367.93522344689234
2016-01-01,Russian Federation,RUS,0.193690071260534,7.04243725413707,Historical,World Bank API,0.193690071260534,7.04243725413707,-109.81843075927777
2017-01-01,Russian Federation,RUS,1.82579006401834,3.68333072334495,Historical,World Bank API,1.82579006401834,3.68333072334495,842.6348248705302
2018-01-01,Russian Federation,RUS,2.80724541059601,2.87831382614981,Historical,World Bank API,2.80724541059601,2.87831382614981,53.755103936627144
2019-01-01,Russian Federation,RUS,2.19807571335009,4.47202631837903,Historical,World Bank API,2.19807571335009,4.47202631837903,-21.699908919490817
2020-01-01,Russian Federation,RUS,-2.65365450102773,3.38219796948068,Historical,World Bank API,-2.65365450102773,3.38219796948068,-220.72625546566326
2021-01-01,Russian Federation,RUS,5.86649177292595,6.69445891957612,Historical,World Bank API,5.86649177292595,6.69445891957612,-321.072176903735
2022-01-01,Russian Federation,RUS,-1.43588213859842,13.7436797398232,Historical,World Bank API,-1.43588213859842,13.7436797398232,-124.47599339054838
2023-01-01,Russian Federation,RUS,4.08252481259281,5.86571931748967,Historical,World Bank API,4.08252481259281,5.86571931748967,-384.3217213202336
2024-01-01,Russian Federation,RUS,4.34437475491529,8.43486410496723,Historical,World Bank API,4.34437475491529,8.43486410496723,6.413921637776365
2000-01-01,Rwanda,RWA,8.37089593548548,3.89952980284712,Historical,World Bank API,8.37089593548548,3.89952980284712,
2001-01-01,Rwanda,RWA,8.4845603416011,3.34285506749409,Historical,World Bank API,8.4845603416011,3.34285506749409,1.3578523373320106
2002-01-01,Rwanda,RWA,13.1920736254262,1.99258542453993,Historical,World Bank API,13.1920736254262,1.99258542453993,55.48329075748855
2003-01-01,Rwanda,RWA,2.20238751139603,7.44970014007366,Historical,World Bank API,2.20238751139603,7.44970014007366,-83.30522119622512
2004-01-01,Rwanda,RWA,7.44766737034072,12.2507102894391,Historical,World Bank API,7.44766737034072,12.2507102894391,238.1633491746354
2005-01-01,Rwanda,RWA,9.3778991673686,9.01408918092339,Historical,World Bank API,9.3778991673686,9.01408918092339,25.91726645465875
2006-01-01,Rwanda,RWA,9.22707576798881,8.88282654777923,Historical,World Bank API,9.22707576798881,8.88282654777923,-1.6082855732187484
2007-01-01,Rwanda,RWA,7.63329819125276,9.08072205873158,Historical,World Bank API,7.63329819125276,9.08072205873158,-17.272835043419597
2008-01-01,Rwanda,RWA,11.1612473247323,15.4382138709255,Historical,World Bank API,11.1612473247323,15.4382138709255,46.217887014060686
2009-01-01,Rwanda,RWA,6.24825750620508,12.9443978401712,Historical,World Bank API,6.24825750620508,12.9443978401712,-44.01828644761312
2010-01-01,Rwanda,RWA,7.33465645006753,-0.246128693436934,Historical,World Bank API,7.33465645006753,-0.246128693436934,17.38723064444059
2011-01-01,Rwanda,RWA,7.95838869847094,3.0801706924026,Historical,World Bank API,7.95838869847094,3.0801706924026,8.503905433739401
2012-01-01,Rwanda,RWA,8.64150815836322,10.2710182318876,Historical,World Bank API,8.64150815836322,10.2710182318876,8.583640304268236
2013-01-01,Rwanda,RWA,4.71984856978263,5.92426867984854,Historical,World Bank API,4.71984856978263,5.92426867984854,-45.381656959789154
2014-01-01,Rwanda,RWA,6.16716615166932,2.35449052820358,Historical,World Bank API,6.16716615166932,2.35449052820358,30.664491889690982
2015-01-01,Rwanda,RWA,8.8568555974538,2.52850284192421,Historical,World Bank API,8.8568555974538,2.52850284192421,43.613053056085384
2016-01-01,Rwanda,RWA,5.97074525431094,7.17434301982009,Historical,World Bank API,5.97074525431094,7.17434301982009,-32.58617362997956
2017-01-01,Rwanda,RWA,3.91817093628465,8.27953672260832,Historical,World Bank API,3.91817093628465,8.27953672260832,-34.37718794893
2018-01-01,Rwanda,RWA,8.51646722592409,-0.311210160390699,Historical,World Bank API,8.51646722592409,-0.311210160390699,117.35823588135004
2019-01-01,Rwanda,RWA,9.44738518613097,3.34787655037648,Historical,World Bank API,9.44738518613097,3.34787655037648,10.930799538254199
2020-01-01,Rwanda,RWA,-3.37368746369782,9.85039902274207,Historical,World Bank API,-3.37368746369782,9.85039902274207,-135.71027747074913
2021-01-01,Rwanda,RWA,10.8584320184896,-0.391346748300791,Historical,World Bank API,10.8584320184896,-0.391346748300791,-421.85648894067754
2022-01-01,Rwanda,RWA,8.16120720872912,17.6892095588153,Historical,World Bank API,8.16120720872912,17.6892095588153,-24.839910635050067
2023-01-01,Rwanda,RWA,8.24990302014558,19.789546746467,Historical,World Bank API,8.24990302014558,19.789546746467,1.0867976899494813
2024-01-01,Rwanda,RWA,8.89065529573114,1.77029240198635,Historical,World Bank API,8.89065529573114,1.77029240198635,7.766785549125799
2000-01-01,Samoa,WSM,5.09304469244418,0.966782350024729,Historical,World Bank API,5.09304469244418,0.966782350024729,
2001-01-01,Samoa,WSM,7.39012906172989,3.83828463867725,Historical,World Bank API,7.39012906172989,3.83828463867725,45.10237997113129
2002-01-01,Samoa,WSM,5.65195919890348,8.0503144654087,Historical,World Bank API,5.65195919890348,8.0503144654087,-23.52015571456795
2003-01-01,Samoa,WSM,5.21262892634149,0.115830115830107,Historical,World Bank API,5.21262892634149,0.115830115830107,-7.773061642894074
2004-01-01,Samoa,WSM,3.0872602379675,16.3131507905901,Historical,World Bank API,3.0872602379675,16.3131507905901,-40.77345075598333
2005-01-01,Samoa,WSM,6.63920361300734,1.85676392572949,Historical,World Bank API,6.63920361300734,1.85676392572949,115.0516348235763
2006-01-01,Samoa,WSM,2.13212714677351,3.70008680555553,Historical,World Bank API,2.13212714677351,3.70008680555553,-67.88579969747717
2007-01-01,Samoa,WSM,0.485982550017255,5.57706393219629,Historical,World Bank API,0.485982550017255,5.57706393219629,-77.20668062630884
2008-01-01,Samoa,WSM,3.55610467395,11.565906838454,Historical,World Bank API,3.55610467395,11.565906838454,631.735053825233
2009-01-01,Samoa,WSM,-0.541677601834593,6.32495336235228,Historical,World Bank API,-0.541677601834593,6.32495336235228,-115.23233007741914
2010-01-01,Samoa,WSM,6.1247199226125,0.777007268777692,Historical,World Bank API,6.1247199226125,0.777007268777692,-1230.6946977074285
2011-01-01,Samoa,WSM,3.84907794660396,5.23541591478434,Historical,World Bank API,3.84907794660396,5.23541591478434,-37.15503736924944
2012-01-01,Samoa,WSM,-3.73213020890266,2.0490188352116,Historical,World Bank API,-3.73213020890266,2.0490188352116,-196.96166876006026
2013-01-01,Samoa,WSM,0.107293276488932,0.61008572090503,Historical,World Bank API,0.107293276488932,0.61008572090503,-102.874853514837
2014-01-01,Samoa,WSM,0.659923768782861,-0.40681608842489,Historical,World Bank API,0.659923768782861,-0.40681608842489,515.0653520688562
2015-01-01,Samoa,WSM,3.8503618166494,0.724470134874729,Historical,World Bank API,3.8503618166494,0.724470134874729,483.45554422912596
2016-01-01,Samoa,WSM,7.9838628784713,1.30471869303179,Historical,World Bank API,7.9838628784713,1.30471869303179,107.35357503152491
2017-01-01,Samoa,WSM,1.40628239971301,1.74989677484705,Historical,World Bank API,1.40628239971301,1.74989677484705,-82.38593997518309
2018-01-01,Samoa,WSM,-0.609647103380141,4.19745888663752,Historical,World Bank API,-0.609647103380141,4.19745888663752,-143.35168409307803
2019-01-01,Samoa,WSM,4.45185891688691,0.982326569888117,Historical,World Bank API,4.45185891688691,0.982326569888117,-830.2353922792257
2020-01-01,Samoa,WSM,-3.10864485863991,-1.56891247740895,Historical,World Bank API,-3.10864485863991,-1.56891247740895,-169.8280182880036
2021-01-01,Samoa,WSM,-5.04350521486909,3.13320473174494,Historical,World Bank API,-5.04350521486909,3.13320473174494,62.24128017877597
2022-01-01,Samoa,WSM,2.26705055249026,10.9618822286844,Historical,World Bank API,2.26705055249026,10.9618822286844,-144.94990003790656
2023-01-01,Samoa,WSM,15.2336106467304,7.92164684826777,Historical,World Bank API,15.2336106467304,7.92164684826777,571.957254327519
2024-01-01,Samoa,WSM,4.74838445564714,2.17245530514377,Historical,World Bank API,4.74838445564714,2.17245530514377,-68.8295535066318
2000-01-01,San Marino,SMR,2.17937971500419,,Historical,World Bank API,2.17937971500419,6.747787530076212,
2001-01-01,San Marino,SMR,5.57834290401968,,Historical,World Bank API,5.57834290401968,6.747787530076212,155.96011863444156
2002-01-01,San Marino,SMR,0.310800310800303,,Historical,World Bank API,0.310800310800303,6.747787530076212,-94.42844736962397
2003-01-01,San Marino,SMR,3.87296669248644,,Historical,World Bank API,3.87296669248644,6.747787530076212,1146.1270333075433
2004-01-01,San Marino,SMR,4.5488441461596,1.43083868527343,Historical,World Bank API,4.5488441461596,1.43083868527343,17.451155853841005
2005-01-01,San Marino,SMR,2.42510699001426,1.68548890528347,Historical,World Bank API,2.42510699001426,1.68548890528347,-46.6874020719818
2006-01-01,San Marino,SMR,3.83008356545962,2.09525935611432,Historical,World Bank API,3.83008356545962,2.09525935611432,57.9346223168941
2007-01-01,San Marino,SMR,7.10932260228034,2.49894575725803,Historical,World Bank API,7.10932260228034,2.49894575725803,85.61795012499165
2008-01-01,San Marino,SMR,-0.500939261114581,4.29320249287704,Historical,World Bank API,-0.500939261114581,4.29320249287704,-107.04623055020606
2009-01-01,San Marino,SMR,-10.3209565764632,2.19959237046011,Historical,World Bank API,-10.3209565764632,2.19959237046011,1960.3209565765028
2010-01-01,San Marino,SMR,-5.47368421052632,2.58541815582587,Historical,World Bank API,-5.47368421052632,2.58541815582587,-46.96534017971762
2011-01-01,San Marino,SMR,-8.3147735708983,2.89979584300123,Historical,World Bank API,-8.3147735708983,2.89979584300123,51.90451716064188
2012-01-01,San Marino,SMR,-7.04453441295546,2.8273322422258,Historical,World Bank API,-7.04453441295546,2.8273322422258,-15.276894158473253
2013-01-01,San Marino,SMR,-0.78397212543554,1.60439298078082,Historical,World Bank API,-0.78397212543554,1.60439298078082,-88.87120028835756
2014-01-01,San Marino,SMR,-0.702370500438988,1.11296303373851,Historical,World Bank API,-0.702370500438988,1.11296303373851,-10.408740610671297
2015-01-01,San Marino,SMR,2.29150556129265,0.145686073241066,Historical,World Bank API,2.29150556129265,0.145686073241066,-426.253104289038
2016-01-01,San Marino,SMR,2.34440586055426,0.644075340346552,Historical,World Bank API,2.34440586055426,0.644075340346552,2.308538986559072
2017-01-01,San Marino,SMR,0.258265466328027,1.01413313194508,Historical,World Bank API,0.258265466328027,1.01413313194508,-88.9837561544498
2018-01-01,San Marino,SMR,1.49390531817373,1.16333522293158,Historical,World Bank API,1.49390531817373,1.16333522293158,478.43789160580127
2019-01-01,San Marino,SMR,2.06568514732739,0.472651967352852,Historical,World Bank API,2.06568514732739,0.472651967352852,38.274167860427035
2020-01-01,San Marino,SMR,-6.64791081780605,-0.133368898372915,Historical,World Bank API,-6.64791081780605,-0.133368898372915,-421.8259484707629
2021-01-01,San Marino,SMR,13.8977895076234,1.61551411551421,Historical,World Bank API,13.8977895076234,1.61551411551421,-309.05499319273304
2022-01-01,San Marino,SMR,7.89844145767604,5.32545321311365,Historical,World Bank API,7.89844145767604,5.32545321311365,-43.167642211421594
2023-01-01,San Marino,SMR,0.401934896977224,5.93190858629403,Historical,World Bank API,0.401934896977224,5.93190858629403,-94.91121255843953
2024-01-01,San Marino,SMR,,1.24216507945569,Historical,World Bank API,3.326306297196254,1.24216507945569,727.5734011184259
2000-01-01,Sao Tome and Principe,STP,0.448368261692949,12.2089456308977,Historical,World Bank API,0.448368261692949,12.2089456308977,
2001-01-01,Sao Tome and Principe,STP,3.06448295788719,9.22203707560889,Historical,World Bank API,3.06448295788719,9.22203707560889,583.4745497632491
2002-01-01,Sao Tome and Principe,STP,3.360188168222,10.128724672229,Historical,World Bank API,3.360188168222,10.128724672229,9.649432364234256
2003-01-01,Sao Tome and Principe,STP,8.29151946119818,9.79241974934509,Historical,World Bank API,8.29151946119818,9.79241974934509,146.75759350660203
2004-01-01,Sao Tome and Principe,STP,3.5379059435684,13.2858860871796,Historical,World Bank API,3.5379059435684,13.2858860871796,-57.33103009496947
2005-01-01,Sao Tome and Principe,STP,6.61462475033599,17.1522049354354,Historical,World Bank API,6.61462475033599,17.1522049354354,86.96440368520233
2006-01-01,Sao Tome and Principe,STP,8.86610935944026,23.0770373451381,Historical,World Bank API,8.86610935944026,23.0770373451381,34.037979387869385
2007-01-01,Sao Tome and Principe,STP,3.64147185166024,18.5485136325779,Historical,World Bank API,3.64147185166024,18.5485136325779,-58.92818705441577
2008-01-01,Sao Tome and Principe,STP,6.2287850696102,31.9901039492573,Historical,World Bank API,6.2287850696102,31.9901039492573,71.05130352086444
2009-01-01,Sao Tome and Principe,STP,3.30239966645061,16.9574758025945,Historical,World Bank API,3.30239966645061,16.9574758025945,-46.98164040748839
2010-01-01,Sao Tome and Principe,STP,1.44845522890635,13.34005235378,Historical,World Bank API,1.44845522890635,13.34005235378,-56.139311555129346
2011-01-01,Sao Tome and Principe,STP,1.99943210333259,14.3271667616801,Historical,World Bank API,1.99943210333259,14.3271667616801,38.03893026381304
2012-01-01,Sao Tome and Principe,STP,2.94294277416023,10.6379353431628,Historical,World Bank API,2.94294277416023,10.6379353431628,47.18893276020859
2013-01-01,Sao Tome and Principe,STP,5.11967735428513,8.10583270875476,Historical,World Bank API,5.11967735428513,8.10583270875476,73.96455681154154
2014-01-01,Sao Tome and Principe,STP,4.90621048664867,6.99849943966421,Historical,World Bank API,4.90621048664867,6.99849943966421,-4.1695375091906905
2015-01-01,Sao Tome and Principe,STP,1.5397042826735,5.24587835022454,Historical,World Bank API,1.5397042826735,5.24587835022454,-68.6172395810674
2016-01-01,Sao Tome and Principe,STP,5.17682468684113,5.43051966119156,Historical,World Bank API,5.17682468684113,5.43051966119156,236.22200997273546
2017-01-01,Sao Tome and Principe,STP,4.11297966281954,5.6902961992902,Historical,World Bank API,4.11297966281954,5.6902961992902,-20.550145859212833
2018-01-01,Sao Tome and Principe,STP,4.37812808264972,7.86859628873909,Historical,World Bank API,4.37812808264972,7.86859628873909,6.446626085391705
2019-01-01,Sao Tome and Principe,STP,2.01431672129407,7.72024525213248,Historical,World Bank API,2.01431672129407,7.72024525213248,-53.99137066645684
2020-01-01,Sao Tome and Principe,STP,2.62485949543812,9.81932791540146,Historical,World Bank API,2.62485949543812,9.81932791540146,30.310167596276294
2021-01-01,Sao Tome and Principe,STP,1.89929891337832,8.13777038378732,Historical,World Bank API,1.89929891337832,8.13777038378732,-27.641882672988384
2022-01-01,Sao Tome and Principe,STP,0.168698492216564,18.0056351122841,Historical,World Bank API,0.168698492216564,18.0056351122841,-91.11785453946811
2023-01-01,Sao Tome and Principe,STP,0.372252775001456,21.2589138473,Historical,World Bank API,0.372252775001456,21.2589138473,120.66158986387525
2024-01-01,Sao Tome and Principe,STP,1.09999940100751,14.3519273571008,Historical,World Bank API,1.09999940100751,14.3519273571008,195.4979720441863
2000-01-01,Saudi Arabia,SAU,4.71813422138024,-1.1249983851764,Historical,World Bank API,4.71813422138024,-1.1249983851764,
2001-01-01,Saudi Arabia,SAU,0.344593196175438,-1.12094804896791,Historical,World Bank API,0.344593196175438,-1.12094804896791,-92.69640963977004
2002-01-01,Saudi Arabia,SAU,-0.688390130317757,0.247186492339725,Historical,World Bank API,-0.688390130317757,0.247186492339725,-299.7689269428542
2003-01-01,Saudi Arabia,SAU,8.76873381743964,0.612195358172966,Historical,World Bank API,8.76873381743964,0.612195358172966,-1373.802954349744
2004-01-01,Saudi Arabia,SAU,8.63100545880309,0.51550789776726,Historical,World Bank API,8.63100545880309,0.51550789776726,-1.5706755559466323
2005-01-01,Saudi Arabia,SAU,5.94489623934835,0.47923167163102,Historical,World Bank API,5.94489623934835,0.47923167163102,-31.121625774376906
2006-01-01,Saudi Arabia,SAU,3.31348473625901,2.20902314069639,Historical,World Bank API,3.31348473625901,2.20902314069639,-44.263371422236666
2007-01-01,Saudi Arabia,SAU,2.21365396372528,4.1678235843158,Historical,World Bank API,2.21365396372528,4.1678235843158,-33.19257096610202
2008-01-01,Saudi Arabia,SAU,6.2379875365458,9.87024816760269,Historical,World Bank API,6.2379875365458,9.87024816760269,181.79596444460145
2009-01-01,Saudi Arabia,SAU,-1.06671711240203,5.0572227614833,Historical,World Bank API,-1.06671711240203,5.0572227614833,-117.10034055298402
2010-01-01,Saudi Arabia,SAU,5.0395150823517,5.33941733020903,Historical,World Bank API,5.0395150823517,5.33941733020903,-572.4321962927675
2011-01-01,Saudi Arabia,SAU,11.758820686671,5.82621637394042,Historical,World Bank API,11.758820686671,5.82621637394042,133.3323840591369
2012-01-01,Saudi Arabia,SAU,5.76157382270968,2.86627029905053,Historical,World Bank API,5.76157382270968,2.86627029905053,-51.00211172332436
2013-01-01,Saudi Arabia,SAU,2.94563789152025,3.51104209799857,Historical,World Bank API,2.94563789152025,3.51104209799857,-48.8744224727314
2014-01-01,Saudi Arabia,SAU,4.02467158380668,2.24185348779063,Historical,World Bank API,4.02467158380668,2.24185348779063,36.631579712927255
2015-01-01,Saudi Arabia,SAU,4.65512316652699,1.22269318552337,Historical,World Bank API,4.65512316652699,1.22269318552337,15.664671504053661
2016-01-01,Saudi Arabia,SAU,1.70404739202878,2.05347076823965,Historical,World Bank API,1.70404739202878,2.05347076823965,-63.39415024973217
2017-01-01,Saudi Arabia,SAU,1.18210705878283,-0.834845735027246,Historical,World Bank API,1.18210705878283,-0.834845735027246,-30.62944937373754
2018-01-01,Saudi Arabia,SAU,3.2269508901591,2.46594308994843,Historical,World Bank API,3.2269508901591,2.46594308994843,172.9829642910488
2019-01-01,Saudi Arabia,SAU,1.65158925617395,-1.1929864453332,Historical,World Bank API,1.65158925617395,-1.1929864453332,-48.81889088518106
2020-01-01,Saudi Arabia,SAU,-3.80478901996312,3.37234961012303,Historical,World Bank API,-3.80478901996312,3.37234961012303,-330.37138354709595
2021-01-01,Saudi Arabia,SAU,6.51959698325419,3.06328988941548,Historical,World Bank API,6.51959698325419,3.06328988941548,-271.35239165816836
2022-01-01,Saudi Arabia,SAU,12.0005874752929,2.47407371925372,Historical,World Bank API,12.0005874752929,2.47407371925372,84.06946788454597
2023-01-01,Saudi Arabia,SAU,0.542592439393161,2.32708518362699,Historical,World Bank API,0.542592439393161,2.32708518362699,-95.47861768842347
2024-01-01,Saudi Arabia,SAU,1.99650173436159,1.68792112375809,Historical,World Bank API,1.99650173436159,1.68792112375809,267.9560549340663
2000-01-01,Senegal,SEN,3.88721095816793,0.731981981981597,Historical,World Bank API,3.88721095816793,0.731981981981597,
2001-01-01,Senegal,SEN,4.31085146618369,2.97450083919566,Historical,World Bank API,4.31085146618369,2.97450083919566,10.898315336490638
2002-01-01,Senegal,SEN,0.0686965747419066,2.33730187454299,Historical,World Bank API,0.0686965747419066,2.33730187454299,-98.40642677483105
2003-01-01,Senegal,SEN,5.59395094456143,-0.0519970242714495,Historical,World Bank API,5.59395094456143,-0.0519970242714495,8042.983788606542
2004-01-01,Senegal,SEN,4.64329393683312,0.514781781023016,Historical,World Bank API,4.64329393683312,0.514781781023016,-16.994375123231297
2005-01-01,Senegal,SEN,4.31023852639633,1.71133325855502,Historical,World Bank API,4.31023852639633,1.71133325855502,-7.1728263376740875
2006-01-01,Senegal,SEN,2.33077098330239,2.11228583877117,Historical,World Bank API,2.33077098330239,2.11228583877117,-45.924779591001375
2007-01-01,Senegal,SEN,2.82711920133374,5.85330428467681,Historical,World Bank API,2.82711920133374,5.85330428467681,21.29545208805077
2008-01-01,Senegal,SEN,3.70316906391386,7.34720236578406,Historical,World Bank API,3.70316906391386,7.34720236578406,30.987369127089835
2009-01-01,Senegal,SEN,2.75210448455053,-2.2480214785534,Historical,World Bank API,2.75210448455053,-2.2480214785534,-25.682450975061744
2010-01-01,Senegal,SEN,3.39088925336209,1.22868119673344,Historical,World Bank API,3.39088925336209,1.22868119673344,23.21077460530665
2011-01-01,Senegal,SEN,1.33409107961258,3.40322829786971,Historical,World Bank API,1.33409107961258,3.40322829786971,-60.65660126499798
2012-01-01,Senegal,SEN,4.00299555090457,1.41822871177854,Historical,World Bank API,4.00299555090457,1.41822871177854,200.05414263522695
2013-01-01,Senegal,SEN,2.41238527605579,0.710245486695176,Historical,World Bank API,2.41238527605579,0.710245486695176,-39.735499443394204
2014-01-01,Senegal,SEN,6.22407443790986,-1.09025507446895,Historical,World Bank API,6.22407443790986,-1.09025507446895,158.00499197566484
2015-01-01,Senegal,SEN,6.36704365066983,0.135211933635165,Historical,World Bank API,6.36704365066983,0.135211933635165,2.297035714887441
2016-01-01,Senegal,SEN,6.35606857181878,0.837284942557434,Historical,World Bank API,6.35606857181878,0.837284942557434,-0.172373230861933
2017-01-01,Senegal,SEN,7.4074861863013,1.31815314847789,Historical,World Bank API,7.4074861863013,1.31815314847789,16.54194888872411
2018-01-01,Senegal,SEN,6.20924103389086,0.460985642464188,Historical,World Bank API,6.20924103389086,0.460985642464188,-16.17613752188104
2019-01-01,Senegal,SEN,4.61362809749708,1.76011151192939,Historical,World Bank API,4.61362809749708,1.76011151192939,-25.697390835445322
2020-01-01,Senegal,SEN,1.3420737726679,2.54314685681662,Historical,World Bank API,1.3420737726679,2.54314685681662,-70.91066413879388
2021-01-01,Senegal,SEN,6.54400109964304,2.18032278088147,Historical,World Bank API,6.54400109964304,2.18032278088147,387.6036796870162
2022-01-01,Senegal,SEN,3.85043193735768,9.69681899081073,Historical,World Bank API,3.85043193735768,9.69681899081073,-41.160891040074674
2023-01-01,Senegal,SEN,4.2574308328029,5.93947798773215,Historical,World Bank API,4.2574308328029,5.93947798773215,10.5702139933038
2024-01-01,Senegal,SEN,6.06055141198976,0.804503298792438,Historical,World Bank API,6.06055141198976,0.804503298792438,42.3523164555974
2000-01-01,Serbia,SRB,6.0550897288645,71.1206287946541,Historical,World Bank API,6.0550897288645,71.1206287946541,
2001-01-01,Serbia,SRB,6.77852279368084,95.0052258100006,Historical,World Bank API,6.77852279368084,95.0052258100006,11.947520139424995
2002-01-01,Serbia,SRB,6.54104600309256,19.4908321579689,Historical,World Bank API,6.54104600309256,19.4908321579689,-3.5033708348618964
2003-01-01,Serbia,SRB,4.55968997935088,9.87617889729578,Historical,World Bank API,4.55968997935088,9.87617889729578,-30.29111892509101
2004-01-01,Serbia,SRB,6.68686836863701,11.0263627183464,Historical,World Bank API,6.68686836863701,11.0263627183464,46.65182060445603
2005-01-01,Serbia,SRB,5.90349622935489,16.1199806482826,Historical,World Bank API,5.90349622935489,16.1199806482826,-11.71508239875515
2006-01-01,Serbia,SRB,3.90066644620993,11.7240229980834,Historical,World Bank API,3.90066644620993,11.7240229980834,-33.926163502671045
2007-01-01,Serbia,SRB,7.83207023027602,6.39170644391413,Historical,World Bank API,7.83207023027602,6.39170644391413,100.78800221141763
2008-01-01,Serbia,SRB,5.16089327231823,12.410986775178,Historical,World Bank API,5.16089327231823,12.410986775178,-34.10563081561708
2009-01-01,Serbia,SRB,-3.14261075416574,8.11695092238082,Historical,World Bank API,-3.14261075416574,8.11695092238082,-160.89276775053526
2010-01-01,Serbia,SRB,1.61097281449412,6.14255360247248,Historical,World Bank API,1.61097281449412,6.14255360247248,-151.26224469125452
2011-01-01,Serbia,SRB,0.0542724836581954,11.1373976342129,Historical,World Bank API,0.0542724836581954,11.1373976342129,-96.63107389709502
2012-01-01,Serbia,SRB,-0.443956070983248,7.33038589596646,Historical,World Bank API,-0.443956070983248,7.33038589596646,-918.0131828483376
2013-01-01,Serbia,SRB,0.451578805330726,7.69426362896655,Historical,World Bank API,0.451578805330726,7.69426362896655,-201.71700193908725
2014-01-01,Serbia,SRB,-1.80427041681132,2.08244793880154,Historical,World Bank API,-1.80427041681132,2.08244793880154,-499.54718766969444
2015-01-01,Serbia,SRB,1.2957386351958,1.39235822000187,Historical,World Bank API,1.2957386351958,1.39235822000187,-171.8151017232635
2016-01-01,Serbia,SRB,2.97519807160826,1.12231397417769,Historical,World Bank API,2.97519807160826,1.12231397417769,129.61405879193188
2017-01-01,Serbia,SRB,2.3634031250553,3.13106248590115,Historical,World Bank API,2.3634031250553,3.13106248590115,-20.563166949831036
2018-01-01,Serbia,SRB,4.64935035491007,1.95984076293801,Historical,World Bank API,4.64935035491007,1.95984076293801,96.7226964211314
2019-01-01,Serbia,SRB,4.75020793899014,1.84922984511086,Historical,World Bank API,4.75020793899014,1.84922984511086,2.16928337038651
2020-01-01,Serbia,SRB,-0.950023991851594,1.57553290083415,Historical,World Bank API,-0.950023991851594,1.57553290083415,-119.9996295752384
2021-01-01,Serbia,SRB,7.94905650472278,4.08510285335102,Historical,World Bank API,7.94905650472278,4.08510285335102,-936.721658916223
2022-01-01,Serbia,SRB,2.70347705543654,11.9815117344703,Historical,World Bank API,2.70347705543654,11.9815117344703,-65.98996303737027
2023-01-01,Serbia,SRB,3.74793303561771,12.3719043552519,Historical,World Bank API,3.74793303561771,12.3719043552519,38.63380227625115
2024-01-01,Serbia,SRB,3.94992622592932,4.6705297488997,Historical,World Bank API,3.94992622592932,4.6705297488997,5.389455691764233
2000-01-01,Seychelles,SYC,4.25319834931828,6.26876876876878,Historical,World Bank API,4.25319834931828,6.26876876876878,
2001-01-01,Seychelles,SYC,-2.27116288552982,5.96962204168156,Historical,World Bank API,-2.27116288552982,5.96962204168156,-153.3989411966609
2002-01-01,Seychelles,SYC,1.21283290259314,0.174999999999924,Historical,World Bank API,1.21283290259314,0.174999999999924,-153.40140552315378
2003-01-01,Seychelles,SYC,-5.88712848764477,3.30255386407089,Historical,World Bank API,-5.88712848764477,3.30255386407089,-585.4030984035467
2004-01-01,Seychelles,SYC,-2.8504539768538,3.85730391367399,Historical,World Bank API,-2.8504539768538,3.85730391367399,-51.581590535419664
2005-01-01,Seychelles,SYC,9.0057617374238,0.907187718073944,Historical,World Bank API,9.0057617374238,0.907187718073944,-415.941313578546
2006-01-01,Seychelles,SYC,9.40612855732827,-0.353465498693756,Historical,World Bank API,9.40612855732827,-0.353465498693756,4.445674131492172
2007-01-01,Seychelles,SYC,8.87606645570879,5.32060027285142,Historical,World Bank API,8.87606645570879,5.32060027285142,-5.635284467875056
2008-01-01,Seychelles,SYC,-2.72594626154864,36.9647582875289,Historical,World Bank API,-2.72594626154864,36.9647582875289,-130.7111970730616
2009-01-01,Seychelles,SYC,-2.47937594726137,31.7544407744178,Historical,World Bank API,-2.47937594726137,31.7544407744178,-9.045310898652525
2010-01-01,Seychelles,SYC,4.50513204312067,-2.40463875108227,Historical,World Bank API,4.50513204312067,-2.40463875108227,-281.7042731295703
2011-01-01,Seychelles,SYC,9.5097833517957,2.55926772230953,Historical,World Bank API,9.5097833517957,2.55926772230953,111.08778301664044
2012-01-01,Seychelles,SYC,3.1106784939243,7.11037062326403,Historical,World Bank API,3.1106784939243,7.11037062326403,-67.28970178550996
2013-01-01,Seychelles,SYC,1.25373496242949,4.33893848329099,Historical,World Bank API,1.25373496242949,4.33893848329099,-59.695771682021984
2014-01-01,Seychelles,SYC,4.0636918123521,1.38583454581263,Historical,World Bank API,4.0636918123521,1.38583454581263,224.12686366163626
2015-01-01,Seychelles,SYC,8.9140088750469,4.04194410725617,Historical,World Bank API,8.9140088750469,4.04194410725617,119.35740421927798
2016-01-01,Seychelles,SYC,12.1175272453913,-1.01548191697626,Historical,World Bank API,12.1175272453913,-1.01548191697626,35.9380208753443
2017-01-01,Seychelles,SYC,6.95416218794271,2.85679575568437,Historical,World Bank API,6.95416218794271,2.85679575568437,-42.61071547755249
2018-01-01,Seychelles,SYC,4.93947272254312,3.70291839111568,Historical,World Bank API,4.93947272254312,3.70291839111568,-28.970987603549226
2019-01-01,Seychelles,SYC,5.5142920737342,1.80709400809982,Historical,World Bank API,5.5142920737342,1.80709400809982,11.63726137341905
2020-01-01,Seychelles,SYC,-11.7398608281732,1.20266463987123,Historical,World Bank API,-11.7398608281732,1.20266463987123,-312.8987850334002
2021-01-01,Seychelles,SYC,0.552281631207279,9.76909936973542,Historical,World Bank API,0.552281631207279,9.76909936973542,-104.70432860568431
2022-01-01,Seychelles,SYC,12.7104688902836,2.6260363285129,Historical,World Bank API,12.7104688902836,2.6260363285129,2201.4469741640173
2023-01-01,Seychelles,SYC,2.25925322283285,-1.03530088431952,Historical,World Bank API,2.25925322283285,-1.03530088431952,-82.2252566578412
2024-01-01,Seychelles,SYC,3.46568066415341,0.311726050919668,Historical,World Bank API,3.46568066415341,0.311726050919668,53.39939007845411
2000-01-01,Sierra Leone,SLE,6.65273028404766,,Historical,World Bank API,6.65273028404766,6.747787530076212,
2001-01-01,Sierra Leone,SLE,-6.34545563328469,,Historical,World Bank API,-6.34545563328469,6.747787530076212,-195.38122488597241
2002-01-01,Sierra Leone,SLE,26.5241350674409,,Historical,World Bank API,26.5241350674409,6.747787530076212,-518.002056909991
2003-01-01,Sierra Leone,SLE,9.48363126885343,,Historical,World Bank API,9.48363126885343,6.747787530076212,-64.24527606747544
2004-01-01,Sierra Leone,SLE,6.47884588417347,,Historical,World Bank API,6.47884588417347,6.747787530076212,-31.683911990003356
2005-01-01,Sierra Leone,SLE,4.3534998069981,,Historical,World Bank API,4.3534998069981,6.747787530076212,-32.804393176988015
2006-01-01,Sierra Leone,SLE,4.28311062264335,,Historical,World Bank API,4.28311062264335,6.747787530076212,-1.6168413339906818
2007-01-01,Sierra Leone,SLE,3.74975804751641,11.6499744518106,Historical,World Bank API,3.74975804751641,11.6499744518106,-12.452458554474088
2008-01-01,Sierra Leone,SLE,3.68605969932123,8.21112432289608,Historical,World Bank API,3.68605969932123,8.21112432289608,-1.6987322218661394
2009-01-01,Sierra Leone,SLE,1.53080323958716,7.46901898540982,Historical,World Bank API,1.53080323958716,7.46901898540982,-58.4704707883855
2010-01-01,Sierra Leone,SLE,6.35566595800495,7.18566275668163,Historical,World Bank API,6.35566595800495,7.18566275668163,315.18503447373155
2011-01-01,Sierra Leone,SLE,8.10065518714917,6.79138291952621,Historical,World Bank API,8.10065518714917,6.79138291952621,27.45564730233201
2012-01-01,Sierra Leone,SLE,10.578331663387,6.58776239392585,Historical,World Bank API,10.578331663387,6.58776239392585,30.586124442975926
2013-01-01,Sierra Leone,SLE,14.6633238075229,5.52412877994266,Historical,World Bank API,14.6633238075229,5.52412877994266,38.61660112505827
2014-01-01,Sierra Leone,SLE,-7.81501512457241,4.63931171409667,Historical,World Bank API,-7.81501512457241,4.63931171409667,-153.29634145133576
2015-01-01,Sierra Leone,SLE,-4.36333262093788,6.68943562498681,Historical,World Bank API,-4.36333262093788,6.68943562498681,-44.16731699957375
2016-01-01,Sierra Leone,SLE,6.43743652764257,10.8860609413903,Historical,World Bank API,6.43743652764257,10.8860609413903,-247.5348566541065
2017-01-01,Sierra Leone,SLE,3.20786087715987,18.2215094003386,Historical,World Bank API,3.20786087715987,18.2215094003386,-50.168660096527454
2018-01-01,Sierra Leone,SLE,2.8938564123677,16.0295447693699,Historical,World Bank API,2.8938564123677,16.0295447693699,-9.788593608528895
2019-01-01,Sierra Leone,SLE,5.50270937378153,14.8049990906021,Historical,World Bank API,5.50270937378153,14.8049990906021,90.15143081267512
2020-01-01,Sierra Leone,SLE,-1.2533490322766,13.4468711101052,Historical,World Bank API,-1.2533490322766,13.4468711101052,-122.77694399505026
2021-01-01,Sierra Leone,SLE,5.8968527047094,11.8739588840234,Historical,World Bank API,5.8968527047094,11.8739588840234,-570.4876736529071
2022-01-01,Sierra Leone,SLE,5.3135546141915,27.2082883814653,Historical,World Bank API,5.3135546141915,27.2082883814653,-9.891684933084067
2023-01-01,Sierra Leone,SLE,5.7100218981806,47.6428733253179,Historical,World Bank API,5.7100218981806,47.6428733253179,7.461432370154086
2024-01-01,Sierra Leone,SLE,4.29322336690163,28.6337500014115,Historical,World Bank API,4.29322336690163,28.6337500014115,-24.812488577853063
2000-01-01,Singapore,SGP,9.03831632555163,1.36162392448456,Historical,World Bank API,9.03831632555163,1.36162392448456,
2001-01-01,Singapore,SGP,-1.07086275100448,0.997197956155943,Historical,World Bank API,-1.07086275100448,0.997197956155943,-111.84803355440343
2002-01-01,Singapore,SGP,3.92336076702013,-0.391676866585049,Historical,World Bank API,3.92336076702013,-0.391676866585049,-466.3738199260342
2003-01-01,Singapore,SGP,4.54825542643229,0.507905300237551,Historical,World Bank API,4.54825542643229,0.507905300237551,15.927535001752592
2004-01-01,Singapore,SGP,9.93998268434957,1.66272719863072,Historical,World Bank API,9.93998268434957,1.66272719863072,118.5449530073253
2005-01-01,Singapore,SGP,7.36632239250758,0.425106276569107,Historical,World Bank API,7.36632239250758,0.425106276569107,-25.891999750605187
2006-01-01,Singapore,SGP,9.00676607871758,0.965657519018511,Historical,World Bank API,9.00676607871758,0.965657519018511,22.26950707287161
2007-01-01,Singapore,SGP,9.02151951268893,2.10980166714574,Historical,World Bank API,9.02151951268893,2.10980166714574,0.1638038985625423
2008-01-01,Singapore,SGP,1.86348345462035,6.63544058395309,Historical,World Bank API,1.86348345462035,6.63544058395309,-79.34401791184592
2009-01-01,Singapore,SGP,0.127953382778088,0.589142019610516,Historical,World Bank API,0.127953382778088,0.589142019610516,-93.13364535323142
2010-01-01,Singapore,SGP,14.5197497108994,2.82884527612958,Historical,World Bank API,14.5197497108994,2.82884527612958,11247.687255819787
2011-01-01,Singapore,SGP,6.21493416858989,5.25115624639373,Historical,World Bank API,6.21493416858989,5.25115624639373,-57.19668525742847
2012-01-01,Singapore,SGP,4.43549759378537,4.58084479423094,Historical,World Bank API,4.43549759378537,4.58084479423094,-28.631623868161704
2013-01-01,Singapore,SGP,4.81763099120676,2.36439793742726,Historical,World Bank API,4.81763099120676,2.36439793742726,8.615344487094333
2014-01-01,Singapore,SGP,3.93554027709007,1.03316955857629,Historical,World Bank API,3.93554027709007,1.03316955857629,-18.309636328035495
2015-01-01,Singapore,SGP,2.97679931634806,-0.521975611895763,Historical,World Bank API,2.97679931634806,-0.521975611895763,-24.361101481367665
2016-01-01,Singapore,SGP,3.74757848792792,-0.529809760375464,Historical,World Bank API,3.74757848792792,-0.529809760375464,25.89288325037151
2017-01-01,Singapore,SGP,4.47689915845876,0.576763191179996,Historical,World Bank API,4.47689915845876,0.576763191179996,19.461117969382148
2018-01-01,Singapore,SGP,3.4519759658687,0.438784215129623,Historical,World Bank API,3.4519759658687,0.438784215129623,-22.89359568561078
2019-01-01,Singapore,SGP,1.30804118153127,0.567829988405447,Historical,World Bank API,1.30804118153127,0.567829988405447,-62.10746556567934
2020-01-01,Singapore,SGP,-3.81470885510713,-0.172111865925382,Historical,World Bank API,-3.81470885510713,-0.172111865925382,-391.6352259369546
2021-01-01,Singapore,SGP,9.7568044629903,2.31610315765146,Historical,World Bank API,9.7568044629903,2.31610315765146,-355.7679978624816
2022-01-01,Singapore,SGP,4.10800021897151,6.13095418919732,Historical,World Bank API,4.10800021897151,6.13095418919732,-57.8960485007765
2023-01-01,Singapore,SGP,1.82140694115385,4.83372362825798,Historical,World Bank API,1.82140694115385,4.83372362825798,-55.661956084075804
2024-01-01,Singapore,SGP,4.38802362461865,2.38951123595017,Historical,World Bank API,4.38802362461865,2.38951123595017,140.91396191994656
2006-01-01,Sint Maarten (Dutch part),SXM,,0.300601202404805,Historical,World Bank API,3.326306297196254,0.300601202404805,
2007-01-01,Sint Maarten (Dutch part),SXM,,4.43245754245754,Historical,World Bank API,3.326306297196254,4.43245754245754,0.0
2008-01-01,Sint Maarten (Dutch part),SXM,,-0.417929020080758,Historical,World Bank API,3.326306297196254,-0.417929020080758,0.0
2009-01-01,Sint Maarten (Dutch part),SXM,,5.95763688760801,Historical,World Bank API,3.326306297196254,5.95763688760801,0.0
2010-01-01,Sint Maarten (Dutch part),SXM,3.19999269219366,1.33857621672882,Historical,World Bank API,3.19999269219366,1.33857621672882,-3.797413518684789
2011-01-01,Sint Maarten (Dutch part),SXM,4.60000341415395,4.58475435650401,Historical,World Bank API,4.60000341415395,4.58475435650401,43.75043497366722
2012-01-01,Sint Maarten (Dutch part),SXM,1.39054456773131,4.01518421081576,Historical,World Bank API,1.39054456773131,4.01518421081576,-69.77079270305143
2013-01-01,Sint Maarten (Dutch part),SXM,1.30673103459678,2.5286478853837,Historical,World Bank API,1.30673103459678,2.5286478853837,-6.027389202726008
2014-01-01,Sint Maarten (Dutch part),SXM,1.58038221539113,1.88675466275266,Historical,World Bank API,1.58038221539113,1.88675466275266,20.94166079699722
2015-01-01,Sint Maarten (Dutch part),SXM,0.105813149997005,0.330027165141066,Historical,World Bank API,0.105813149997005,0.330027165141066,-93.30458486772979
2016-01-01,Sint Maarten (Dutch part),SXM,0.96775836306881,0.111682655737579,Historical,World Bank API,0.96775836306881,0.111682655737579,814.5917715295329
2017-01-01,Sint Maarten (Dutch part),SXM,-7.53521399882428,2.19201010962985,Historical,World Bank API,-7.53521399882428,2.19201010962985,-878.6255625763583
2018-01-01,Sint Maarten (Dutch part),SXM,-6.85698299227944,,Historical,World Bank API,-6.85698299227944,6.747787530076212,-9.00081944123503
2019-01-01,Sint Maarten (Dutch part),SXM,10.9650009352392,,Historical,World Bank API,10.9650009352392,6.747787530076212,-259.90999172063204
2020-01-01,Sint Maarten (Dutch part),SXM,-13.3167887221567,,Historical,World Bank API,-13.3167887221567,6.747787530076212,-221.44813120224507
2021-01-01,Sint Maarten (Dutch part),SXM,4.57759677933345,,Historical,World Bank API,4.57759677933345,6.747787530076212,-134.37462946090875
2022-01-01,Sint Maarten (Dutch part),SXM,13.9,,Historical,World Bank API,13.9,6.747787530076212,203.6527826730951
2023-01-01,Sint Maarten (Dutch part),SXM,3.8,,Historical,World Bank API,3.8,6.747787530076212,-72.66187050359713
2024-01-01,Sint Maarten (Dutch part),SXM,3.00000000000014,,Historical,World Bank API,3.00000000000014,6.747787530076212,-21.052631578943682
2000-01-01,Slovak Republic,SVK,0.78922447792516,12.0357805974299,Historical,World Bank API,0.78922447792516,12.0357805974299,
2001-01-01,Slovak Republic,SVK,2.92516077248489,7.3296201911553,Historical,World Bank API,2.92516077248489,7.3296201911553,270.6373603838317
2002-01-01,Slovak Republic,SVK,4.41725348271514,3.12714222984608,Historical,World Bank API,4.41725348271514,3.12714222984608,51.00891288661495
2003-01-01,Slovak Republic,SVK,4.85669851591319,8.55414305406645,Historical,World Bank API,4.85669851591319,8.55414305406645,9.948377083579496
2004-01-01,Slovak Republic,SVK,5.38949856996771,7.54850088183423,Historical,World Bank API,5.38949856996771,7.54850088183423,10.970416473428957
2005-01-01,Slovak Republic,SVK,6.48493222274386,2.70908494588384,Historical,World Bank API,6.48493222274386,2.70908494588384,20.3253352525282
2006-01-01,Slovak Republic,SVK,8.92568704770216,4.48333120449611,Historical,World Bank API,8.92568704770216,4.48333120449611,37.637322043214574
2007-01-01,Slovak Republic,SVK,10.8186295074904,2.7567237163814,Historical,World Bank API,10.8186295074904,2.7567237163814,21.207806745538548
2008-01-01,Slovak Republic,SVK,5.36337721231949,4.59817976325028,Historical,World Bank API,5.36337721231949,4.59817976325028,-50.42461516399932
2009-01-01,Slovak Republic,SVK,-5.50533790972226,1.61510464058238,Historical,World Bank API,-5.50533790972226,1.61510464058238,-202.64685275308798
2010-01-01,Slovak Republic,SVK,6.79058159142423,0.957018132975143,Historical,World Bank API,6.79058159142423,0.957018132975143,-223.34540954211494
2011-01-01,Slovak Republic,SVK,2.56242473215553,3.9192859914629,Historical,World Bank API,2.56242473215553,3.9192859914629,-62.265018133474825
2012-01-01,Slovak Republic,SVK,1.56917104702706,3.6061026352289,Historical,World Bank API,1.56917104702706,3.6061026352289,-38.76225797637139
2013-01-01,Slovak Republic,SVK,0.703323545247201,1.40047368963025,Historical,World Bank API,0.703323545247201,1.40047368963025,-55.17865649001664
2014-01-01,Slovak Republic,SVK,2.70795151449488,-0.0761653295419871,Historical,World Bank API,2.70795151449488,-0.0761653295419871,285.0221612505666
2015-01-01,Slovak Republic,SVK,5.17687909722133,-0.325219777427673,Historical,World Bank API,5.17687909722133,-0.325219777427673,91.17325659307399
2016-01-01,Slovak Republic,SVK,1.94781841524558,-0.520010196278266,Historical,World Bank API,1.94781841524558,-0.520010196278266,-62.37465896603489
2017-01-01,Slovak Republic,SVK,2.87473327453695,1.31194588223228,Historical,World Bank API,2.87473327453695,1.31194588223228,47.58733422152728
2018-01-01,Slovak Republic,SVK,4.06211981896483,2.51403712883812,Historical,World Bank API,4.06211981896483,2.51403712883812,41.304233507337806
2019-01-01,Slovak Republic,SVK,2.27589910019393,2.66456133425431,Historical,World Bank API,2.27589910019393,2.66456133425431,-43.97262509174561
2020-01-01,Slovak Republic,SVK,-2.58551241733207,1.93694126694223,Historical,World Bank API,-2.58551241733207,1.93694126694223,-213.6040001558838
2021-01-01,Slovak Republic,SVK,5.6558588065555,3.14960629921268,Historical,World Bank API,5.6558588065555,3.14960629921268,-318.7519490775314
2022-01-01,Slovak Republic,SVK,0.544591632137454,12.7741463637611,Historical,World Bank API,0.544591632137454,12.7741463637611,-90.37119470687213
2023-01-01,Slovak Republic,SVK,2.11263633214959,10.5319476645211,Historical,World Bank API,2.11263633214959,10.5319476645211,287.9303697447125
2024-01-01,Slovak Republic,SVK,1.93867445549446,2.75760909424272,Historical,World Bank API,1.93867445549446,2.75760909424272,-8.234350323707872
2000-01-01,Slovenia,SVN,3.49791942086068,8.91174418658769,Historical,World Bank API,3.49791942086068,8.91174418658769,
2001-01-01,Slovenia,SVN,2.82868479430465,8.37966587492204,Historical,World Bank API,2.82868479430465,8.37966587492204,-19.132362585738516
2002-01-01,Slovenia,SVN,3.28258371393918,7.48077770703754,Historical,World Bank API,3.28258371393918,7.48077770703754,16.04628838633495
2003-01-01,Slovenia,SVN,3.19503117236037,5.54416421752901,Historical,World Bank API,3.19503117236037,5.54416421752901,-2.6671838164256556
2004-01-01,Slovenia,SVN,4.54602214352336,3.59297594249509,Historical,World Bank API,4.54602214352336,3.59297594249509,42.28412488898905
2005-01-01,Slovenia,SVN,3.8541277114569,2.45150132316475,Historical,World Bank API,3.8541277114569,2.45150132316475,-15.219776987936374
2006-01-01,Slovenia,SVN,5.90878130011174,2.45792444195865,Historical,World Bank API,5.90878130011174,2.45792444195865,53.310469773669226
2007-01-01,Slovenia,SVN,7.1392312914716,3.65749563284099,Historical,World Bank API,7.1392312914716,3.65749563284099,20.824090939642524
2008-01-01,Slovenia,SVN,3.37223866114127,5.64742380573935,Historical,World Bank API,3.37223866114127,5.64742380573935,-52.76468118956047
2009-01-01,Slovenia,SVN,-7.59058614046387,0.839262246793887,Historical,World Bank API,-7.59058614046387,0.839262246793887,-325.0904192497153
2010-01-01,Slovenia,SVN,1.11213719306735,1.80117022137134,Historical,World Bank API,1.11213719306735,1.80117022137134,-114.65153247044748
2011-01-01,Slovenia,SVN,0.655438128379743,1.8028517194191,Historical,World Bank API,0.655438128379743,1.8028517194191,-41.0649933780202
2012-01-01,Slovenia,SVN,-2.91553782040462,2.59741386039003,Historical,World Bank API,-2.91553782040462,2.59741386039003,-544.8227367565404
2013-01-01,Slovenia,SVN,-0.823776417691676,1.76920085881907,Historical,World Bank API,-0.823776417691676,1.76920085881907,-71.7453016069141
2014-01-01,Slovenia,SVN,2.76283327639742,0.19934382657075,Historical,World Bank API,2.76283327639742,0.19934382657075,-435.38630349958584
2015-01-01,Slovenia,SVN,2.39330621338168,-0.525552285820877,Historical,World Bank API,2.39330621338168,-0.525552285820877,-13.374931675123836
2016-01-01,Slovenia,SVN,3.03441486663654,-0.054999541670474,Historical,World Bank API,3.03441486663654,-0.054999541670474,26.787573176814263
2017-01-01,Slovenia,SVN,5.17440215579958,1.42910743319306,Historical,World Bank API,5.17440215579958,1.42910743319306,70.52388625867377
2018-01-01,Slovenia,SVN,4.37908347331195,1.7386086198818,Historical,World Bank API,4.37908347331195,1.7386086198818,-15.370252611622382
2019-01-01,Slovenia,SVN,3.50525332381912,1.63052260754344,Historical,World Bank API,3.50525332381912,1.63052260754344,-19.95463559483013
2020-01-01,Slovenia,SVN,-4.08500094942896,-0.05485681576061,Historical,World Bank API,-4.08500094942896,-0.05485681576061,-216.53939307810654
2021-01-01,Slovenia,SVN,8.41686457725321,1.91706506089259,Historical,World Bank API,8.41686457725321,1.91706506089259,-306.0431486173778
2022-01-01,Slovenia,SVN,2.66850555542486,8.83369886749452,Historical,World Bank API,2.66850555542486,8.83369886749452,-68.29572899822382
2023-01-01,Slovenia,SVN,2.3758326648385,7.44687717385838,Historical,World Bank API,2.3758326648385,7.44687717385838,-10.967670274898966
2024-01-01,Slovenia,SVN,1.73139722479493,1.96562656432512,Historical,World Bank API,1.73139722479493,1.96562656432512,-27.124614017686987
2000-01-01,Solomon Islands,SLB,-14.2769995911797,7.88956186986721,Historical,World Bank API,-14.2769995911797,7.88956186986721,
2001-01-01,Solomon Islands,SLB,-7.95660610016238,6.92583732057426,Historical,World Bank API,-7.95660610016238,6.92583732057426,-44.269760257764844
2002-01-01,Solomon Islands,SLB,-2.79998288464981,10.9296341872692,Historical,World Bank API,-2.79998288464981,10.9296341872692,-64.80933139831231
2003-01-01,Solomon Islands,SLB,6.52346685055134,8.26946349334406,Historical,World Bank API,6.52346685055134,8.26946349334406,-332.9823830822173
2004-01-01,Solomon Islands,SLB,7.68364102152745,6.98584202682567,Historical,World Bank API,7.68364102152745,6.98584202682567,17.784625837073985
2005-01-01,Solomon Islands,SLB,7.35907917681935,7.33066341633299,Historical,World Bank API,7.35907917681935,7.33066341633299,-4.224063094550711
2006-01-01,Solomon Islands,SLB,4.13726239664898,11.2199870214146,Historical,World Bank API,4.13726239664898,11.2199870214146,-43.78016193002646
2007-01-01,Solomon Islands,SLB,3.63973499569106,7.66602013484806,Historical,World Bank API,3.63973499569106,7.66602013484806,-12.025522030241486
2008-01-01,Solomon Islands,SLB,6.22590636247851,17.3200651968774,Historical,World Bank API,6.22590636247851,17.3200651968774,71.05383688233118
2009-01-01,Solomon Islands,SLB,2.86486309630651,7.09271716876286,Historical,World Bank API,2.86486309630651,7.09271716876286,-53.98480270162593
2010-01-01,Solomon Islands,SLB,9.70817235491481,1.05148163321038,Historical,World Bank API,9.70817235491481,1.05148163321038,238.87037629934053
2011-01-01,Solomon Islands,SLB,7.43023752099302,7.34270706018,Historical,World Bank API,7.43023752099302,7.34270706018,-23.464095512978545
2012-01-01,Solomon Islands,SLB,2.46591837712438,5.91200602491155,Historical,World Bank API,2.46591837712438,5.91200602491155,-66.81238829637279
2013-01-01,Solomon Islands,SLB,5.23744704670068,5.3913638858756,Historical,World Bank API,5.23744704670068,5.3913638858756,112.39336611004562
2014-01-01,Solomon Islands,SLB,1.18945509547778,5.16590237925171,Historical,World Bank API,1.18945509547778,5.16590237925171,-77.28941056832116
2015-01-01,Solomon Islands,SLB,1.67578612030815,-0.57446928635949,Historical,World Bank API,1.67578612030815,-0.57446928635949,40.88687556843167
2016-01-01,Solomon Islands,SLB,5.55494348257992,0.512485626268792,Historical,World Bank API,5.55494348257992,0.512485626268792,231.48284350024664
2017-01-01,Solomon Islands,SLB,3.07546176144591,0.488686760261083,Historical,World Bank API,3.07546176144591,0.488686760261083,-44.63558862317078
2018-01-01,Solomon Islands,SLB,2.74585244829055,3.46147484973729,Historical,World Bank API,2.74585244829055,3.46147484973729,-10.717392662375225
2019-01-01,Solomon Islands,SLB,1.74925244485951,1.63485544012247,Historical,World Bank API,1.74925244485951,1.63485544012247,-36.29473987400454
2020-01-01,Solomon Islands,SLB,-3.38125925839405,2.96354992076065,Historical,World Bank API,-3.38125925839405,2.96354992076065,-293.2973864538811
2021-01-01,Solomon Islands,SLB,-0.227975292792024,-0.115437894412839,Historical,World Bank API,-0.227975292792024,-0.115437894412839,-93.2576807819137
2022-01-01,Solomon Islands,SLB,-2.58448361755723,5.51812928576938,Historical,World Bank API,-2.58448361755723,5.51812928576938,1033.6682962021625
2023-01-01,Solomon Islands,SLB,2.84111851154807,5.88585897042164,Historical,World Bank API,2.84111851154807,5.88585897042164,-209.92983249138965
2024-01-01,Solomon Islands,SLB,2.99755987604104,4.32183948388033,Historical,World Bank API,2.99755987604104,4.32183948388033,5.506330125163572
2000-01-01,"Somalia, Fed. Rep.",SOM,7.11031431133226,,Historical,World Bank API,7.11031431133226,6.747787530076212,
2001-01-01,"Somalia, Fed. Rep.",SOM,7.1103143114281,,Historical,World Bank API,7.1103143114281,6.747787530076212,1.34789956973691e-09
2002-01-01,"Somalia, Fed. Rep.",SOM,7.63026729326369,,Historical,World Bank API,7.63026729326369,6.747787530076212,7.312658190087196
2003-01-01,"Somalia, Fed. Rep.",SOM,7.63026729340694,,Historical,World Bank API,7.63026729340694,6.747787530076212,1.8774093391016322e-09
2004-01-01,"Somalia, Fed. Rep.",SOM,7.11031431127853,,Historical,World Bank API,7.11031431127853,6.747787530076212,-6.814348202161735
2005-01-01,"Somalia, Fed. Rep.",SOM,7.11031431132103,,Historical,World Bank API,7.11031431132103,6.747787530076212,5.977218719976918e-10
2006-01-01,"Somalia, Fed. Rep.",SOM,6.48637073266447,,Historical,World Bank API,6.48637073266447,6.747787530076212,-8.775189834619802
2007-01-01,"Somalia, Fed. Rep.",SOM,6.69435192557005,,Historical,World Bank API,6.69435192557005,6.747787530076212,3.2064339439960676
2008-01-01,"Somalia, Fed. Rep.",SOM,6.69435192576573,,Historical,World Bank API,6.69435192576573,6.747787530076212,2.9230617926145896e-09
2009-01-01,"Somalia, Fed. Rep.",SOM,6.69435192557317,,Historical,World Bank API,6.69435192557317,6.747787530076212,-2.8764546300408256e-09
2010-01-01,"Somalia, Fed. Rep.",SOM,6.69435192555878,,Historical,World Bank API,6.69435192555878,6.747787530076212,-2.149613820279228e-10
2011-01-01,"Somalia, Fed. Rep.",SOM,6.69435192565855,,Historical,World Bank API,6.69435192565855,6.747787530076212,1.4903633882568101e-09
2012-01-01,"Somalia, Fed. Rep.",SOM,6.69435192553358,,Historical,World Bank API,6.69435192553358,6.747787530076212,-1.866806709216462e-09
2013-01-01,"Somalia, Fed. Rep.",SOM,10.9592986164747,,Historical,World Bank API,10.9592986164747,6.747787530076212,63.70962773369848
2014-01-01,"Somalia, Fed. Rep.",SOM,8.97800590573206,,Historical,World Bank API,8.97800590573206,6.747787530076212,-18.07864517683857
2015-01-01,"Somalia, Fed. Rep.",SOM,10.4621881235166,,Historical,World Bank API,10.4621881235166,6.747787530076212,16.531312558359488
2016-01-01,"Somalia, Fed. Rep.",SOM,7.03487260042048,,Historical,World Bank API,7.03487260042048,6.747787530076212,-32.75906992527023
2017-01-01,"Somalia, Fed. Rep.",SOM,14.7357956045282,,Historical,World Bank API,14.7357956045282,6.747787530076212,109.46783888662645
2018-01-01,"Somalia, Fed. Rep.",SOM,2.05431507259452,,Historical,World Bank API,2.05431507259452,6.747787530076212,-86.05901487963605
2019-01-01,"Somalia, Fed. Rep.",SOM,2.80033312513012,,Historical,World Bank API,2.80033312513012,6.747787530076212,36.31468524413872
2020-01-01,"Somalia, Fed. Rep.",SOM,-2.76455696202532,,Historical,World Bank API,-2.76455696202532,6.747787530076212,-198.7224318855587
2021-01-01,"Somalia, Fed. Rep.",SOM,3.44719850031242,,Historical,World Bank API,3.44719850031242,6.747787530076212,-224.69261974573297
2022-01-01,"Somalia, Fed. Rep.",SOM,2.71821202053759,,Historical,World Bank API,2.71821202053759,6.747787530076212,-21.14721504168564
2023-01-01,"Somalia, Fed. Rep.",SOM,4.17524257571303,,Historical,World Bank API,4.17524257571303,6.747787530076212,53.602535202065596
2024-01-01,"Somalia, Fed. Rep.",SOM,4.11139335779471,,Historical,World Bank API,4.11139335779471,6.747787530076212,-1.5292337333817407
2000-01-01,South Africa,ZAF,4.20000000067826,5.33895913599828,Historical,World Bank API,4.20000000067826,5.33895913599828,
2001-01-01,South Africa,ZAF,2.70000000019104,5.70189483049608,Historical,World Bank API,2.70000000019104,5.70189483049608,-35.71428572011869
2002-01-01,South Africa,ZAF,3.70037440406668,9.494713780996,Historical,World Bank API,3.70037440406668,9.494713780996,37.05090384462439
2003-01-01,South Africa,ZAF,2.94907546754213,5.67942414068799,Historical,World Bank API,2.94907546754213,5.67942414068799,-20.30332216380264
2004-01-01,South Africa,ZAF,4.55455990721774,-0.692039437857687,Historical,World Bank API,4.55455990721774,-0.692039437857687,54.44026296870867
2005-01-01,South Africa,ZAF,5.27705197295467,2.06285308223427,Historical,World Bank API,5.27705197295467,2.06285308223427,15.863048910433175
2006-01-01,South Africa,ZAF,5.60380645895889,3.2439076541923,Historical,World Bank API,5.60380645895889,3.2439076541923,6.191989157561162
2007-01-01,South Africa,ZAF,5.36047405394162,6.17781214809388,Historical,World Bank API,5.36047405394162,6.17781214809388,-4.342269969517787
2008-01-01,South Africa,ZAF,3.1910438863288,9.90998456005467,Historical,World Bank API,3.1910438863288,9.90998456005467,-40.47086406504686
2009-01-01,South Africa,ZAF,-1.53808913525583,7.23809523809527,Historical,World Bank API,-1.53808913525583,7.23809523809527,-148.20018746358753
2010-01-01,South Africa,ZAF,3.03973288127956,4.06749555950263,Historical,World Bank API,3.03973288127956,4.06749555950263,-297.6304761280276
2011-01-01,South Africa,ZAF,3.16855627858818,5.0008533879502,Historical,World Bank API,3.16855627858818,5.0008533879502,4.237984136763773
2012-01-01,South Africa,ZAF,2.39623238465745,5.73797139141739,Historical,World Bank API,2.39623238465745,5.73797139141739,-24.374630779001215
2013-01-01,South Africa,ZAF,2.48546800826588,5.78016910069176,Historical,World Bank API,2.48546800826588,5.78016910069176,3.723997062212603
2014-01-01,South Africa,ZAF,1.41382645223793,6.13282953059149,Historical,World Bank API,1.41382645223793,6.13282953059149,-43.11628846012137
2015-01-01,South Africa,ZAF,1.32186223678229,4.51869094892506,Historical,World Bank API,1.32186223678229,4.51869094892506,-6.50463253888558
2016-01-01,South Africa,ZAF,0.664552307858116,6.60290842394872,Historical,World Bank API,0.664552307858116,6.60290842394872,-49.72605394373125
2017-01-01,South Africa,ZAF,1.15794695181735,5.18618655524149,Historical,World Bank API,1.15794695181735,5.18618655524149,74.2446663904409
2018-01-01,South Africa,ZAF,1.55678384721676,4.50987264867388,Historical,World Bank API,1.55678384721676,4.50987264867388,34.44345138380063
2019-01-01,South Africa,ZAF,0.25993557687633,4.10285075461156,Historical,World Bank API,0.25993557687633,4.10285075461156,-83.30303996016875
2020-01-01,South Africa,ZAF,-6.1689177146757,3.23238831615113,Historical,World Bank API,-6.1689177146757,3.23238831615113,-2473.2487060094495
2021-01-01,South Africa,ZAF,4.85864865060148,4.61874544887136,Historical,World Bank API,4.85864865060148,4.61874544887136,-178.76014684136373
2022-01-01,South Africa,ZAF,2.05813661692193,7.03987272546482,Historical,World Bank API,2.05813661692193,7.03987272546482,-57.639731437111806
2023-01-01,South Africa,ZAF,0.80610455095804,6.0752438457966,Historical,World Bank API,0.80610455095804,6.0752438457966,-60.83328267276937
2024-01-01,South Africa,ZAF,0.534843531905139,4.36115246518962,Historical,World Bank API,0.534843531905139,4.36115246518962,-33.65084823432797
2009-01-01,South Sudan,SSD,5.04164187983342,5.00627361534047,Historical,World Bank API,5.04164187983342,5.00627361534047,
2010-01-01,South Sudan,SSD,5.49341639529945,1.16962180301108,Historical,World Bank API,5.49341639529945,1.16962180301108,8.960860890836564
2011-01-01,South Sudan,SSD,-4.64031673600859,46.8521757193597,Historical,World Bank API,-4.64031673600859,46.8521757193597,-184.47050800625945
2012-01-01,South Sudan,SSD,-46.0821223743007,45.5258978371706,Historical,World Bank API,-46.0821223743007,45.5258978371706,893.0813993085018
2013-01-01,South Sudan,SSD,13.1297311406943,-0.0580909784225664,Historical,World Bank API,13.1297311406943,-0.0580909784225664,-128.4920278498643
2014-01-01,South Sudan,SSD,3.37364847715736,1.6742990629552,Historical,World Bank API,3.37364847715736,1.6742990629552,-74.30527372566624
2015-01-01,South Sudan,SSD,-10.7933646271143,52.7663304192143,Historical,World Bank API,-10.7933646271143,52.7663304192143,-419.93151332141167
2016-01-01,South Sudan,SSD,,379.999585624026,Historical,World Bank API,3.326306297196254,379.999585624026,-130.81806658176035
2017-01-01,South Sudan,SSD,,187.851630279442,Historical,World Bank API,3.326306297196254,187.851630279442,0.0
2018-01-01,South Sudan,SSD,,83.5015294922,Historical,World Bank API,3.326306297196254,83.5015294922,0.0
2019-01-01,South Sudan,SSD,,87.2413641500032,Historical,World Bank API,3.326306297196254,87.2413641500032,0.0
2020-01-01,South Sudan,SSD,,29.6758435538572,Historical,World Bank API,3.326306297196254,29.6758435538572,0.0
2021-01-01,South Sudan,SSD,,10.5167158294358,Historical,World Bank API,3.326306297196254,10.5167158294358,0.0
2022-01-01,South Sudan,SSD,,-6.68732094212668,Historical,World Bank API,3.326306297196254,-6.68732094212668,0.0
2023-01-01,South Sudan,SSD,,2.38280434813754,Historical,World Bank API,3.326306297196254,2.38280434813754,0.0
2024-01-01,South Sudan,SSD,,91.4408220769046,Historical,World Bank API,3.326306297196254,91.4408220769046,0.0
2000-01-01,Spain,ESP,5.20064125553942,3.43351563418767,Historical,World Bank API,5.20064125553942,3.43351563418767,
2001-01-01,Spain,ESP,3.91908880808811,3.58983413338112,Historical,World Bank API,3.91908880808811,3.58983413338112,-24.642200537987023
2002-01-01,Spain,ESP,2.75545611564098,3.06565685902219,Historical,World Bank API,2.75545611564098,3.06565685902219,-29.6914091368804
2003-01-01,Spain,ESP,2.9392895953076,3.03888839396655,Historical,World Bank API,2.9392895953076,3.03888839396655,6.671617037306965
2004-01-01,Spain,ESP,3.1145314799161,3.03924881090925,Historical,World Bank API,3.1145314799161,3.03924881090925,5.962048955239485
2005-01-01,Spain,ESP,3.5512255846125,3.36881409750383,Historical,World Bank API,3.5512255846125,3.36881409750383,14.0211812759768
2006-01-01,Spain,ESP,4.04343515605099,3.51557576832128,Historical,World Bank API,4.04343515605099,3.51557576832128,13.860273297512826
2007-01-01,Spain,ESP,3.53350013165972,2.78679745804946,Historical,World Bank API,3.53350013165972,2.78679745804946,-12.611430744181796
2008-01-01,Spain,ESP,0.767165748290694,4.07534335957339,Historical,World Bank API,0.767165748290694,4.07534335957339,-78.28878676366855
2009-01-01,Spain,ESP,-3.76813306940053,-0.28781308353524,Historical,World Bank API,-3.76813306940053,-0.28781308353524,-591.1758740267314
2010-01-01,Spain,ESP,0.0941223116369514,1.79986457728769,Historical,World Bank API,0.0941223116369514,1.79986457728769,-102.49784999370857
2011-01-01,Spain,ESP,-0.639920636520344,3.1961018883379,Historical,World Bank API,-0.639920636520344,3.1961018883379,-779.8819805750693
2012-01-01,Spain,ESP,-2.86511368637748,2.44612782366809,Historical,World Bank API,-2.86511368637748,2.44612782366809,347.7295343930347
2013-01-01,Spain,ESP,-1.42732224757626,1.40858109183019,Historical,World Bank API,-1.42732224757626,1.40858109183019,-50.182701148557165
2014-01-01,Spain,ESP,1.52048593647231,-0.151114837527235,Historical,World Bank API,1.52048593647231,-0.151114837527235,-206.52716575070914
2015-01-01,Spain,ESP,4.06086672473866,-0.500365709903242,Historical,World Bank API,4.06086672473866,-0.500365709903242,167.07690135959461
2016-01-01,Spain,ESP,2.91515598595787,-0.202598000426452,Historical,World Bank API,2.91515598595787,-0.202598000426452,-28.213453344852713
2017-01-01,Spain,ESP,2.89604207865007,1.95607633363963,Historical,World Bank API,2.89604207865007,1.95607633363963,-0.6556735694374649
2018-01-01,Spain,ESP,2.39541124478878,1.6749813686379,Historical,World Bank API,2.39541124478878,1.6749813686379,-17.286725132621296
2019-01-01,Spain,ESP,1.96117850841711,0.699518994458739,Historical,World Bank API,1.96117850841711,0.699518994458739,-18.127690488067294
2020-01-01,Spain,ESP,-10.9400706350371,-0.322753017299739,Historical,World Bank API,-10.9400706350371,-0.322753017299739,-657.831456345448
2021-01-01,Spain,ESP,6.68314420473001,3.0931351197642,Historical,World Bank API,6.68314420473001,3.0931351197642,-161.08867508886377
2022-01-01,Spain,ESP,6.37031712129601,8.39057634118627,Historical,World Bank API,6.37031712129601,8.39057634118627,-4.680836951155365
2023-01-01,Spain,ESP,2.46085796805582,3.53236133492433,Historical,World Bank API,2.46085796805582,3.53236133492433,-61.36992992343888
2024-01-01,Spain,ESP,3.45525405630191,2.77417826534772,Historical,World Bank API,3.45525405630191,2.77417826534772,40.40851203743807
2000-01-01,Sri Lanka,LKA,6.00003315828934,6.17627591012045,Historical,World Bank API,6.00003315828934,6.17627591012045,
2001-01-01,Sri Lanka,LKA,-1.54540813366026,14.15845579912,Historical,World Bank API,-1.54540813366026,14.15845579912,-125.75665988654086
2002-01-01,Sri Lanka,LKA,3.96467568513113,9.55103167007251,Historical,World Bank API,3.96467568513113,9.55103167007251,-356.5455428101634
2003-01-01,Sri Lanka,LKA,5.9402690780223,6.31463787051174,Historical,World Bank API,5.9402690780223,6.31463787051174,49.82988647218514
2004-01-01,Sri Lanka,LKA,5.44506127885352,7.57592582995856,Historical,World Bank API,5.44506127885352,7.57592582995856,-8.336454000054328
2005-01-01,Sri Lanka,LKA,6.24174804376447,11.6396860971118,Historical,World Bank API,6.24174804376447,11.6396860971118,14.6313645358771
2006-01-01,Sri Lanka,LKA,7.66829190107919,10.0201836057035,Historical,World Bank API,7.66829190107919,10.0201836057035,22.854877308606582
2007-01-01,Sri Lanka,LKA,6.79682611892866,15.8421114924843,Historical,World Bank API,6.79682611892866,15.8421114924843,-11.364535849605373
2008-01-01,Sri Lanka,LKA,5.95008814473897,22.5644955300126,Historical,World Bank API,5.95008814473897,22.5644955300126,-12.457843696068483
2009-01-01,Sri Lanka,LKA,3.53891205317842,3.46496322106074,Historical,World Bank API,3.53891205317842,3.46496322106074,-40.52336760241941
2010-01-01,Sri Lanka,LKA,8.01596737055139,6.2176488930462,Historical,World Bank API,8.01596737055139,6.2176488930462,126.50936926652277
2011-01-01,Sri Lanka,LKA,8.6694830119314,6.7167684358854,Historical,World Bank API,8.6694830119314,6.7167684358854,8.152673422559808
2012-01-01,Sri Lanka,LKA,8.63218137662685,7.54291373239437,Historical,World Bank API,8.63218137662685,7.54291373239437,-0.4302636645485469
2013-01-01,Sri Lanka,LKA,4.05174633027869,6.90845034828452,Historical,World Bank API,4.05174633027869,6.90845034828452,-53.06231236927543
2014-01-01,Sri Lanka,LKA,6.3779788972687,3.1790022823606,Historical,World Bank API,6.3779788972687,3.1790022823606,57.41308505930096
2015-01-01,Sri Lanka,LKA,4.20595547449241,3.76836783062096,Historical,World Bank API,4.20595547449241,3.76836783062096,-34.05504247915331
2016-01-01,Sri Lanka,LKA,5.05362488994436,3.9588884659307,Historical,World Bank API,5.05362488994436,3.9588884659307,20.15402732132465
2017-01-01,Sri Lanka,LKA,6.46068127065753,7.70413767850602,Historical,World Bank API,6.46068127065753,7.70413767850602,27.84251722981881
2018-01-01,Sri Lanka,LKA,2.31008425545845,2.135037737132,Historical,World Bank API,2.31008425545845,2.135037737132,-64.24395263158766
2019-01-01,Sri Lanka,LKA,-0.220483886831275,3.52839358231811,Historical,World Bank API,-0.220483886831275,3.52839358231811,-109.54440888077126
2020-01-01,Sri Lanka,LKA,-4.62451503749502,6.15394508391738,Historical,World Bank API,-4.62451503749502,6.15394508391738,1997.4390028936327
2021-01-01,Sri Lanka,LKA,4.2074764951157,7.01478071238195,Historical,World Bank API,4.2074764951157,7.01478071238195,-190.98200483730682
2022-01-01,Sri Lanka,LKA,-7.34919301306745,49.7211021114327,Historical,World Bank API,-7.34919301306745,49.7211021114327,-274.669853096003
2023-01-01,Sri Lanka,LKA,-2.3298481898334,16.5411742279832,Historical,World Bank API,-2.3298481898334,16.5411742279832,-68.29790446800426
2024-01-01,Sri Lanka,LKA,5.00871930957159,-0.42936004906973,Historical,World Bank API,5.00871930957159,-0.42936004906973,-314.9805009368335
2000-01-01,St. Kitts and Nevis,KNA,10.042808415173,2.14885532743696,Historical,World Bank API,10.042808415173,2.14885532743696,
2001-01-01,St. Kitts and Nevis,KNA,5.25344983010886,2.30344748349255,Historical,World Bank API,5.25344983010886,2.30344748349255,-47.68943493762385
2002-01-01,St. Kitts and Nevis,KNA,1.36771507253633,2.04109102620208,Historical,World Bank API,1.36771507253633,2.04109102620208,-73.9653919468764
2003-01-01,St. Kitts and Nevis,KNA,-3.93339486032939,2.23543664374553,Historical,World Bank API,-3.93339486032939,2.23543664374553,-387.5887631358181
2004-01-01,St. Kitts and Nevis,KNA,3.99634666125431,2.31455462238093,Historical,World Bank API,3.99634666125431,2.31455462238093,-201.600444480157
2005-01-01,St. Kitts and Nevis,KNA,9.73282070298016,3.37781903988238,Historical,World Bank API,9.73282070298016,3.37781903988238,143.54295380184504
2006-01-01,St. Kitts and Nevis,KNA,3.15038119968223,8.48748575845879,Historical,World Bank API,3.15038119968223,8.48748575845879,-67.6313650911334
2007-01-01,St. Kitts and Nevis,KNA,0.600602326543751,4.48088608614726,Historical,World Bank API,0.600602326543751,4.48088608614726,-80.9355665719332
2008-01-01,St. Kitts and Nevis,KNA,11.3170358267109,5.30029675072584,Historical,World Bank API,11.3170358267109,5.30029675072584,1784.281050297681
2009-01-01,St. Kitts and Nevis,KNA,-3.40474015376245,2.05793709041836,Historical,World Bank API,-3.40474015376245,2.05793709041836,-130.08508770226257
2010-01-01,St. Kitts and Nevis,KNA,-0.0541942065330545,0.850878649795844,Historical,World Bank API,-0.0541942065330545,0.850878649795844,-98.40827187727773
2011-01-01,St. Kitts and Nevis,KNA,1.61660730423688,5.8351651957086,Historical,World Bank API,1.61660730423688,5.8351651957086,-3082.9891563240585
2012-01-01,St. Kitts and Nevis,KNA,-0.737636737448398,0.816089281562459,Historical,World Bank API,-0.737636737448398,0.816089281562459,-145.62869012871369
2013-01-01,St. Kitts and Nevis,KNA,5.72728087234704,1.10698554000129,Historical,World Bank API,5.72728087234704,1.10698554000129,-876.4365007305098
2014-01-01,St. Kitts and Nevis,KNA,7.57696602328922,0.247865392364942,Historical,World Bank API,7.57696602328922,0.247865392364942,32.29604400707833
2015-01-01,St. Kitts and Nevis,KNA,0.694135527876625,-2.30187563045616,Historical,World Bank API,0.694135527876625,-2.30187563045616,-90.838872369982
2016-01-01,St. Kitts and Nevis,KNA,3.93270319273282,-0.687037123294039,Historical,World Bank API,3.93270319273282,-0.687037123294039,466.56128879659
2017-01-01,St. Kitts and Nevis,KNA,0.220941147299996,0.694916711613604,Historical,World Bank API,0.220941147299996,0.694916711613604,-94.38195214659805
2018-01-01,St. Kitts and Nevis,KNA,2.00352549800972,-1.03712214131572,Historical,World Bank API,2.00352549800972,-1.03712214131572,806.8141097725512
2019-01-01,St. Kitts and Nevis,KNA,2.93824658056356,-0.329562063663977,Historical,World Bank API,2.93824658056356,-0.329562063663977,46.65381516144325
2020-01-01,St. Kitts and Nevis,KNA,-15.3018891740649,-1.16724501769353,Historical,World Bank API,-15.3018891740649,-1.16724501769353,-620.7830164863146
2021-01-01,St. Kitts and Nevis,KNA,0.367606879216311,1.195688870384,Historical,World Bank API,0.367606879216311,1.195688870384,-102.40236270851683
2022-01-01,St. Kitts and Nevis,KNA,10.4804941546807,2.66817533111249,Historical,World Bank API,10.4804941546807,2.66817533111249,2751.005992331732
2023-01-01,St. Kitts and Nevis,KNA,3.02127526129283,3.55711230848243,Historical,World Bank API,3.02127526129283,3.55711230848243,-71.17239686695979
2024-01-01,St. Kitts and Nevis,KNA,0.312226855858171,,Historical,World Bank API,0.312226855858171,6.747787530076212,-89.66572626273826
2000-01-01,St. Lucia,LCA,0.0487485535201131,3.7107860871361,Historical,World Bank API,0.0487485535201131,3.7107860871361,
2001-01-01,St. Lucia,LCA,-3.40806396189404,5.30722081028547,Historical,World Bank API,-3.40806396189404,5.30722081028547,-7091.107870488734
2002-01-01,St. Lucia,LCA,0.416450493043214,-0.255536626916508,Historical,World Bank API,0.416450493043214,-0.255536626916508,-112.21956212382149
2003-01-01,St. Lucia,LCA,4.26461148738223,1.03425372426221,Historical,World Bank API,4.26461148738223,1.03425372426221,924.0380450071174
2004-01-01,St. Lucia,LCA,7.2674088699471,1.46036814425245,Historical,World Bank API,7.2674088699471,1.46036814425245,70.41197988255885
2005-01-01,St. Lucia,LCA,-0.410304726290235,3.89827370759476,Historical,World Bank API,-0.410304726290235,3.89827370759476,-105.6458186629208
2006-01-01,St. Lucia,LCA,6.19525729141048,2.39562082529168,Historical,World Bank API,6.19525729141048,2.39562082529168,-1609.916141455357
2007-01-01,St. Lucia,LCA,1.69161857433913,2.82310373736929,Historical,World Bank API,1.69161857433913,2.82310373736929,-72.69494236043266
2008-01-01,St. Lucia,LCA,4.94932194028057,5.54954769383937,Historical,World Bank API,4.94932194028057,5.54954769383937,192.57907280984648
2009-01-01,St. Lucia,LCA,-2.82889954830628,-0.156936087168669,Historical,World Bank API,-2.82889954830628,-0.156936087168669,-157.1573153341064
2010-01-01,St. Lucia,LCA,0.330018546071486,3.25034409180129,Historical,World Bank API,0.330018546071486,3.25034409180129,-111.6659690609755
2011-01-01,St. Lucia,LCA,4.32694280532142,2.76940794144093,Historical,World Bank API,4.32694280532142,2.76940794144093,1211.1211042012628
2012-01-01,St. Lucia,LCA,-0.108756148262358,4.17763587102515,Historical,World Bank API,-0.108756148262358,4.17763587102515,-102.51346396648937
2013-01-01,St. Lucia,LCA,-1.81877603735991,1.46856511035428,Historical,World Bank API,-1.81877603735991,1.46856511035428,1572.3431883339451
2014-01-01,St. Lucia,LCA,1.32809022110105,3.51695551369241,Historical,World Bank API,1.32809022110105,3.51695551369241,-173.02109736550483
2015-01-01,St. Lucia,LCA,0.101917836412952,-0.983600952696996,Historical,World Bank API,0.101917836412952,-0.983600952696996,-92.32598547947613
2016-01-01,St. Lucia,LCA,3.42787214525211,-3.07821765676927,Historical,World Bank API,3.42787214525211,-3.07821765676927,3263.3682443601074
2017-01-01,St. Lucia,LCA,3.37982617272246,0.104262078958441,Historical,World Bank API,3.37982617272246,0.104262078958441,-1.401626737922479
2018-01-01,St. Lucia,LCA,2.88677902171601,1.93561893150602,Historical,World Bank API,2.88677902171601,1.93561893150602,-14.587944048296986
2019-01-01,St. Lucia,LCA,-0.700322396299441,0.539087559191757,Historical,World Bank API,-0.700322396299441,0.539087559191757,-124.25964686008916
2020-01-01,St. Lucia,LCA,-24.3614732129122,-1.75580833517594,Historical,World Bank API,-24.3614732129122,-1.75580833517594,3378.608329769282
2021-01-01,St. Lucia,LCA,11.598783583643,2.41070312174393,Historical,World Bank API,11.598783583643,2.41070312174393,-147.6111747523354
2022-01-01,St. Lucia,LCA,20.3884431828414,6.37814695133351,Historical,World Bank API,20.3884431828414,6.37814695133351,75.78087422541341
2023-01-01,St. Lucia,LCA,2.20988276526516,4.07060821926204,Historical,World Bank API,2.20988276526516,4.07060821926204,-89.16110099507272
2024-01-01,St. Lucia,LCA,3.89175024218898,-0.110283575834694,Historical,World Bank API,3.89175024218898,-0.110283575834694,76.10663802439382
2015-01-01,St. Martin (French part),MAF,1.0,,Historical,World Bank API,1.0,6.747787530076212,
2016-01-01,St. Martin (French part),MAF,5.0,,Historical,World Bank API,5.0,6.747787530076212,400.0
2017-01-01,St. Martin (French part),MAF,-8.00000324038295,,Historical,World Bank API,-8.00000324038295,6.747787530076212,-260.00006480765904
2018-01-01,St. Martin (French part),MAF,-7.99999506898229,,Historical,World Bank API,-7.99999506898229,6.747787530076212,-0.00010214246687345607
2019-01-01,St. Martin (French part),MAF,6.50000363700821,,Historical,World Bank API,6.50000363700821,6.747787530076212,-181.25009554331012
2020-01-01,St. Martin (French part),MAF,-12.500002246731,,Historical,World Bank API,-12.500002246731,6.747787530076212,-292.3076192690323
2021-01-01,St. Martin (French part),MAF,4.89999967133534,,Historical,World Bank API,4.89999967133534,6.747787530076212,-139.19999032493604
2000-01-01,St. Vincent and the Grenadines,VCT,1.63903190394467,0.167679637488279,Historical,World Bank API,1.63903190394467,0.167679637488279,
2001-01-01,St. Vincent and the Grenadines,VCT,1.74823102028898,0.9008584858665,Historical,World Bank API,1.74823102028898,0.9008584858665,6.6624155442917
2002-01-01,St. Vincent and the Grenadines,VCT,5.34212707436718,1.85550399046655,Historical,World Bank API,5.34212707436718,1.85550399046655,205.57329165135934
2003-01-01,St. Vincent and the Grenadines,VCT,6.69133665352797,0.205981708824254,Historical,World Bank API,6.69133665352797,0.205981708824254,25.256036787942104
2004-01-01,St. Vincent and the Grenadines,VCT,4.11469880444737,2.96003946719286,Historical,World Bank API,4.11469880444737,2.96003946719286,-38.50707239071707
2005-01-01,St. Vincent and the Grenadines,VCT,2.48855733938132,3.7334291646702,Historical,World Bank API,2.48855733938132,3.7334291646702,-39.52030372936254
2006-01-01,St. Vincent and the Grenadines,VCT,6.99692626758825,2.74067516070673,Historical,World Bank API,6.99692626758825,2.74067516070673,181.16395619510843
2007-01-01,St. Vincent and the Grenadines,VCT,3.3229685982929,7.23614701584807,Historical,World Bank API,3.3229685982929,7.23614701584807,-52.508166140240256
2008-01-01,St. Vincent and the Grenadines,VCT,0.404640808638888,10.0662418245849,Historical,World Bank API,0.404640808638888,10.0662418245849,-87.82291205379542
2009-01-01,St. Vincent and the Grenadines,VCT,-1.3781936056056,0.421539125687215,Historical,World Bank API,-1.3781936056056,0.421539125687215,-440.59679008686834
2010-01-01,St. Vincent and the Grenadines,VCT,-4.47046793507802,0.747109026311474,Historical,World Bank API,-4.47046793507802,0.747109026311474,224.37154815513932
2011-01-01,St. Vincent and the Grenadines,VCT,-0.60627665148327,3.1860311155246,Historical,World Bank API,-0.60627665148327,3.1860311155246,-86.43818364681573
2012-01-01,St. Vincent and the Grenadines,VCT,1.16911218376478,2.59844414147101,Historical,World Bank API,1.16911218376478,2.59844414147101,-292.8347695568549
2013-01-01,St. Vincent and the Grenadines,VCT,2.4624841721544,0.805127804267928,Historical,World Bank API,2.4624841721544,0.805127804267928,110.62856125788527
2014-01-01,St. Vincent and the Grenadines,VCT,1.1457271877622,0.193858560794015,Historical,World Bank API,1.1457271877622,0.193858560794015,-53.472708547002924
2015-01-01,St. Vincent and the Grenadines,VCT,2.78509791763551,-1.73361194953959,Historical,World Bank API,2.78509791763551,-1.73361194953959,143.08560950493634
2016-01-01,St. Vincent and the Grenadines,VCT,4.1496810046981,-0.149641647633284,Historical,World Bank API,4.1496810046981,-0.149641647633284,48.995874738260255
2017-01-01,St. Vincent and the Grenadines,VCT,1.54810173239956,2.15333648840511,Historical,World Bank API,1.54810173239956,2.15333648840511,-62.69347618173873
2018-01-01,St. Vincent and the Grenadines,VCT,3.1756114423991,2.32414485367921,Historical,World Bank API,3.1756114423991,2.32414485367921,105.129377219732
2019-01-01,St. Vincent and the Grenadines,VCT,0.668428481084234,0.91306972532459,Historical,World Bank API,0.668428481084234,0.91306972532459,-78.95118804020771
2020-01-01,St. Vincent and the Grenadines,VCT,-4.26892434422649,-0.628131309354654,Historical,World Bank API,-4.26892434422649,-0.628131309354654,-738.6508751545147
2021-01-01,St. Vincent and the Grenadines,VCT,2.09340124465459,1.57272932500558,Historical,World Bank API,2.09340124465459,1.57272932500558,-149.03814347250758
2022-01-01,St. Vincent and the Grenadines,VCT,3.1108330034352,5.66009779226552,Historical,World Bank API,3.1108330034352,5.66009779226552,48.60185123986995
2023-01-01,St. Vincent and the Grenadines,VCT,5.32636472098717,4.56457719814894,Historical,World Bank API,5.32636472098717,4.56457719814894,71.21988596319457
2024-01-01,St. Vincent and the Grenadines,VCT,4.06183490050209,3.62770736940927,Historical,World Bank API,4.06183490050209,3.62770736940927,-23.74095441685632
2000-01-01,Sudan,SDN,6.34586743997545,7.12125897172291,Historical,World Bank API,6.34586743997545,7.12125897172291,
2001-01-01,Sudan,SDN,6.50036053396883,1.93529572095333,Historical,World Bank API,6.50036053396883,1.93529572095333,2.4345465053391857
2002-01-01,Sudan,SDN,6.0064715363132,22.2247241495905,Historical,World Bank API,6.0064715363132,22.2247241495905,-7.597870842312848
2003-01-01,Sudan,SDN,6.28880816146516,6.48943208673338,Historical,World Bank API,6.28880816146516,6.48943208673338,4.700540466146275
2004-01-01,Sudan,SDN,5.14088851762675,9.65754628605945,Historical,World Bank API,5.14088851762675,9.65754628605945,-18.2533735227021
2005-01-01,Sudan,SDN,5.64351551343631,8.50585075933117,Historical,World Bank API,5.64351551343631,8.50585075933117,9.777045234227222
2006-01-01,Sudan,SDN,6.5314117467792,7.19912990114709,Historical,World Bank API,6.5314117467792,7.19912990114709,15.733034333456697
2007-01-01,Sudan,SDN,5.73527423664484,14.7542770780084,Historical,World Bank API,5.73527423664484,14.7542770780084,-12.189363356657989
2008-01-01,Sudan,SDN,3.84674473121058,14.2971224481434,Historical,World Bank API,3.84674473121058,14.2971224481434,-32.928320905175376
2009-01-01,Sudan,SDN,-2.76770436599138,11.256758706301,Historical,World Bank API,-2.76770436599138,11.256758706301,-171.94925994271463
2010-01-01,Sudan,SDN,3.85824195230107,12.9776663898014,Historical,World Bank API,3.85824195230107,12.9776663898014,-239.4022425122368
2011-01-01,Sudan,SDN,-3.21353209253371,18.0966171221351,Historical,World Bank API,-3.21353209253371,18.0966171221351,-183.29006143891903
2012-01-01,Sudan,SDN,-17.0046884048945,35.5590574147024,Historical,World Bank API,-17.0046884048945,35.5590574147024,429.15881700397625
2013-01-01,Sudan,SDN,1.95514463302422,36.5223449139154,Historical,World Bank API,1.95514463302422,36.5223449139154,-111.49767985434809
2014-01-01,Sudan,SDN,4.66137954229873,36.9066427863595,Historical,World Bank API,4.66137954229873,36.9066427863595,138.41609789698794
2015-01-01,Sudan,SDN,1.91017689052751,16.9095706050977,Historical,World Bank API,1.91017689052751,16.9095706050977,-59.021210927065624
2016-01-01,Sudan,SDN,3.46764218409288,17.750253831196,Historical,World Bank API,3.46764218409288,17.750253831196,81.53513432650021
2017-01-01,Sudan,SDN,0.70925628476644,32.3516260968437,Historical,World Bank API,0.70925628476644,32.3516260968437,-79.54643970995588
2018-01-01,Sudan,SDN,-2.6809305497999,63.2925073455888,Historical,World Bank API,-2.6809305497999,63.2925073455888,-477.9917932884779
2019-01-01,Sudan,SDN,-2.17825104530091,50.9940515002965,Historical,World Bank API,-2.17825104530091,50.9940515002965,-18.75018748756878
2020-01-01,Sudan,SDN,-3.62980082410752,163.257782355458,Historical,World Bank API,-3.62980082410752,163.257782355458,66.63831434572265
2021-01-01,Sudan,SDN,-1.8685204827207,359.093040778999,Historical,World Bank API,-1.8685204827207,359.093040778999,-48.52278201297384
2022-01-01,Sudan,SDN,-0.957816591119183,138.80846024176,Historical,World Bank API,-0.957816591119183,138.80846024176,-48.739304707833156
2023-01-01,Sudan,SDN,-29.4332718325149,,Historical,World Bank API,-29.4332718325149,6.747787530076212,2972.9548961062483
2024-01-01,Sudan,SDN,-13.9643375197179,,Historical,World Bank API,-13.9643375197179,6.747787530076212,-52.55594553273038
2000-01-01,Suriname,SUR,2.09999886750489,59.401686545079,Historical,World Bank API,2.09999886750489,59.401686545079,
2001-01-01,Suriname,SUR,4.20000042083539,38.5862878872611,Historical,World Bank API,4.20000042083539,38.5862878872611,100.00012789652656
2002-01-01,Suriname,SUR,2.80000068850687,15.5273989185702,Historical,World Bank API,2.80000068850687,15.5273989185702,-33.33332362024042
2003-01-01,Suriname,SUR,6.29999943314137,23.0022321778219,Historical,World Bank API,6.29999943314137,23.0022321778219,124.99992442862258
2004-01-01,Suriname,SUR,8.50000018479413,9.98632511974878,Historical,World Bank API,8.50000018479413,9.98632511974878,34.92064999370601
2005-01-01,Suriname,SUR,4.50000021086888,9.89800489561465,Historical,World Bank API,4.50000021086888,9.89800489561465,-47.058822199568354
2006-01-01,Suriname,SUR,5.79354358463304,11.2813043273975,Historical,World Bank API,5.79354358463304,11.2813043273975,28.745406958867626
2007-01-01,Suriname,SUR,5.11148777773458,6.42627934470524,Historical,World Bank API,5.11148777773458,6.42627934470524,-11.772687940202342
2008-01-01,Suriname,SUR,4.14340681165626,14.6671427437912,Historical,World Bank API,4.14340681165626,14.6671427437912,-18.939318808415017
2009-01-01,Suriname,SUR,3.01369898266211,-0.133636646714877,Historical,World Bank API,3.01369898266211,-0.133636646714877,-27.265192155789485
2010-01-01,Suriname,SUR,5.16882515225814,6.94108221639996,Historical,World Bank API,5.16882515225814,6.94108221639996,71.51099635346887
2011-01-01,Suriname,SUR,5.84936767173009,17.7117796414558,Historical,World Bank API,5.84936767173009,17.7117796414558,13.166290199904251
2012-01-01,Suriname,SUR,2.69034974668847,5.00686319367273,Historical,World Bank API,2.69034974668847,5.00686319367273,-54.00614395140706
2013-01-01,Suriname,SUR,2.9334416518612,1.92343604108305,Historical,World Bank API,2.9334416518612,1.92343604108305,9.035699000546305
2014-01-01,Suriname,SUR,0.255503031645475,3.38341272749477,Historical,World Bank API,0.255503031645475,3.38341272749477,-91.2899910082287
2015-01-01,Suriname,SUR,-3.41304268067621,6.89390359168238,Historical,World Bank API,-3.41304268067621,6.89390359168238,-1435.812987695583
2016-01-01,Suriname,SUR,-4.91166050905851,55.4123879763196,Historical,World Bank API,-4.91166050905851,55.4123879763196,43.90855809882186
2017-01-01,Suriname,SUR,1.56603782534897,21.9969430173304,Historical,World Bank API,1.56603782534897,21.9969430173304,-131.8840812075824
2018-01-01,Suriname,SUR,4.94827108468886,,Historical,World Bank API,4.94827108468886,6.747787530076212,215.97391867506173
2019-01-01,Suriname,SUR,1.16758977233877,,Historical,World Bank API,1.16758977233877,6.747787530076212,-76.40408634944085
2020-01-01,Suriname,SUR,-15.9751917148622,34.889784309078,Historical,World Bank API,-15.9751917148622,34.889784309078,-1468.2195659236284
2021-01-01,Suriname,SUR,-2.43538583612838,59.1196626251977,Historical,World Bank API,-2.43538583612838,59.1196626251977,-84.75520119196649
2022-01-01,Suriname,SUR,2.40622235601218,52.446027276241,Historical,World Bank API,2.40622235601218,52.446027276241,-198.80251089237822
2023-01-01,Suriname,SUR,2.41659223498058,51.5873159600861,Historical,World Bank API,2.41659223498058,51.5873159600861,0.43096096013279794
2024-01-01,Suriname,SUR,1.72095737011739,16.2296159130279,Historical,World Bank API,1.72095737011739,16.2296159130279,-28.7857775421835
2000-01-01,Sweden,SWE,4.63112136551369,0.899143734041633,Historical,World Bank API,4.63112136551369,0.899143734041633,
2001-01-01,Sweden,SWE,1.36080642694121,2.40595834145438,Historical,World Bank API,1.36080642694121,2.40595834145438,-70.61604912635954
2002-01-01,Sweden,SWE,2.27772867861897,2.15848213589264,Historical,World Bank API,2.27772867861897,2.15848213589264,67.38079961444608
2003-01-01,Sweden,SWE,1.88102769675844,1.92565534892391,Historical,World Bank API,1.88102769675844,1.92565534892391,-17.416516092735733
2004-01-01,Sweden,SWE,4.17958419343711,0.373659828721813,Historical,World Bank API,4.17958419343711,0.373659828721813,122.19684487579605
2005-01-01,Sweden,SWE,2.79313782840156,0.453170852576182,Historical,World Bank API,2.79313782840156,0.453170852576182,-33.17187310672156
2006-01-01,Sweden,SWE,4.67607488877992,1.3602146862768,Historical,World Bank API,4.67607488877992,1.3602146862768,67.41296620711034
2007-01-01,Sweden,SWE,3.22486814096095,2.21216883436735,Historical,World Bank API,3.22486814096095,2.21216883436735,-31.034719980663496
2008-01-01,Sweden,SWE,-0.923113250067971,3.43704910602874,Historical,World Bank API,-0.923113250067971,3.43704910602874,-128.62483703885331
2009-01-01,Sweden,SWE,-4.25561384207619,-0.494460544377991,Historical,World Bank API,-4.25561384207619,-0.494460544377991,361.00669032351556
2010-01-01,Sweden,SWE,5.75076477579255,1.15798802715628,Historical,World Bank API,5.75076477579255,1.15798802715628,-235.13361383811366
2011-01-01,Sweden,SWE,3.16388567406926,2.9611507382214,Historical,World Bank API,3.16388567406926,2.9611507382214,-44.983218799220936
2012-01-01,Sweden,SWE,-0.414397702454409,0.888377506923638,Historical,World Bank API,-0.414397702454409,0.888377506923638,-113.09774578300194
2013-01-01,Sweden,SWE,1.13766671801426,-0.0442929701485858,Historical,World Bank API,1.13766671801426,-0.0442929701485858,-374.5349965205039
2014-01-01,Sweden,SWE,2.29577238758284,-0.179638494114635,Historical,World Bank API,2.29577238758284,-0.179638494114635,101.79656759142918
2015-01-01,Sweden,SWE,4.38824673608589,-0.0467847449832812,Historical,World Bank API,4.38824673608589,-0.0467847449832812,91.14467792280412
2016-01-01,Sweden,SWE,2.13117914731151,0.984269244577992,Historical,World Bank API,2.13117914731151,0.984269244577992,-51.43438198708895
2017-01-01,Sweden,SWE,1.88282184966646,1.79449904665589,Historical,World Bank API,1.88282184966646,1.79449904665589,-11.653515752458155
2018-01-01,Sweden,SWE,1.7702553546772,1.95353530127028,Historical,World Bank API,1.7702553546772,1.95353530127028,-5.978605729968612
2019-01-01,Sweden,SWE,2.60823012869524,1.78415097403835,Historical,World Bank API,2.60823012869524,1.78415097403835,47.336378438513016
2020-01-01,Sweden,SWE,-1.93379704032216,0.497367318853572,Historical,World Bank API,-1.93379704032216,0.497367318853572,-174.1421172559469
2021-01-01,Sweden,SWE,5.2258643028773,2.16319736447153,Historical,World Bank API,5.2258643028773,2.16319736447153,-370.2385097252346
2022-01-01,Sweden,SWE,1.25543620445816,8.36929098869189,Historical,World Bank API,1.25543620445816,8.36929098869189,-75.97648672647448
2023-01-01,Sweden,SWE,-0.204061304891439,8.54862489748902,Historical,World Bank API,-0.204061304891439,8.54862489748902,-116.25421540073484
2024-01-01,Sweden,SWE,0.820071806703865,2.83581658224034,Historical,World Bank API,0.820071806703865,2.83581658224034,-501.87521448034687
2000-01-01,Switzerland,CHE,3.95871990780931,1.5585291967901,Historical,World Bank API,3.95871990780931,1.5585291967901,
2001-01-01,Switzerland,CHE,1.57566198688916,0.989020329832546,Historical,World Bank API,1.57566198688916,0.989020329832546,-60.19768956674923
2002-01-01,Switzerland,CHE,-0.0732172569941127,0.642711506543278,Historical,World Bank API,-0.0732172569941127,0.642711506543278,-104.64676165340931
2003-01-01,Switzerland,CHE,-0.0323984255438887,0.638272930887201,Historical,World Bank API,-0.0323984255438887,0.638272930887201,-55.750287740916306
2004-01-01,Switzerland,CHE,2.70170912949028,0.802908730955227,Historical,World Bank API,2.70170912949028,0.802908730955227,-8439.01365308754
2005-01-01,Switzerland,CHE,2.74969910618739,1.17195420333703,Historical,World Bank API,2.74969910618739,1.17195420333703,1.7762821383427108
2006-01-01,Switzerland,CHE,4.0736284178369,1.05950928324802,Historical,World Bank API,4.0736284178369,1.05950928324802,48.148152234926236
2007-01-01,Switzerland,CHE,3.91637577227581,0.732350603122248,Historical,World Bank API,3.91637577227581,0.732350603122248,-3.8602599312332897
2008-01-01,Switzerland,CHE,2.8079835919566,2.42604117060158,Historical,World Bank API,2.8079835919566,2.42604117060158,-28.30147679304844
2009-01-01,Switzerland,CHE,-2.29737452570922,-0.480481936423275,Historical,World Bank API,-2.29737452570922,-0.480481936423275,-181.8158101881362
2010-01-01,Switzerland,CHE,3.24339715656356,0.688238707220026,Historical,World Bank API,3.24339715656356,0.688238707220026,-241.17842433907438
2011-01-01,Switzerland,CHE,1.81310830459596,0.2313492076509,Historical,World Bank API,1.81310830459596,0.2313492076509,-44.098480171420576
2012-01-01,Switzerland,CHE,1.17925385250513,-0.692552018105253,Historical,World Bank API,1.17925385250513,-0.692552018105253,-34.95954712049486
2013-01-01,Switzerland,CHE,1.79214400716117,-0.217323155115693,Historical,World Bank API,1.79214400716117,-0.217323155115693,51.97270743309901
2014-01-01,Switzerland,CHE,2.34988141500179,-0.0132025387514939,Historical,World Bank API,2.34988141500179,-0.0132025387514939,31.121238338658898
2015-01-01,Switzerland,CHE,1.64462750849488,-1.14390867228183,Historical,World Bank API,1.64462750849488,-1.14390867228183,-30.012319004887868
2016-01-01,Switzerland,CHE,2.06868969039562,-0.434618664285835,Historical,World Bank API,2.06868969039562,-0.434618664285835,25.78469469289313
2017-01-01,Switzerland,CHE,1.36279965488859,0.533787839825897,Historical,World Bank API,1.36279965488859,0.533787839825897,-34.12256747758211
2018-01-01,Switzerland,CHE,2.86044579439036,0.936335464113563,Historical,World Bank API,2.86044579439036,0.936335464113563,109.89481352812672
2019-01-01,Switzerland,CHE,1.14198218965691,0.362886179940614,Historical,World Bank API,1.14198218965691,0.362886179940614,-60.076775728578426
2020-01-01,Switzerland,CHE,-2.14173712008038,-0.725874933313384,Historical,World Bank API,-2.14173712008038,-0.725874933313384,-287.54557991169986
2021-01-01,Switzerland,CHE,5.55962020605844,0.581814168489856,Historical,World Bank API,5.55962020605844,0.581814168489856,-359.5846219376254
2022-01-01,Switzerland,CHE,3.04406102969423,2.83502798644463,Historical,World Bank API,3.04406102969423,2.83502798644463,-45.246960819786764
2023-01-01,Switzerland,CHE,0.683328174376044,2.13540088016377,Historical,World Bank API,0.683328174376044,2.13540088016377,-77.55208690922063
2024-01-01,Switzerland,CHE,1.30233332541106,1.06234041976595,Historical,World Bank API,1.30233332541106,1.06234041976595,90.58680356627148
2000-01-01,Syrian Arab Republic,SYR,0.675642589410501,-3.84615384615379,Historical,World Bank API,0.675642589410501,-3.84615384615379,
2001-01-01,Syrian Arab Republic,SYR,1.04728710191981,2.99999999999995,Historical,World Bank API,1.04728710191981,2.99999999999995,55.00608137115353
2002-01-01,Syrian Arab Republic,SYR,3.95483192702744,-0.130505282417402,Historical,World Bank API,3.95483192702744,-0.130505282417402,277.62633758954274
2003-01-01,Syrian Arab Republic,SYR,7.20443505274413,5.79682944905841,Historical,World Bank API,7.20443505274413,5.79682944905841,82.16791979221176
2004-01-01,Syrian Arab Republic,SYR,6.90295943489203,4.43314136719839,Historical,World Bank API,6.90295943489203,4.43314136719839,-4.1845837410564135
2005-01-01,Syrian Arab Republic,SYR,6.21507783539282,7.24034939348535,Historical,World Bank API,6.21507783539282,7.24034939348535,-9.965024508505882
2006-01-01,Syrian Arab Republic,SYR,5.04619555585526,10.0241105377571,Historical,World Bank API,5.04619555585526,10.0241105377571,-18.807202588536555
2007-01-01,Syrian Arab Republic,SYR,5.67459177685805,3.90770950443607,Historical,World Bank API,5.67459177685805,3.90770950443607,12.452870960849749
2008-01-01,Syrian Arab Republic,SYR,4.47667273608019,15.7453252219709,Historical,World Bank API,4.47667273608019,15.7453252219709,-21.11022409864226
2009-01-01,Syrian Arab Republic,SYR,5.91204279337705,2.92089711805367,Historical,World Bank API,5.91204279337705,2.92089711805367,32.0633234082168
2010-01-01,Syrian Arab Republic,SYR,5.19190584075331,4.3974138315007,Historical,World Bank API,5.19190584075331,4.3974138315007,-12.180848106012887
2011-01-01,Syrian Arab Republic,SYR,2.8500028435797,4.7531638888563,Historical,World Bank API,2.8500028435797,4.7531638888563,-45.10680796233038
2012-01-01,Syrian Arab Republic,SYR,-26.3390170772532,36.7022953364139,Historical,World Bank API,-26.3390170772532,36.7022953364139,-1024.1751157051656
2013-01-01,Syrian Arab Republic,SYR,-26.3000876615061,40.0318378290723,Historical,World Bank API,-26.3000876615061,40.0318378290723,-0.147801323158403
2014-01-01,Syrian Arab Republic,SYR,-10.310339909053,10.9271141804297,Historical,World Bank API,-10.310339909053,10.9271141804297,-60.797317325509745
2015-01-01,Syrian Arab Republic,SYR,-4.179791613232,38.4611429599733,Historical,World Bank API,-4.179791613232,38.4611429599733,-59.460195783051425
2016-01-01,Syrian Arab Republic,SYR,-6.4055907393619,47.7051615298923,Historical,World Bank API,-6.4055907393619,47.7051615298923,53.25143768133487
2017-01-01,Syrian Arab Republic,SYR,-0.723281777470547,18.0752696281771,Historical,World Bank API,-0.723281777470547,18.0752696281771,-88.70858587599061
2018-01-01,Syrian Arab Republic,SYR,1.39317607830837,0.940983843906769,Historical,World Bank API,1.39317607830837,0.940983843906769,-292.61871675802064
2019-01-01,Syrian Arab Republic,SYR,1.22070522070523,13.4175653228571,Historical,World Bank API,1.22070522070523,13.4175653228571,-12.379688417601775
2020-01-01,Syrian Arab Republic,SYR,-0.697154504235129,,Historical,World Bank API,-0.697154504235129,6.747787530076212,-157.11079893902365
2021-01-01,Syrian Arab Republic,SYR,1.85421590064124,,Historical,World Bank API,1.85421590064124,6.747787530076212,-365.9691487865464
2022-01-01,Syrian Arab Republic,SYR,0.732781301861365,,Historical,World Bank API,0.732781301861365,6.747787530076212,-60.480260059901944
2000-01-01,Tajikistan,TJK,8.32432449473859,,Historical,World Bank API,8.32432449473859,6.747787530076212,
2001-01-01,Tajikistan,TJK,9.58083617842951,38.59188944886,Historical,World Bank API,9.58083617842951,38.59188944886,15.094458228834085
2002-01-01,Tajikistan,TJK,10.8000037591665,12.2499847845885,Historical,World Bank API,10.8000037591665,12.2499847845885,12.725064472784208
2003-01-01,Tajikistan,TJK,10.9999990780572,16.3034912049491,Historical,World Bank API,10.9999990780572,16.3034912049491,1.8518078636866608
2004-01-01,Tajikistan,TJK,10.2999989410117,7.14196508692253,Historical,World Bank API,10.2999989410117,7.14196508692253,-6.363638142860051
2005-01-01,Tajikistan,TJK,6.69999851655409,7.09193244083773,Historical,World Bank API,6.69999851655409,7.09193244083773,-34.95146402514101
2006-01-01,Tajikistan,TJK,7.00000321108996,10.0108651886461,Historical,World Bank API,7.00000321108996,10.0108651886461,4.4776829994011225
2007-01-01,Tajikistan,TJK,7.80000011872161,13.1491247062982,Historical,World Bank API,7.80000011872161,13.1491247062982,11.428522009307528
2008-01-01,Tajikistan,TJK,7.89999827154939,20.4705219109964,Historical,World Bank API,7.89999827154939,20.4705219109964,1.2820275808427706
2009-01-01,Tajikistan,TJK,3.90000114826496,6.44823481066697,Historical,World Bank API,3.90000114826496,6.44823481066697,-50.63288605631466
2010-01-01,Tajikistan,TJK,6.49999908585235,6.44531440780658,Historical,World Bank API,6.49999908585235,6.44531440780658,66.66659415585255
2011-01-01,Tajikistan,TJK,7.40000059956709,12.4315490430406,Historical,World Bank API,7.40000059956709,12.4315490430406,13.846179081373243
2012-01-01,Tajikistan,TJK,7.49999946321525,5.83116601031462,Historical,World Bank API,7.49999946321525,5.83116601031462,1.3513358857566882
2013-01-01,Tajikistan,TJK,7.39999974700379,5.00964645344951,Historical,World Bank API,7.39999974700379,5.00964645344951,-1.3333296449142717
2014-01-01,Tajikistan,TJK,6.70000069016253,6.10442765129667,Historical,World Bank API,6.70000069016253,6.10442765129667,-9.459447037477053
2015-01-01,Tajikistan,TJK,6.01930331771186,5.7145594964971,Historical,World Bank API,6.01930331771186,5.7145594964971,-10.159661228843209
2016-01-01,Tajikistan,TJK,6.89999999999999,6.00458082322139,Historical,World Bank API,6.89999999999999,6.00458082322139,14.63120623439378
2017-01-01,Tajikistan,TJK,7.10000041864309,,Historical,World Bank API,7.10000041864309,6.747787530076212,2.8985567919289856
2018-01-01,Tajikistan,TJK,7.5999988895536,,Historical,World Bank API,7.5999988895536,6.747787530076212,7.042231569418234
2019-01-01,Tajikistan,TJK,7.40000016310556,,Historical,World Bank API,7.40000016310556,6.747787530076212,-2.631562574607005
2020-01-01,Tajikistan,TJK,4.40000111553493,,Historical,World Bank API,4.40000111553493,6.747787530076212,-40.54052677630779
2021-01-01,Tajikistan,TJK,9.39999955037523,,Historical,World Bank API,9.39999955037523,6.747787530076212,113.63629925426567
2022-01-01,Tajikistan,TJK,8.00000033846364,,Historical,World Bank API,8.00000033846364,6.747787530076212,-14.893609349754755
2023-01-01,Tajikistan,TJK,8.29999921651935,,Historical,World Bank API,8.29999921651935,6.747787530076212,3.7499858170421563
2024-01-01,Tajikistan,TJK,8.39999980983981,,Historical,World Bank API,8.39999980983981,6.747787530076212,1.2048265392776258
2000-01-01,Tanzania,TZA,4.52078463603256,5.92396109637479,Historical,World Bank API,4.52078463603256,5.92396109637479,
2001-01-01,Tanzania,TZA,6.07080828734129,5.14746800222618,Historical,World Bank API,6.07080828734129,5.14746800222618,34.28660677516879
2002-01-01,Tanzania,TZA,7.09319498355502,5.31783366118203,Historical,World Bank API,7.09319498355502,5.31783366118203,16.841030845029103
2003-01-01,Tanzania,TZA,6.67278983053497,5.30356621509782,Historical,World Bank API,6.67278983053497,5.30356621509782,-5.926879974323618
2004-01-01,Tanzania,TZA,7.50381465859829,4.73580143949058,Historical,World Bank API,7.50381465859829,4.73580143949058,12.45393379933104
2005-01-01,Tanzania,TZA,7.47631925974784,5.03457009267163,Historical,World Bank API,7.47631925974784,5.03457009267163,-0.36641894957978316
2006-01-01,Tanzania,TZA,6.53222138847813,7.25097262082546,Historical,World Bank API,6.53222138847813,7.25097262082546,-12.627843173480958
2007-01-01,Tanzania,TZA,6.76853520293716,7.02551436974771,Historical,World Bank API,6.76853520293716,7.02551436974771,3.6176638911205927
2008-01-01,Tanzania,TZA,5.68641685905224,10.2783937621135,Historical,World Bank API,5.68641685905224,10.2783937621135,-15.987481950531068
2009-01-01,Tanzania,TZA,5.26910524873463,12.1422278742988,Historical,World Bank API,5.26910524873463,12.1422278742988,-7.338744602469472
2010-01-01,Tanzania,TZA,6.33652342666889,6.20015595647403,Historical,World Bank API,6.33652342666889,6.20015595647403,20.258053835432488
2011-01-01,Tanzania,TZA,7.67215543486064,12.6909694699162,Historical,World Bank API,7.67215543486064,12.6909694699162,21.07830932290724
2012-01-01,Tanzania,TZA,4.50015356010131,16.0010938506338,Historical,World Bank API,4.50015356010131,16.0010938506338,-41.34433799850338
2013-01-01,Tanzania,TZA,6.78158560065316,7.87072364573959,Historical,World Bank API,6.78158560065316,7.87072364573959,50.69675979013677
2014-01-01,Tanzania,TZA,6.73246186832483,6.13161432988012,Historical,World Bank API,6.73246186832483,6.13161432988012,-0.724369420679416
2015-01-01,Tanzania,TZA,6.16062877406682,5.58816952959298,Historical,World Bank API,6.16062877406682,5.58816952959298,-8.493670004257936
2016-01-01,Tanzania,TZA,6.86711619644551,5.17476629301493,Historical,World Bank API,6.86711619644551,5.17476629301493,11.467781103004437
2017-01-01,Tanzania,TZA,6.72726996832338,5.31871605228931,Historical,World Bank API,6.72726996832338,5.31871605228931,-2.036462237154446
2018-01-01,Tanzania,TZA,5.50267599385063,3.49445848856181,Historical,World Bank API,5.50267599385063,3.49445848856181,-18.203431410348948
2019-01-01,Tanzania,TZA,5.79999999996723,3.46428057999021,Historical,World Bank API,5.79999999996723,3.46428057999021,5.403262093731587
2020-01-01,Tanzania,TZA,1.99196460647855,3.29029062798325,Historical,World Bank API,1.99196460647855,3.29029062798325,-65.65578264672752
2021-01-01,Tanzania,TZA,4.32138429480482,3.69091958802199,Historical,World Bank API,4.32138429480482,3.69091958802199,116.94081715860816
2022-01-01,Tanzania,TZA,4.56600576430955,4.35027204269101,Historical,World Bank API,4.56600576430955,4.35027204269101,5.66072010301919
2023-01-01,Tanzania,TZA,5.06952353203394,3.79923291384916,Historical,World Bank API,5.06952353203394,3.79923291384916,11.027532458679001
2024-01-01,Tanzania,TZA,5.5263138305945,3.05694676312373,Historical,World Bank API,5.5263138305945,3.05694676312373,9.010517372572323
2000-01-01,Thailand,THA,4.45524704335014,1.59196917460972,Historical,World Bank API,4.45524704335014,1.59196917460972,
2001-01-01,Thailand,THA,3.44424900968372,1.62690887314091,Historical,World Bank API,3.44424900968372,1.62690887314091,-22.692300198603498
2002-01-01,Thailand,THA,6.14903605210036,0.697308976625449,Historical,World Bank API,6.14903605210036,0.697308976625449,78.53053117855194
2003-01-01,Thailand,THA,7.18924330340971,1.80434994635721,Historical,World Bank API,7.18924330340971,1.80434994635721,16.916590543554232
2004-01-01,Thailand,THA,6.28934214285795,2.7591492623108,Historical,World Bank API,6.28934214285795,2.7591492623108,-12.517327938045375
2005-01-01,Thailand,THA,4.18763842884337,4.54036919634535,Historical,World Bank API,4.18763842884337,4.54036919634535,-33.41690857765198
2006-01-01,Thailand,THA,4.96781089246107,4.63747436011765,Historical,World Bank API,4.96781089246107,4.63747436011765,18.630368329893866
2007-01-01,Thailand,THA,5.43515169050809,2.24154095286803,Historical,World Bank API,5.43515169050809,2.24154095286803,9.407378987719417
2008-01-01,Thailand,THA,1.72569884866334,5.46848949649845,Historical,World Bank API,1.72569884866334,5.46848949649845,-68.24929740825655
2009-01-01,Thailand,THA,-0.690618232300579,-0.845716092316721,Historical,World Bank API,-0.690618232300579,-0.845716092316721,-140.01962641601722
2010-01-01,Thailand,THA,7.51339053261624,3.24758842443723,Historical,World Bank API,7.51339053261624,3.24758842443723,-1187.9224122982862
2011-01-01,Thailand,THA,0.840132083053334,3.80879058139634,Historical,World Bank API,0.840132083053334,3.80879058139634,-88.81820292175348
2012-01-01,Thailand,THA,7.24279620249642,3.01489950334985,Historical,World Bank API,7.24279620249642,3.01489950334985,762.1020847309586
2013-01-01,Thailand,THA,2.68749556320556,2.18488618530687,Historical,World Bank API,2.68749556320556,2.18488618530687,-62.89422637241616
2014-01-01,Thailand,THA,0.984468863619426,1.8951418189878,Historical,World Bank API,0.984468863619426,1.8951418189878,-63.36853994857642
2015-01-01,Thailand,THA,3.13404724911635,-0.900424963291569,Historical,World Bank API,3.13404724911635,-0.900424963291569,218.3490473831688
2016-01-01,Thailand,THA,3.43515771692182,0.188149704448143,Historical,World Bank API,3.43515771692182,0.188149704448143,9.607719471694898
2017-01-01,Thailand,THA,4.1776810321001,0.665631893135106,Historical,World Bank API,4.1776810321001,0.665631893135106,21.615406812926217
2018-01-01,Thailand,THA,4.22287028746071,1.06389754183024,Historical,World Bank API,4.22287028746071,1.06389754183024,1.0816827568545406
2019-01-01,Thailand,THA,2.11455779628278,0.706728601314311,Historical,World Bank API,2.11455779628278,0.706728601314311,-49.926053789487746
2020-01-01,Thailand,THA,-6.05003846851622,-0.845937147357041,Historical,World Bank API,-6.05003846851622,-0.845937147357041,-386.11364887503635
2021-01-01,Thailand,THA,1.55216608426647,1.23039541318384,Historical,World Bank API,1.55216608426647,1.23039541318384,-125.65547462786861
2022-01-01,Thailand,THA,2.58037874709827,-1.61068030486688,Historical,World Bank API,2.58037874709827,-1.61068030486688,66.2437269602961
2023-01-01,Thailand,THA,2.01775095328327,8.47805174421543,Historical,World Bank API,2.01775095328327,8.47805174421543,-21.80407796520939
2024-01-01,Thailand,THA,2.54182067735289,1.36580540798037,Historical,World Bank API,2.54182067735289,1.36580540798037,25.972963770224354
2000-01-01,Timor-Leste,TLS,58.078100510636,,Historical,World Bank API,58.078100510636,6.747787530076212,
2001-01-01,Timor-Leste,TLS,16.3476915812463,,Historical,World Bank API,16.3476915812463,6.747787530076212,-71.85222753927275
2002-01-01,Timor-Leste,TLS,-6.7006946888999,,Historical,World Bank API,-6.7006946888999,6.747787530076212,-140.9886292238764
2003-01-01,Timor-Leste,TLS,-2.18226723759027,7.16515891441839,Historical,World Bank API,-2.18226723759027,7.16515891441839,-67.43222398708411
2004-01-01,Timor-Leste,TLS,0.400000000000006,3.23751394003321,Historical,World Bank API,0.400000000000006,3.23751394003321,-118.32956079392454
2005-01-01,Timor-Leste,TLS,2.9845905125044,1.11167400387198,Historical,World Bank API,2.9845905125044,1.11167400387198,646.1476281260888
2006-01-01,Timor-Leste,TLS,-4.11609279328982,3.93616259929866,Historical,World Bank API,-4.11609279328982,3.93616259929866,-237.91147482526722
2007-01-01,Timor-Leste,TLS,10.2653784307473,10.3009020174895,Historical,World Bank API,10.2653784307473,10.3009020174895,-349.3961858071381
2008-01-01,Timor-Leste,TLS,11.3948084309167,9.06423621948942,Historical,World Bank API,11.3948084309167,9.06423621948942,11.002322104234219
2009-01-01,Timor-Leste,TLS,10.146951414355,0.669681185965433,Historical,World Bank API,10.146951414355,0.669681185965433,-10.951101320632839
2010-01-01,Timor-Leste,TLS,9.33149806305823,6.76597680236481,Historical,World Bank API,9.33149806305823,6.76597680236481,-8.03643693556213
2011-01-01,Timor-Leste,TLS,5.95855501570803,13.499840238577,Historical,World Bank API,5.95855501570803,13.499840238577,-36.1457830731712
2012-01-01,Timor-Leste,TLS,4.86062134121768,11.8003096701544,Historical,World Bank API,4.86062134121768,11.8003096701544,-18.426173318798956
2013-01-01,Timor-Leste,TLS,3.10436980963603,11.0849085109954,Historical,World Bank API,3.10436980963603,11.0849085109954,-36.13224335516074
2014-01-01,Timor-Leste,TLS,4.47249922937381,0.726275016139465,Historical,World Bank API,4.47249922937381,0.726275016139465,44.071083782965445
2015-01-01,Timor-Leste,TLS,2.48003785368208,0.552796026277853,Historical,World Bank API,2.48003785368208,0.552796026277853,-44.54917202905124
2016-01-01,Timor-Leste,TLS,3.00993358093274,-1.33853876185163,Historical,World Bank API,3.00993358093274,-1.33853876185163,21.366437067237932
2017-01-01,Timor-Leste,TLS,-3.18241515376397,0.557215537430361,Historical,World Bank API,-3.18241515376397,0.557215537430361,-205.73041125969897
2018-01-01,Timor-Leste,TLS,-0.466502371512661,2.63647201015892,Historical,World Bank API,-0.466502371512661,2.63647201015892,-85.34124716692259
2019-01-01,Timor-Leste,TLS,24.2128789232326,0.958812739703141,Historical,World Bank API,24.2128789232326,0.958812739703141,-5290.301357894696
2020-01-01,Timor-Leste,TLS,31.7257429812373,0.495499215459571,Historical,World Bank API,31.7257429812373,0.495499215459571,31.028379904035287
2021-01-01,Timor-Leste,TLS,5.36980163959615,3.69792094666786,Historical,World Bank API,5.36980163959615,3.69792094666786,-83.07430769147986
2022-01-01,Timor-Leste,TLS,-20.5224785561874,7.00530945399787,Historical,World Bank API,-20.5224785561874,7.00530945399787,-482.1831779568463
2023-01-01,Timor-Leste,TLS,-18.135905003556,8.42035103310377,Historical,World Bank API,-18.135905003556,8.42035103310377,-11.629070758180248
2024-01-01,Timor-Leste,TLS,-9.10069369772735,2.06284153005468,Historical,World Bank API,-9.10069369772735,2.06284153005468,-49.819467537225584
2000-01-01,Togo,TGO,-0.783479610048047,1.86260595463067,Historical,World Bank API,-0.783479610048047,1.86260595463067,
2001-01-01,Togo,TGO,0.823438752111855,3.91959133653146,Historical,World Bank API,0.823438752111855,3.91959133653146,-205.1002146771066
2002-01-01,Togo,TGO,3.82662257675142,3.05981857535884,Historical,World Bank API,3.82662257675142,3.05981857535884,364.7124715635943
2003-01-01,Togo,TGO,6.72017142336034,-0.930000884072214,Historical,World Bank API,6.72017142336034,-0.930000884072214,75.61625920958673
2004-01-01,Togo,TGO,-0.978665332738743,0.393078681031669,Historical,World Bank API,-0.978665332738743,0.393078681031669,-114.56310071699589
2005-01-01,Togo,TGO,-4.66629938413338,6.78292893028314,Historical,World Bank API,-4.66629938413338,6.78292893028314,376.80235807219094
2006-01-01,Togo,TGO,2.65013209943473,2.22897779414027,Historical,World Bank API,2.65013209943473,2.22897779414027,-156.79301479124683
2007-01-01,Togo,TGO,-1.1751368996605,0.945673271705214,Historical,World Bank API,-1.1751368996605,0.945673271705214,-144.3425782402
2008-01-01,Togo,TGO,4.03561315398862,8.69482814363902,Historical,World Bank API,4.03561315398862,8.69482814363902,-443.416427069435
2009-01-01,Togo,TGO,5.45381096920332,3.71360592035809,Historical,World Bank API,5.45381096920332,3.71360592035809,35.142065433427796
2010-01-01,Togo,TGO,5.85433399076879,1.44594517430864,Historical,World Bank API,5.85433399076879,1.44594517430864,7.343910961108668
2011-01-01,Togo,TGO,5.82325622135289,3.5635147290396,Historical,World Bank API,5.82325622135289,3.5635147290396,-0.5308506392854295
2012-01-01,Togo,TGO,6.30271426865185,2.57718174055848,Historical,World Bank API,6.30271426865185,2.57718174055848,8.233504229830535
2013-01-01,Togo,TGO,5.82425069283059,1.82539475909162,Historical,World Bank API,5.82425069283059,1.82539475909162,-7.591389287644212
2014-01-01,Togo,TGO,5.63323739145223,0.19087507624975,Historical,World Bank API,5.63323739145223,0.19087507624975,-3.2796201855371687
2015-01-01,Togo,TGO,5.4680413807304,2.58500390801595,Historical,World Bank API,5.4680413807304,2.58500390801595,-2.9325235072197753
2016-01-01,Togo,TGO,4.21490387414525,1.28544847051417,Historical,World Bank API,4.21490387414525,1.28544847051417,-22.917483964208042
2017-01-01,Togo,TGO,4.00791259566937,-0.981889868943119,Historical,World Bank API,4.00791259566937,-0.981889868943119,-4.910937109280011
2018-01-01,Togo,TGO,4.79518333086139,0.927755426457183,Historical,World Bank API,4.79518333086139,0.927755426457183,19.642911775139037
2019-01-01,Togo,TGO,4.92283321360694,0.674652770077525,Historical,World Bank API,4.92283321360694,0.674652770077525,2.6620438456232964
2020-01-01,Togo,TGO,2.16228657424364,1.69928463299399,Historical,World Bank API,2.16228657424364,1.69928463299399,-56.07637958834397
2021-01-01,Togo,TGO,5.12890113701732,4.1862150652352,Historical,World Bank API,5.12890113701732,4.1862150652352,137.1980290730608
2022-01-01,Togo,TGO,6.29443692019429,7.96757361617945,Historical,World Bank API,6.29443692019429,7.96757361617945,22.724863514424843
2023-01-01,Togo,TGO,6.19211576941919,5.48928568141131,Historical,World Bank API,6.19211576941919,5.48928568141131,-1.6255806845378862
2024-01-01,Togo,TGO,6.53204505563791,2.86262074089801,Historical,World Bank API,6.53204505563791,2.86262074089801,5.489711414917631
2000-01-01,Tonga,TON,3.75409745006452,6.32763551411155,Historical,World Bank API,3.75409745006452,6.32763551411155,
2001-01-01,Tonga,TON,1.49248125545273,8.2902831885033,Historical,World Bank API,1.49248125545273,8.2902831885033,-60.24393944736093
2002-01-01,Tonga,TON,4.4292235994526,10.3590607918507,Historical,World Bank API,4.4292235994526,10.3590607918507,196.76912746947949
2003-01-01,Tonga,TON,0.0518054450729011,11.6386219580734,Historical,World Bank API,0.0518054450729011,11.6386219580734,-98.83037187196186
2004-01-01,Tonga,TON,-1.96794740326561,10.9734053679554,Historical,World Bank API,-1.96794740326561,10.9734053679554,-3898.7269494476814
2005-01-01,Tonga,TON,-0.657650703495165,8.66569221131751,Historical,World Bank API,-0.657650703495165,8.66569221131751,-66.5818963248784
2006-01-01,Tonga,TON,-2.16566342680382,6.14911606456571,Historical,World Bank API,-2.16566342680382,6.14911606456571,229.30298945840667
2007-01-01,Tonga,TON,-2.46430779100223,5.8422487490138,Historical,World Bank API,-2.46430779100223,5.8422487490138,13.789971262485711
2008-01-01,Tonga,TON,4.86284132376997,10.4469875128223,Historical,World Bank API,4.86284132376997,10.4469875128223,-297.3309235772152
2009-01-01,Tonga,TON,-5.12917819150532,1.42685972070535,Historical,World Bank API,-5.12917819150532,1.42685972070535,-205.47698043186136
2010-01-01,Tonga,TON,0.824396914081831,3.53491239189833,Historical,World Bank API,0.824396914081831,3.53491239189833,-116.07269007435059
2011-01-01,Tonga,TON,6.70369746238768,6.2707530299569,Historical,World Bank API,6.70369746238768,6.2707530299569,713.1638228963893
2012-01-01,Tonga,TON,0.919761024923076,1.14753853706055,Historical,World Bank API,0.919761024923076,1.14753853706055,-86.27979514165783
2013-01-01,Tonga,TON,0.393922530137331,0.77562932236742,Historical,World Bank API,0.393922530137331,0.77562932236742,-57.17120866582963
2014-01-01,Tonga,TON,1.99053625497055,2.51087633253706,Historical,World Bank API,1.99053625497055,2.51087633253706,405.3116038518032
2015-01-01,Tonga,TON,1.11374405685874,-1.05399831971283,Historical,World Bank API,1.11374405685874,-1.05399831971283,-44.04803961356545
2016-01-01,Tonga,TON,6.59870436118344,2.57815515245072,Historical,World Bank API,6.59870436118344,2.57815515245072,492.4794229470242
2017-01-01,Tonga,TON,3.2023165092282,7.51706283551125,Historical,World Bank API,3.2023165092282,7.51706283551125,-51.470526122284355
2018-01-01,Tonga,TON,0.527827266310538,5.03209691984882,Historical,World Bank API,0.527827266310538,5.03209691984882,-83.51732988324284
2019-01-01,Tonga,TON,-0.285208794735084,1.179543348218,Historical,World Bank API,-0.285208794735084,1.179543348218,-154.0344944149373
2020-01-01,Tonga,TON,1.80618735341196,-0.349737696727418,Historical,World Bank API,1.80618735341196,-0.349737696727418,-733.2859949461362
2021-01-01,Tonga,TON,-0.934926303735025,5.64051140636743,Historical,World Bank API,-0.934926303735025,5.64051140636743,-151.76242110038652
2022-01-01,Tonga,TON,-2.12854452405193,10.9713652903022,Historical,World Bank API,-2.12854452405193,10.9713652903022,127.66976557921272
2023-01-01,Tonga,TON,2.79014366862668,6.35112980255189,Historical,World Bank API,2.79014366862668,6.35112980255189,-231.08223187717581
2024-01-01,Tonga,TON,,3.18364611260051,Historical,World Bank API,3.326306297196254,3.18364611260051,19.216308987897946
2000-01-01,Trinidad and Tobago,TTO,6.90135959072803,3.55541319666877,Historical,World Bank API,6.90135959072803,3.55541319666877,
2001-01-01,Trinidad and Tobago,TTO,4.16852398185424,5.536653263223,Historical,World Bank API,4.16852398185424,5.536653263223,-39.59851059703296
2002-01-01,Trinidad and Tobago,TTO,7.93670968715332,4.1500586166472,Historical,World Bank API,7.93670968715332,4.1500586166472,90.39616232753247
2003-01-01,Trinidad and Tobago,TTO,14.4409895389734,3.8111062439687,Historical,World Bank API,14.4409895389734,3.8111062439687,81.95184286944716
2004-01-01,Trinidad and Tobago,TTO,7.95005151069972,3.72154938995965,Historical,World Bank API,7.95005151069972,3.72154938995965,-44.94801419775224
2005-01-01,Trinidad and Tobago,TTO,6.20893787954175,6.87453459583516,Historical,World Bank API,6.20893787954175,6.87453459583516,-21.90065849025834
2006-01-01,Trinidad and Tobago,TTO,13.2080586051735,8.32960351465347,Historical,World Bank API,13.2080586051735,8.32960351465347,112.72653812004832
2007-01-01,Trinidad and Tobago,TTO,4.75420970092722,7.89438834757299,Historical,World Bank API,4.75420970092722,7.89438834757299,-64.00523465980814
2008-01-01,Trinidad and Tobago,TTO,3.39173707807387,12.0303445477177,Historical,World Bank API,3.39173707807387,12.0303445477177,-28.658235722913627
2009-01-01,Trinidad and Tobago,TTO,-4.3917292474614,6.97808725251547,Historical,World Bank API,-4.3917292474614,6.97808725251547,-229.48318653152836
2010-01-01,Trinidad and Tobago,TTO,3.32322471027371,10.5492003179988,Historical,World Bank API,3.32322471027371,10.5492003179988,-175.67007260738285
2011-01-01,Trinidad and Tobago,TTO,-0.294354409043763,5.1071328926456,Historical,World Bank API,-0.294354409043763,5.1071328926456,-108.85749338989234
2012-01-01,Trinidad and Tobago,TTO,6.71074625448722,9.26028137068292,Historical,World Bank API,6.71074625448722,9.26028137068292,-2379.818493729273
2013-01-01,Trinidad and Tobago,TTO,3.36819291689019,5.19981740465611,Historical,World Bank API,3.36819291689019,5.19981740465611,-49.808966258588484
2014-01-01,Trinidad and Tobago,TTO,3.67086851032413,5.68441814595659,Historical,World Bank API,3.67086851032413,5.68441814595659,8.986290301726441
2015-01-01,Trinidad and Tobago,TTO,-0.406283288730492,4.66121598098264,Historical,World Bank API,-0.406283288730492,4.66121598098264,-111.0677701363544
2016-01-01,Trinidad and Tobago,TTO,-7.53636305379372,3.07066742464024,Historical,World Bank API,-7.53636305379372,3.07066742464024,1754.9527541096986
2017-01-01,Trinidad and Tobago,TTO,-4.87274946918724,1.88038440183532,Historical,World Bank API,-4.87274946918724,1.88038440183532,-35.34348817319314
2018-01-01,Trinidad and Tobago,TTO,-0.945449700943314,1.01856930188822,Historical,World Bank API,-0.945449700943314,1.01856930188822,-80.59720273078163
2019-01-01,Trinidad and Tobago,TTO,0.467734528855885,1.00054293027237,Historical,World Bank API,0.467734528855885,1.00054293027237,-149.47217481683128
2020-01-01,Trinidad and Tobago,TTO,-8.78879817831519,0.598986330824643,Historical,World Bank API,-8.78879817831519,0.598986330824643,-1979.0141920489114
2021-01-01,Trinidad and Tobago,TTO,-0.716740625909793,2.05922746915458,Historical,World Bank API,-0.716740625909793,2.05922746915458,-91.84483917632534
2022-01-01,Trinidad and Tobago,TTO,0.86126082651883,5.82838638517959,Historical,World Bank API,0.86126082651883,5.82838638517959,-220.1635285324577
2023-01-01,Trinidad and Tobago,TTO,1.46645947294053,4.62930242419968,Historical,World Bank API,1.46645947294053,4.62930242419968,70.26891596450294
2024-01-01,Trinidad and Tobago,TTO,2.50920813979569,0.526884625776839,Historical,World Bank API,2.50920813979569,0.526884625776839,71.10654512424065
2000-01-01,Tunisia,TUN,4.7099729138049,2.96230794738605,Historical,World Bank API,4.7099729138049,2.96230794738605,
2001-01-01,Tunisia,TUN,3.79627166202512,1.98333333333337,Historical,World Bank API,3.79627166202512,1.98333333333337,-19.39928888129542
2002-01-01,Tunisia,TUN,1.32255714828946,2.72103284850455,Historical,World Bank API,1.32255714828946,2.72103284850455,-65.16168319777351
2003-01-01,Tunisia,TUN,4.70239953285241,2.71259247474352,Historical,World Bank API,4.70239953285241,2.71259247474352,255.55359849170193
2004-01-01,Tunisia,TUN,6.23579072222647,3.63228004956625,Historical,World Bank API,6.23579072222647,3.63228004956625,32.60869644659748
2005-01-01,Tunisia,TUN,3.4865455430439,2.01778641357144,Historical,World Bank API,3.4865455430439,2.01778641357144,-44.08815660511712
2006-01-01,Tunisia,TUN,5.24409983246916,3.22525337438917,Historical,World Bank API,5.24409983246916,3.22525337438917,50.409617993713084
2007-01-01,Tunisia,TUN,6.70952097453554,2.96694432477349,Historical,World Bank API,6.70952097453554,2.96694432477349,27.944188495290213
2008-01-01,Tunisia,TUN,4.23778147502819,4.34502807623045,Historical,World Bank API,4.23778147502819,4.34502807623045,-36.839284188666745
2009-01-01,Tunisia,TUN,3.04345012371552,3.66490330642919,Historical,World Bank API,3.04345012371552,3.66490330642919,-28.182938604797346
2010-01-01,Tunisia,TUN,2.97113275066512,3.33897963601069,Historical,World Bank API,2.97113275066512,3.33897963601069,-2.376164225162758
2011-01-01,Tunisia,TUN,-2.04663389535644,3.24002842009531,Historical,World Bank API,-2.04663389535644,3.24002842009531,-168.88395999466127
2012-01-01,Tunisia,TUN,4.21667711535632,4.6118443220664,Historical,World Bank API,4.21667711535632,4.6118443220664,-306.02986811287747
2013-01-01,Tunisia,TUN,2.42993096446429,5.31623531326689,Historical,World Bank API,2.42993096446429,5.31623531326689,-42.37332150439139
2014-01-01,Tunisia,TUN,3.09032803070775,4.62555099534031,Historical,World Bank API,3.09032803070775,4.62555099534031,27.177606109030062
2015-01-01,Tunisia,TUN,0.967834205635981,4.437371273215,Historical,World Bank API,0.967834205635981,4.437371273215,-68.68182937154647
2016-01-01,Tunisia,TUN,1.117231963992,3.62939937384381,Historical,World Bank API,1.117231963992,3.62939937384381,15.43629657704102
2017-01-01,Tunisia,TUN,2.25261437620587,5.30884839565844,Historical,World Bank API,2.25261437620587,5.30884839565844,101.62459084656118
2018-01-01,Tunisia,TUN,2.60696965356362,7.30759176031652,Historical,World Bank API,2.60696965356362,7.30759176031652,15.730845061665576
2019-01-01,Tunisia,TUN,1.55009304966742,6.72007532863799,Historical,World Bank API,1.55009304966742,6.72007532863799,-40.54042602496325
2020-01-01,Tunisia,TUN,-8.97512622934723,5.63415115897625,Historical,World Bank API,-8.97512622934723,5.63415115897625,-679.0056430014242
2021-01-01,Tunisia,TUN,4.73603648206102,5.706350208307,Historical,World Bank API,4.73603648206102,5.706350208307,-152.76846654897105
2022-01-01,Tunisia,TUN,2.75228761004381,8.30646124447623,Historical,World Bank API,2.75228761004381,8.30646124447623,-41.88626670278362
2023-01-01,Tunisia,TUN,0.184015548469745,9.32899597507865,Historical,World Bank API,0.184015548469745,9.32899597507865,-93.31408724152867
2024-01-01,Tunisia,TUN,1.61444564976986,7.20661657168794,Historical,World Bank API,1.61444564976986,7.20661657168794,777.3419763685348
2000-01-01,Turkiye,TUR,6.98528697817062,54.9153705812683,Historical,World Bank API,6.98528697817062,54.9153705812683,
2001-01-01,Turkiye,TUR,-5.45940838563062,54.4001887619075,Historical,World Bank API,-5.45940838563062,54.4001887619075,-178.15582098046295
2002-01-01,Turkiye,TUR,6.43550883793114,44.9641209479849,Historical,World Bank API,6.43550883793114,44.9641209479849,-217.87923495281385
2003-01-01,Turkiye,TUR,5.79909321038525,21.6024384490572,Historical,World Bank API,5.79909321038525,21.6024384490572,-9.889126774169466
2004-01-01,Turkiye,TUR,9.92540551918624,8.59826168115272,Historical,World Bank API,9.92540551918624,8.59826168115272,71.15444017025669
2005-01-01,Turkiye,TUR,9.11157745861635,8.17916036802002,Historical,World Bank API,9.11157745861635,8.17916036802002,-8.199443932005845
2006-01-01,Turkiye,TUR,7.06762607623939,9.59724212288432,Historical,World Bank API,7.06762607623939,9.59724212288432,-22.432464539321906
2007-01-01,Turkiye,TUR,5.10818513903604,8.75618090972639,Historical,World Bank API,5.10818513903604,8.75618090972639,-27.724173804140296
2008-01-01,Turkiye,TUR,0.920118221365883,10.4441283764885,Historical,World Bank API,0.920118221365883,10.4441283764885,-81.98737523559068
2009-01-01,Turkiye,TUR,-4.88269401706633,6.25097663090626,Historical,World Bank API,-4.88269401706633,6.25097663090626,-630.6594200273682
2010-01-01,Turkiye,TUR,8.54219848467686,8.56644420552976,Historical,World Bank API,8.54219848467686,8.56644420552976,-274.94847014413716
2011-01-01,Turkiye,TUR,10.9799625273598,6.471879671151,Historical,World Bank API,10.9799625273598,6.471879671151,28.537899781371777
2012-01-01,Turkiye,TUR,4.80762696633448,8.89156996512163,Historical,World Bank API,4.80762696633448,8.89156996512163,-56.2145412212941
2013-01-01,Turkiye,TUR,8.48825689298511,7.49309030547693,Historical,World Bank API,8.48825689298511,7.49309030547693,76.55814297624019
2014-01-01,Turkiye,TUR,4.60079447270559,8.85457271364324,Historical,World Bank API,4.60079447270559,8.85457271364324,-45.798124035244605
2015-01-01,Turkiye,TUR,5.80557386628684,7.67085364845877,Historical,World Bank API,5.80557386628684,7.67085364845877,26.186333702334586
2016-01-01,Turkiye,TUR,3.32366508200445,7.7751341532833,Historical,World Bank API,3.32366508200445,7.7751341532833,-42.75044709524612
2017-01-01,Turkiye,TUR,7.82585730002594,11.1443110840765,Historical,World Bank API,7.82585730002594,11.1443110840765,135.4586610545696
2018-01-01,Turkiye,TUR,3.46815306092219,16.3324638988928,Historical,World Bank API,3.46815306092219,16.3324638988928,-55.683410418042065
2019-01-01,Turkiye,TUR,1.30162365464503,15.1768215720022,Historical,World Bank API,1.30162365464503,15.1768215720022,-62.46925577445751
2020-01-01,Turkiye,TUR,1.80306247087255,12.2789574462574,Historical,World Bank API,1.80306247087255,12.2789574462574,38.52410137431539
2021-01-01,Turkiye,TUR,11.811094450607,19.5964926913324,Historical,World Bank API,11.811094450607,19.5964926913324,555.0574171116376
2022-01-01,Turkiye,TUR,5.44122511322401,72.3088359891207,Historical,World Bank API,5.44122511322401,72.3088359891207,-53.931236974026795
2023-01-01,Turkiye,TUR,5.04512369812289,53.8594087593315,Historical,World Bank API,5.04512369812289,53.8594087593315,-7.279636604970808
2024-01-01,Turkiye,TUR,3.3276230893799,58.5064507300343,Historical,World Bank API,3.3276230893799,58.5064507300343,-34.042784904996694
2000-01-01,Turkmenistan,TKM,5.46906413252854,,Historical,World Bank API,5.46906413252854,6.747787530076212,
2001-01-01,Turkmenistan,TKM,4.34384571432727,,Historical,World Bank API,4.34384571432727,6.747787530076212,-20.57424069154299
2002-01-01,Turkmenistan,TKM,0.257179925006284,,Historical,World Bank API,0.257179925006284,6.747787530076212,-94.0794415382197
2003-01-01,Turkmenistan,TKM,3.26882855955344,,Historical,World Bank API,3.26882855955344,6.747787530076212,1171.027884261794
2004-01-01,Turkmenistan,TKM,5.00040743766748,,Historical,World Bank API,5.00040743766748,6.747787530076212,52.972459294426685
2005-01-01,Turkmenistan,TKM,13.034034870022,,Historical,World Bank API,13.034034870022,6.747787530076212,160.65945690421444
2006-01-01,Turkmenistan,TKM,10.9733083254017,,Historical,World Bank API,10.9733083254017,6.747787530076212,-15.810350096269321
2007-01-01,Turkmenistan,TKM,11.05929947045,,Historical,World Bank API,11.05929947045,6.747787530076212,0.7836391952028121
2008-01-01,Turkmenistan,TKM,14.7,,Historical,World Bank API,14.7,6.747787530076212,32.91981141552232
2009-01-01,Turkmenistan,TKM,6.10000011485643,,Historical,World Bank API,6.10000011485643,6.747787530076212,-58.503400579207955
2010-01-01,Turkmenistan,TKM,9.19999998805483,,Historical,World Bank API,9.19999998805483,6.747787530076212,50.81966909555318
2011-01-01,Turkmenistan,TKM,14.6999999278723,,Historical,World Bank API,14.6999999278723,6.747787530076212,59.782608119115245
2012-01-01,Turkmenistan,TKM,11.0999999615545,,Historical,World Bank API,11.0999999615545,6.747787530076212,-24.489795809399496
2013-01-01,Turkmenistan,TKM,10.200000101399,,Historical,World Bank API,10.200000101399,6.747787530076212,-8.108106876330645
2014-01-01,Turkmenistan,TKM,10.2999999705459,,Historical,World Bank API,10.2999999705459,6.747787530076212,0.9803908642430637
2015-01-01,Turkmenistan,TKM,6.49999990951666,,Historical,World Bank API,6.49999990951666,6.747787530076212,-36.89320458151263
2016-01-01,Turkmenistan,TKM,6.1999999664301,,Historical,World Bank API,6.1999999664301,6.747787530076212,-4.615383804041739
2017-01-01,Turkmenistan,TKM,6.50000004682975,,Historical,World Bank API,6.50000004682975,6.747787530076212,4.838711000387086
2018-01-01,Turkmenistan,TKM,6.19999994137119,,Historical,World Bank API,6.19999994137119,6.747787530076212,-4.615386204572092
2019-01-01,Turkmenistan,TKM,6.30000004226711,,Historical,World Bank API,6.30000004226711,6.747787530076212,1.612904868412035
2020-01-01,Turkmenistan,TKM,5.900000048526,,Historical,World Bank API,5.900000048526,6.747787530076212,-6.349206207261648
2021-01-01,Turkmenistan,TKM,6.20000001747076,,Historical,World Bank API,6.20000001747076,6.747787530076212,5.084745194531148
2022-01-01,Turkmenistan,TKM,6.19999993621698,,Historical,World Bank API,6.19999993621698,6.747787530076212,-1.310544828214688e-06
2023-01-01,Turkmenistan,TKM,6.30015758549871,,Historical,World Bank API,6.30015758549871,6.747787530076212,1.615445972775964
2024-01-01,Turkmenistan,TKM,6.2994265836889,,Historical,World Bank API,6.2994265836889,6.747787530076212,-0.011602913100028367
2008-01-01,Turks and Caicos Islands,TCA,8.27189312486149,,Historical,World Bank API,8.27189312486149,6.747787530076212,
2009-01-01,Turks and Caicos Islands,TCA,-19.5502467595022,,Historical,World Bank API,-19.5502467595022,6.747787530076212,-336.3454950928124
2010-01-01,Turks and Caicos Islands,TCA,0.984924853810682,,Historical,World Bank API,0.984924853810682,6.747787530076212,-105.03791520345884
2011-01-01,Turks and Caicos Islands,TCA,4.62049892978239,,Historical,World Bank API,4.62049892978239,6.747787530076212,369.12197533706694
2012-01-01,Turks and Caicos Islands,TCA,-2.66655562053364,,Historical,World Bank API,-2.66655562053364,6.747787530076212,-157.71142166803241
2013-01-01,Turks and Caicos Islands,TCA,1.07088049554032,,Historical,World Bank API,1.07088049554032,6.747787530076212,-140.15969092465477
2014-01-01,Turks and Caicos Islands,TCA,8.71129580824217,,Historical,World Bank API,8.71129580824217,6.747787530076212,713.470396045156
2015-01-01,Turks and Caicos Islands,TCA,11.3148293929929,,Historical,World Bank API,11.3148293929929,6.747787530076212,29.88686921051864
2016-01-01,Turks and Caicos Islands,TCA,7.25118627570265,,Historical,World Bank API,7.25118627570265,6.747787530076212,-35.91431188354287
2017-01-01,Turks and Caicos Islands,TCA,74.5879880544188,,Historical,World Bank API,74.5879880544188,6.747787530076212,928.6315261869497
2018-01-01,Turks and Caicos Islands,TCA,6.75264845178367,,Historical,World Bank API,6.75264845178367,6.747787530076212,-90.94673468487045
2019-01-01,Turks and Caicos Islands,TCA,4.98170549382992,,Historical,World Bank API,4.98170549382992,6.747787530076212,-26.225901890183046
2020-01-01,Turks and Caicos Islands,TCA,-33.8170973434652,,Historical,World Bank API,-33.8170973434652,6.747787530076212,-778.8257030719558
2021-01-01,Turks and Caicos Islands,TCA,29.6293781722414,,Historical,World Bank API,29.6293781722414,6.747787530076212,-187.6165623303177
2022-01-01,Turks and Caicos Islands,TCA,14.0871234168153,,Historical,World Bank API,14.0871234168153,6.747787530076212,-52.45555497343183
2023-01-01,Turks and Caicos Islands,TCA,13.7311481139228,,Historical,World Bank API,13.7311481139228,6.747787530076212,-2.5269552367773396
2024-01-01,Turks and Caicos Islands,TCA,5.63682517443362,,Historical,World Bank API,5.63682517443362,6.747787530076212,-58.94862448743001
2000-01-01,Tuvalu,TUV,-0.970489205783323,,Historical,World Bank API,-0.970489205783323,6.747787530076212,
2001-01-01,Tuvalu,TUV,0.0,,Historical,World Bank API,0.0,6.747787530076212,-100.0
2002-01-01,Tuvalu,TUV,9.52380952380953,,Historical,World Bank API,9.52380952380953,6.747787530076212,inf
2003-01-01,Tuvalu,TUV,-4.34782608695652,,Historical,World Bank API,-4.34782608695652,6.747787530076212,-145.6521739130434
2004-01-01,Tuvalu,TUV,-2.27272727272727,,Historical,World Bank API,-2.27272727272727,6.747787530076212,-47.727272727272776
2005-01-01,Tuvalu,TUV,-4.65116279069767,,Historical,World Bank API,-4.65116279069767,6.747787530076212,104.65116279069777
2006-01-01,Tuvalu,TUV,2.4390243902439,,Historical,World Bank API,2.4390243902439,6.747787530076212,-152.4390243902439
2007-01-01,Tuvalu,TUV,7.14285714285714,,Historical,World Bank API,7.14285714285714,6.747787530076212,192.857142857143
2008-01-01,Tuvalu,TUV,6.66666666666667,,Historical,World Bank API,6.66666666666667,6.747787530076212,-6.666666666666588
2009-01-01,Tuvalu,TUV,-6.25,,Historical,World Bank API,-6.25,6.747787530076212,-193.74999999999994
2010-01-01,Tuvalu,TUV,-2.22222222222223,,Historical,World Bank API,-2.22222222222223,6.747787530076212,-64.44444444444433
2011-01-01,Tuvalu,TUV,6.81818181818181,0.5005807431527,Historical,World Bank API,6.81818181818181,0.5005807431527,-406.8181818181804
2012-01-01,Tuvalu,TUV,-2.12765957446808,,Historical,World Bank API,-2.12765957446808,6.747787530076212,-131.2056737588652
2013-01-01,Tuvalu,TUV,4.34782608695652,,Historical,World Bank API,4.34782608695652,6.747787530076212,-304.3478260869569
2014-01-01,Tuvalu,TUV,0.0,,Historical,World Bank API,0.0,6.747787530076212,-100.0
2015-01-01,Tuvalu,TUV,10.4166666666667,,Historical,World Bank API,10.4166666666667,6.747787530076212,inf
2016-01-01,Tuvalu,TUV,5.66037735849056,,Historical,World Bank API,5.66037735849056,6.747787530076212,-45.66037735849079
2017-01-01,Tuvalu,TUV,2.44839285714286,,Historical,World Bank API,2.44839285714286,6.747787530076212,-56.74505952380944
2018-01-01,Tuvalu,TUV,1.38728384151602,,Historical,World Bank API,1.38728384151602,6.747787530076212,-43.33900144052437
2019-01-01,Tuvalu,TUV,13.8220984406966,,Historical,World Bank API,13.8220984406966,6.747787530076212,896.3424951012078
2020-01-01,Tuvalu,TUV,-4.27493206901397,,Historical,World Bank API,-4.27493206901397,6.747787530076212,-130.92824209981916
2021-01-01,Tuvalu,TUV,1.8041359113616,,Historical,World Bank API,1.8041359113616,6.747787530076212,-142.20268023528456
2022-01-01,Tuvalu,TUV,0.677309361438304,,Historical,World Bank API,0.677309361438304,6.747787530076212,-62.457963550698814
2023-01-01,Tuvalu,TUV,3.85280919517032,,Historical,World Bank API,3.85280919517032,6.747787530076212,468.84038735101285
2000-01-01,Uganda,UGA,3.141907338187,3.39202158512998,Historical,World Bank API,3.141907338187,3.39202158512998,
2001-01-01,Uganda,UGA,5.18366112490236,1.86512524084773,Historical,World Bank API,5.18366112490236,1.86512524084773,64.98453222664197
2002-01-01,Uganda,UGA,8.73268576440127,-0.287508511765196,Historical,World Bank API,8.73268576440127,-0.287508511765196,68.46559900394257
2003-01-01,Uganda,UGA,6.47325867166543,8.68047651566884,Historical,World Bank API,6.47325867166543,8.68047651566884,-25.87322106500588
2004-01-01,Uganda,UGA,6.80723334361883,3.72128743978228,Historical,World Bank API,6.80723334361883,3.72128743978228,5.159297486678005
2005-01-01,Uganda,UGA,6.33256511623156,8.44872642299532,Historical,World Bank API,6.33256511623156,8.44872642299532,-6.972997742647225
2006-01-01,Uganda,UGA,10.7847443857453,7.31067613561864,Historical,World Bank API,10.7847443857453,7.31067613561864,70.30609536255639
2007-01-01,Uganda,UGA,8.41242596551071,6.1385108328505,Historical,World Bank API,8.41242596551071,6.1385108328505,-21.996983288451368
2008-01-01,Uganda,UGA,8.70875190154499,12.0508555482886,Historical,World Bank API,8.70875190154499,12.0508555482886,3.5224789763280695
2009-01-01,Uganda,UGA,6.80151734860395,13.0172561889185,Historical,World Bank API,6.80151734860395,13.0172561889185,-21.90020538537426
2010-01-01,Uganda,UGA,5.63761163749757,3.97655288478168,Historical,World Bank API,5.63761163749757,3.97655288478168,-17.112441995686122
2011-01-01,Uganda,UGA,9.3916554927176,16.5643496174515,Historical,World Bank API,9.3916554927176,16.5643496174515,66.58925971861338
2012-01-01,Uganda,UGA,3.83745560605229,12.6790377224659,Historical,World Bank API,3.83745560605229,12.6790377224659,-59.13973197773388
2013-01-01,Uganda,UGA,3.58690582623025,4.90520875694557,Historical,World Bank API,3.58690582623025,4.90520875694557,-6.529060021616473
2014-01-01,Uganda,UGA,5.10630732539796,3.07570668958641,Historical,World Bank API,5.10630732539796,3.07570668958641,42.359670779663716
2015-01-01,Uganda,UGA,5.18785986002466,5.58968606251725,Historical,World Bank API,5.18785986002466,5.58968606251725,1.5970941314297882
2016-01-01,Uganda,UGA,4.78100029254482,5.70637504616212,Historical,World Bank API,4.78100029254482,5.70637504616212,-7.842531958407717
2017-01-01,Uganda,UGA,3.13140551723596,5.20971705914209,Historical,World Bank API,3.13140551723596,5.20971705914209,-34.50313060806817
2018-01-01,Uganda,UGA,6.30392378262997,2.61601190952274,Historical,World Bank API,6.30392378262997,2.61601190952274,101.31291676953866
2019-01-01,Uganda,UGA,6.43874503276439,2.867588034469,Historical,World Bank API,6.43874503276439,2.867588034469,2.1386878202098725
2020-01-01,Uganda,UGA,2.95130642218098,3.31332289544502,Historical,World Bank API,2.95130642218098,3.31332289544502,-54.163328301355705
2021-01-01,Uganda,UGA,3.53658034070898,2.20457204757414,Historical,World Bank API,3.53658034070898,2.20457204757414,19.831011586234727
2022-01-01,Uganda,UGA,4.58802192181773,7.1957888597581,Historical,World Bank API,4.58802192181773,7.1957888597581,29.730459365104277
2023-01-01,Uganda,UGA,5.33697295511469,5.35094804280395,Historical,World Bank API,5.33697295511469,5.35094804280395,16.32405088858495
2024-01-01,Uganda,UGA,6.05558075875589,3.3233806708656,Historical,World Bank API,6.05558075875589,3.3233806708656,13.464707610191695
2000-01-01,Ukraine,UKR,5.90000000024899,28.2030972388552,Historical,World Bank API,5.90000000024899,28.2030972388552,
2001-01-01,Ukraine,UKR,8.80000000367222,11.9588085390459,Historical,World Bank API,8.80000000367222,11.9588085390459,49.15254242882789
2002-01-01,Ukraine,UKR,5.33964720719075,0.75742084639286,Historical,World Bank API,5.33964720719075,0.75742084639286,-39.322190852698554
2003-01-01,Ukraine,UKR,9.51660986436364,5.17967781908315,Historical,World Bank API,9.51660986436364,5.17967781908315,78.22544252638812
2004-01-01,Ukraine,UKR,11.7953525281136,9.04806786050888,Historical,World Bank API,11.7953525281136,9.04806786050888,23.944899457138114
2005-01-01,Ukraine,UKR,3.07123039245209,13.5695764909248,Historical,World Bank API,3.07123039245209,13.5695764909248,-73.96236877929698
2006-01-01,Ukraine,UKR,7.57142076322967,9.05252491133248,Historical,World Bank API,7.57142076322967,9.05252491133248,146.5272804618412
2007-01-01,Ukraine,UKR,8.21584445165715,12.8387796190181,Historical,World Bank API,8.21584445165715,12.8387796190181,8.51126503967523
2008-01-01,Ukraine,UKR,2.24349159628288,25.226461707384,Historical,World Bank API,2.24349159628288,25.226461707384,-72.69311013026342
2009-01-01,Ukraine,UKR,-15.1364679101502,15.8811924594476,Historical,World Bank API,-15.1364679101502,15.8811924594476,-774.6835127543601
2010-01-01,Ukraine,UKR,4.09200436668087,9.37293105078978,Historical,World Bank API,4.09200436668087,9.37293105078978,-127.03407684653338
2011-01-01,Ukraine,UKR,5.44528081048476,7.95572466274652,Historical,World Bank API,5.44528081048476,7.95572466274652,33.0712365515281
2012-01-01,Ukraine,UKR,0.152314967200653,0.568727971803862,Historical,World Bank API,0.152314967200653,0.568727971803862,-97.20280785322633
2013-01-01,Ukraine,UKR,0.045439094492707,-0.238948626045407,Historical,World Bank API,0.045439094492707,-0.238948626045407,-70.16767601515645
2014-01-01,Ukraine,UKR,-10.0788949840953,12.0718562874251,Historical,World Bank API,-10.0788949840953,12.0718562874251,-22281.10879325064
2015-01-01,Ukraine,UKR,-9.7729872128676,48.6998646434424,Historical,World Bank API,-9.7729872128676,48.6998646434424,-3.0351320428522066
2016-01-01,Ukraine,UKR,2.44098194492067,13.9127101997797,Historical,World Bank API,2.44098194492067,13.9127101997797,-124.97682532221828
2017-01-01,Ukraine,UKR,2.35997228099491,14.4383227488749,Historical,World Bank API,2.35997228099491,14.4383227488749,-3.318732614730291
2018-01-01,Ukraine,UKR,3.48836234022659,10.9518559353178,Historical,World Bank API,3.48836234022659,10.9518559353178,47.81369969125131
2019-01-01,Ukraine,UKR,3.19950386354134,7.88671745611133,Historical,World Bank API,3.19950386354134,7.88671745611133,-8.280632815984557
2020-01-01,Ukraine,UKR,-3.75281793983162,2.73249209419427,Historical,World Bank API,-3.75281793983162,2.73249209419427,-217.29374615218777
2021-01-01,Ukraine,UKR,3.44562065945944,9.36313917695223,Historical,World Bank API,3.44562065945944,9.36313917695223,-191.8142237300762
2022-01-01,Ukraine,UKR,-28.7585842155085,20.1836366617478,Historical,World Bank API,-28.7585842155085,20.1836366617478,-934.6416236086835
2023-01-01,Ukraine,UKR,5.53473354963334,12.8490222828559,Historical,World Bank API,5.53473354963334,12.8490222828559,-119.24550078041969
2024-01-01,Ukraine,UKR,2.9138222142611,6.50198464669254,Historical,World Bank API,2.9138222142611,6.50198464669254,-47.35388455232624
2000-01-01,United Arab Emirates,ARE,10.8527042153779,,Historical,World Bank API,10.8527042153779,6.747787530076212,
2001-01-01,United Arab Emirates,ARE,1.39908503706683,,Historical,World Bank API,1.39908503706683,6.747787530076212,-87.10842008313121
2002-01-01,United Arab Emirates,ARE,2.43345681089617,,Historical,World Bank API,2.43345681089617,6.747787530076212,73.93201602655202
2003-01-01,United Arab Emirates,ARE,8.80054081355328,,Historical,World Bank API,8.80054081355328,6.747787530076212,261.64770930585377
2004-01-01,United Arab Emirates,ARE,9.56643663767056,,Historical,World Bank API,9.56643663767056,6.747787530076212,8.702826796027828
2005-01-01,United Arab Emirates,ARE,4.85514119553341,,Historical,World Bank API,4.85514119553341,6.747787530076212,-49.24817484898282
2006-01-01,United Arab Emirates,ARE,9.83731976924005,,Historical,World Bank API,9.83731976924005,6.747787530076212,102.61655373256913
2007-01-01,United Arab Emirates,ARE,3.18439017324592,,Historical,World Bank API,3.18439017324592,6.747787530076212,-67.62949413108363
2008-01-01,United Arab Emirates,ARE,3.19183627331763,12.2504202448139,Historical,World Bank API,3.19183627331763,12.2504202448139,0.2338312727589109
2009-01-01,United Arab Emirates,ARE,-5.24292190384988,1.5618131744907,Historical,World Bank API,-5.24292190384988,1.5618131744907,-264.2603647210366
2010-01-01,United Arab Emirates,ARE,1.60285004671343,0.877983288285867,Historical,World Bank API,1.60285004671343,0.877983288285867,-130.5716941069913
2011-01-01,United Arab Emirates,ARE,6.73646786920814,0.87734659568512,Historical,World Bank API,6.73646786920814,0.87734659568512,320.2806047278694
2012-01-01,United Arab Emirates,ARE,4.6832657020049,0.662268900269009,Historical,World Bank API,4.6832657020049,0.662268900269009,-30.478912793279466
2013-01-01,United Arab Emirates,ARE,4.91847806719888,1.1011183637571,Historical,World Bank API,4.91847806719888,1.1011183637571,5.022400610182887
2014-01-01,United Arab Emirates,ARE,4.63288144983127,2.34626865671643,Historical,World Bank API,4.63288144983127,2.34626865671643,-5.806605487828465
2015-01-01,United Arab Emirates,ARE,7.08767348587587,4.06996608361593,Historical,World Bank API,7.08767348587587,4.06996608361593,52.98629077016428
2016-01-01,United Arab Emirates,ARE,5.65793329224303,1.61748808904198,Historical,World Bank API,5.65793329224303,1.61748808904198,-20.17220737498686
2017-01-01,United Arab Emirates,ARE,-1.06137661464977,1.96682557818842,Historical,World Bank API,-1.06137661464977,1.96682557818842,-118.75908675178101
2018-01-01,United Arab Emirates,ARE,1.53716683173516,3.06863379251997,Historical,World Bank API,1.53716683173516,3.06863379251997,-244.8276521753204
2019-01-01,United Arab Emirates,ARE,1.27134240761141,-1.93108114782173,Historical,World Bank API,1.27134240761141,-1.93108114782173,-17.293140772734894
2020-01-01,United Arab Emirates,ARE,-8.69342617885171,-2.07940317940944,Historical,World Bank API,-8.69342617885171,-2.07940317940944,-783.7989613816836
2021-01-01,United Arab Emirates,ARE,4.55278571242283,0.179935336174431,Historical,World Bank API,4.55278571242283,0.179935336174431,-152.37044197255946
2022-01-01,United Arab Emirates,ARE,7.51448425801082,5.29122604376849,Historical,World Bank API,7.51448425801082,5.29122604376849,65.05244772462353
2023-01-01,United Arab Emirates,ARE,4.30118228020602,1.62670837213248,Historical,World Bank API,4.30118228020602,1.62670837213248,-42.76144399902439
2024-01-01,United Arab Emirates,ARE,3.99180705485398,1.66336510224894,Historical,World Bank API,3.99180705485398,1.66336510224894,-7.192795031630728
2000-01-01,United Kingdom,GBR,4.52438074810904,1.18295624210408,Historical,World Bank API,4.52438074810904,1.18295624210408,
2001-01-01,United Kingdom,GBR,2.39102229602824,1.53234960272418,Historical,World Bank API,2.39102229602824,1.53234960272418,-47.152496017768506
2002-01-01,United Kingdom,GBR,1.70902736258567,1.52040245947455,Historical,World Bank API,1.70902736258567,1.52040245947455,-28.52315240119012
2003-01-01,United Kingdom,GBR,3.21851612669614,1.37650038542013,Historical,World Bank API,3.21851612669614,1.37650038542013,88.32443512353667
2004-01-01,United Kingdom,GBR,2.32601853325993,1.39039756680422,Historical,World Bank API,2.32601853325993,1.39039756680422,-27.73009543228151
2005-01-01,United Kingdom,GBR,2.7906547174688,2.0891364902507,Historical,World Bank API,2.7906547174688,2.0891364902507,19.975601121186237
2006-01-01,United Kingdom,GBR,2.18982132415704,2.4556616643929,Historical,World Bank API,2.18982132415704,2.4556616643929,-21.53019467262264
2007-01-01,United Kingdom,GBR,2.93091133582351,2.38656150773327,Historical,World Bank API,2.93091133582351,2.38656150773327,33.842487671990696
2008-01-01,United Kingdom,GBR,-0.0494116727402769,3.52140856342539,Historical,World Bank API,-0.0494116727402769,3.52140856342539,-101.68588084314716
2009-01-01,United Kingdom,GBR,-4.58740819226323,1.96173173560109,Historical,World Bank API,-4.58740819226323,1.96173173560109,9184.057668672891
2010-01-01,United Kingdom,GBR,2.26054460931586,2.49265472467065,Historical,World Bank API,2.26054460931586,2.49265472467065,-149.27716293327288
2011-01-01,United Kingdom,GBR,0.851437739020326,3.8561124468282,Historical,World Bank API,0.851437739020326,3.8561124468282,-62.33484021896791
2012-01-01,United Kingdom,GBR,1.52826034721852,2.5732347965453,Historical,World Bank API,1.52826034721852,2.5732347965453,79.49173229941087
2013-01-01,United Kingdom,GBR,1.71846961308464,2.29166666666659,Historical,World Bank API,1.71846961308464,2.29166666666659,12.44612975873558
2014-01-01,United Kingdom,GBR,3.16017351468152,1.45112016293279,Historical,World Bank API,3.16017351468152,1.45112016293279,83.89464036021168
2015-01-01,United Kingdom,GBR,2.14040560033371,0.36804684232536,Historical,World Bank API,2.14040560033371,0.36804684232536,-32.26936462856158
2016-01-01,United Kingdom,GBR,2.20652020635357,1.0084173681141,Historical,World Bank API,2.20652020635357,1.0084173681141,3.0888821263386657
2017-01-01,United Kingdom,GBR,3.02322219840339,2.55775577557747,Historical,World Bank API,3.02322219840339,2.55775577557747,37.0131209176406
2018-01-01,United Kingdom,GBR,1.55133095078786,2.29283990345938,Historical,World Bank API,1.55133095078786,2.29283990345938,-48.686174916050106
2019-01-01,United Kingdom,GBR,1.25629899760824,1.73810460086513,Historical,World Bank API,1.25629899760824,1.73810460086513,-19.01798923239332
2020-01-01,United Kingdom,GBR,-10.047896637362,0.989486703772491,Historical,World Bank API,-10.047896637362,0.989486703772491,-899.8013734382763
2021-01-01,United Kingdom,GBR,8.5431118453255,2.51837109614213,Historical,World Bank API,8.5431118453255,2.51837109614213,-185.02388264583533
2022-01-01,United Kingdom,GBR,5.14970388522993,7.92204883147902,Historical,World Bank API,5.14970388522993,7.92204883147902,-39.720982488978265
2023-01-01,United Kingdom,GBR,0.271650048355255,6.79396706793963,Historical,World Bank API,0.271650048355255,6.79396706793963,-94.72493847395022
2024-01-01,United Kingdom,GBR,1.1264226705118,3.2715729463592,Historical,World Bank API,1.1264226705118,3.2715729463592,314.6594772693364
2000-01-01,United States,USA,4.07758575682804,3.37685727149929,Historical,World Bank API,4.07758575682804,3.37685727149929,
2001-01-01,United States,USA,0.955538348341605,2.82617111885407,Historical,World Bank API,0.955538348341605,2.82617111885407,-76.56607597420785
2002-01-01,United States,USA,1.70044732643726,1.58603162650601,Historical,World Bank API,1.70044732643726,1.58603162650601,77.95699454537746
2003-01-01,United States,USA,2.79560596320081,2.27009497336115,Historical,World Bank API,2.79560596320081,2.27009497336115,64.40414941038499
2004-01-01,United States,USA,3.84777169556921,2.67723669309172,Historical,World Bank API,3.84777169556921,2.67723669309172,37.636410360340264
2005-01-01,United States,USA,3.48354993555606,3.3927468454955,Historical,World Bank API,3.48354993555606,3.3927468454955,-9.465784064905902
2006-01-01,United States,USA,2.78453963650701,3.22594410070404,Historical,World Bank API,2.78453963650701,3.22594410070404,-20.06603355715845
2007-01-01,United States,USA,2.00385829784946,2.85267248150138,Historical,World Bank API,2.00385829784946,2.85267248150138,-28.03628033957004
2008-01-01,United States,USA,0.113587249881704,3.839100296651,Historical,World Bank API,0.113587249881704,3.839100296651,-94.33157274625627
2009-01-01,United States,USA,-2.57650022958367,-0.355546266299747,Historical,World Bank API,-2.57650022958367,-0.355546266299747,-2368.3005638986583
2010-01-01,United States,USA,2.69519257744442,1.6400434423899,Historical,World Bank API,2.69519257744442,1.6400434423899,-204.60672762602195
2011-01-01,United States,USA,1.56440685763506,3.156841568622,Historical,World Bank API,1.56440685763506,3.156841568622,-41.9556557580598
2012-01-01,United States,USA,2.28911338669843,2.06933726526067,Historical,World Bank API,2.28911338669843,2.06933726526067,46.32468373086276
2013-01-01,United States,USA,2.11783009790057,1.46483265562717,Historical,World Bank API,2.11783009790057,1.46483265562717,-7.482516584506138
2014-01-01,United States,USA,2.52381981363968,1.62222297740817,Historical,World Bank API,2.52381981363968,1.62222297740817,19.170079608443213
2015-01-01,United States,USA,2.94555045484053,0.118627135552451,Historical,World Bank API,2.94555045484053,0.118627135552451,16.710013881405384
2016-01-01,United States,USA,1.81945147788167,1.26158320570536,Historical,World Bank API,1.81945147788167,1.26158320570536,-38.2305105352482
2017-01-01,United States,USA,2.45762229852507,2.13011000365961,Historical,World Bank API,2.45762229852507,2.13011000365961,35.074901881219844
2018-01-01,United States,USA,2.96650506901305,2.44258329692817,Historical,World Bank API,2.96650506901305,2.44258329692817,20.706305065403384
2019-01-01,United States,USA,2.58382533412825,1.81221007526021,Historical,World Bank API,2.58382533412825,1.81221007526021,-12.900019584733657
2020-01-01,United States,USA,-2.16302914036166,1.23358439630629,Historical,World Bank API,-2.16302914036166,1.23358439630629,-183.71421673870375
2021-01-01,United States,USA,6.05505293244555,4.69785886363742,Historical,World Bank API,6.05505293244555,4.69785886363742,-379.93395093295607
2022-01-01,United States,USA,2.51237531986017,8.00279982052121,Historical,World Bank API,2.51237531986017,8.00279982052121,-58.50778931431311
2023-01-01,United States,USA,2.88755600749487,4.11633838374488,Historical,World Bank API,2.88755600749487,4.11633838374488,14.933305731389733
2024-01-01,United States,USA,2.79300127716779,2.94952520485207,Historical,World Bank API,2.79300127716779,2.94952520485207,-3.274559180208325
2000-01-01,Uruguay,URY,-1.92993063549235,4.76382472733251,Historical,World Bank API,-1.92993063549235,4.76382472733251,
2001-01-01,Uruguay,URY,-3.84412995940374,4.3593406521727,Historical,World Bank API,-3.84412995940374,4.3593406521727,99.18487684004526
2002-01-01,Uruguay,URY,-7.73200721540044,13.9724725913515,Historical,World Bank API,-7.73200721540044,13.9724725913515,101.138028554054
2003-01-01,Uruguay,URY,0.805283915893824,19.3797301743995,Historical,World Bank API,0.805283915893824,19.3797301743995,-110.41494004674333
2004-01-01,Uruguay,URY,5.00416035564457,9.15760507540997,Historical,World Bank API,5.00416035564457,9.15760507540997,521.4156593566393
2005-01-01,Uruguay,URY,7.4601321302473,4.6992773903564,Historical,World Bank API,7.4601321302473,4.6992773903564,49.07859860710606
2006-01-01,Uruguay,URY,4.09857735445401,6.39764974385131,Historical,World Bank API,4.09857735445401,6.39764974385131,-45.06025787618129
2007-01-01,Uruguay,URY,6.54151084504817,8.11464561179313,Historical,World Bank API,6.54151084504817,8.11464561179313,59.60442561708328
2008-01-01,Uruguay,URY,7.17614466455107,7.87707374730888,Historical,World Bank API,7.17614466455107,7.87707374730888,9.70163979752947
2009-01-01,Uruguay,URY,4.24349419462426,7.06221874388574,Historical,World Bank API,4.24349419462426,7.06221874388574,-40.866657613712874
2010-01-01,Uruguay,URY,7.8034096507169,6.69870886978132,Historical,World Bank API,7.8034096507169,6.69870886978132,83.89113529605885
2011-01-01,Uruguay,URY,5.16213302463606,8.0928320630299,Historical,World Bank API,5.16213302463606,8.0928320630299,-33.84772483190327
2012-01-01,Uruguay,URY,3.53817872056869,8.09776580573602,Historical,World Bank API,3.53817872056869,8.09776580573602,-31.458978223093393
2013-01-01,Uruguay,URY,4.63753862902416,8.57513504005397,Historical,World Bank API,4.63753862902416,8.57513504005397,31.0713504115691
2014-01-01,Uruguay,URY,3.23879122952364,8.87735333229828,Historical,World Bank API,3.23879122952364,8.87735333229828,-30.16141775610066
2015-01-01,Uruguay,URY,0.370741257681345,8.66626987079328,Historical,World Bank API,0.370741257681345,8.66626987079328,-88.55309801070835
2016-01-01,Uruguay,URY,1.68979822971775,9.6394134763508,Historical,World Bank API,1.68979822971775,9.6394134763508,355.78909676412246
2017-01-01,Uruguay,URY,1.74037643374211,6.2180938256186,Historical,World Bank API,1.74037643374211,6.2180938256186,2.9931504918671914
2018-01-01,Uruguay,URY,0.164777608940113,7.60653360377047,Historical,World Bank API,0.164777608940113,7.60653360377047,-90.53207077816995
2019-01-01,Uruguay,URY,0.928351141267498,7.88198870879619,Historical,World Bank API,0.928351141267498,7.88198870879619,463.3964148641695
2020-01-01,Uruguay,URY,-7.35732706484723,9.75640636078194,Historical,World Bank API,-7.35732706484723,9.75640636078194,-892.5155404884957
2021-01-01,Uruguay,URY,5.84427312558179,7.74791402314762,Historical,World Bank API,5.84427312558179,7.74791402314762,-179.43473321317057
2022-01-01,Uruguay,URY,4.48622703072073,9.10437983075437,Historical,World Bank API,4.48622703072073,9.10437983075437,-23.23721129521762
2023-01-01,Uruguay,URY,0.742128785315927,5.86910359896119,Historical,World Bank API,0.742128785315927,5.86910359896119,-83.45761861283465
2024-01-01,Uruguay,URY,3.10825478066172,4.84914366613156,Historical,World Bank API,3.10825478066172,4.84914366613156,318.82956734234807
2000-01-01,Uzbekistan,UZB,3.83500000014033,,Historical,World Bank API,3.83500000014033,6.747787530076212,
2001-01-01,Uzbekistan,UZB,4.1638382499889,,Historical,World Bank API,4.1638382499889,6.747787530076212,8.574661012686757
2002-01-01,Uzbekistan,UZB,3.97348819235724,,Historical,World Bank API,3.97348819235724,6.747787530076212,-4.571504611932687
2003-01-01,Uzbekistan,UZB,4.23262738154364,,Historical,World Bank API,4.23262738154364,6.747787530076212,6.521705278622414
2004-01-01,Uzbekistan,UZB,7.44900060559664,,Historical,World Bank API,7.44900060559664,6.747787530076212,75.98999236450594
2005-01-01,Uzbekistan,UZB,6.95000719569097,,Historical,World Bank API,6.95000719569097,6.747787530076212,-6.698796742354441
2006-01-01,Uzbekistan,UZB,7.45141847621768,,Historical,World Bank API,7.45141847621768,6.747787530076212,7.214543329359224
2007-01-01,Uzbekistan,UZB,9.4730053054454,,Historical,World Bank API,9.4730053054454,6.747787530076212,27.13022809925274
2008-01-01,Uzbekistan,UZB,9.02916101784777,,Historical,World Bank API,9.02916101784777,6.747787530076212,-4.685358798886064
2009-01-01,Uzbekistan,UZB,8.05093332733966,,Historical,World Bank API,8.05093332733966,6.747787530076212,-10.834092875013146
2010-01-01,Uzbekistan,UZB,7.5971679610016,,Historical,World Bank API,7.5971679610016,6.747787530076212,-5.636183382579341
2011-01-01,Uzbekistan,UZB,7.52513989422977,13.7797446476602,Historical,World Bank API,7.52513989422977,13.7797446476602,-0.9480910141985932
2012-01-01,Uzbekistan,UZB,7.10244488706317,13.2088026688373,Historical,World Bank API,7.10244488706317,13.2088026688373,-5.617104972237385
2013-01-01,Uzbekistan,UZB,7.29655036969899,11.8414333622049,Historical,World Bank API,7.29655036969899,11.8414333622049,2.7329389488030653
2014-01-01,Uzbekistan,UZB,6.8738384408164,9.28309356162695,Historical,World Bank API,6.8738384408164,9.28309356162695,-5.793312009987927
2015-01-01,Uzbekistan,UZB,7.21877350820803,8.75188196737508,Historical,World Bank API,7.21877350820803,8.75188196737508,5.018085169756503
2016-01-01,Uzbekistan,UZB,5.93215079993293,8.130886695236,Historical,World Bank API,5.93215079993293,8.130886695236,-17.82328683414377
2017-01-01,Uzbekistan,UZB,4.39527463349263,13.8757425441635,Historical,World Bank API,4.39527463349263,13.8757425441635,-25.90757076603104
2018-01-01,Uzbekistan,UZB,5.55919572919288,17.5241796514055,Historical,World Bank API,5.55919572919288,17.5241796514055,26.481191569486985
2019-01-01,Uzbekistan,UZB,6.77992399655236,14.5257359560687,Historical,World Bank API,6.77992399655236,14.5257359560687,21.958720772306982
2020-01-01,Uzbekistan,UZB,1.56334277260515,12.8677297362606,Historical,World Bank API,1.56334277260515,12.8677297362606,-76.9415885281292
2021-01-01,Uzbekistan,UZB,8.03468312640049,10.8492397508122,Historical,World Bank API,8.03468312640049,10.8492397508122,413.94251262066575
2022-01-01,Uzbekistan,UZB,6.00134232203442,11.4466436998836,Historical,World Bank API,6.00134232203442,11.4466436998836,-25.307044128285362
2023-01-01,Uzbekistan,UZB,6.29141635082311,9.95659071258018,Historical,World Bank API,6.29141635082311,9.95659071258018,4.833485797396686
2024-01-01,Uzbekistan,UZB,6.49999999997677,9.62825465956682,Historical,World Bank API,6.49999999997677,9.62825465956682,3.3153687106778573
2000-01-01,Vanuatu,VUT,5.92480905652914,2.53768844221106,Historical,World Bank API,5.92480905652914,2.53768844221106,
2001-01-01,Vanuatu,VUT,-3.39758248938256,3.57755452095074,Historical,World Bank API,-3.39758248938256,3.57755452095074,-157.34501242092222
2002-01-01,Vanuatu,VUT,-5.19831875936035,1.96356754199195,Historical,World Bank API,-5.19831875936035,1.96356754199195,53.00051656155775
2003-01-01,Vanuatu,VUT,4.28833511695458,3.01624129930394,Historical,World Bank API,4.28833511695458,3.01624129930394,-182.49465481955664
2004-01-01,Vanuatu,VUT,3.98739280216962,1.41891891891893,Historical,World Bank API,3.98739280216962,1.41891891891893,-7.017695832472127
2005-01-01,Vanuatu,VUT,5.30532647259227,1.19920053297801,Historical,World Bank API,5.30532647259227,1.19920053297801,33.05251666466209
2006-01-01,Vanuatu,VUT,8.46069747205426,2.04081632653062,Historical,World Bank API,8.46069747205426,2.04081632653062,59.47552927728166
2007-01-01,Vanuatu,VUT,2.8758922877538,3.93548387096774,Historical,World Bank API,2.8758922877538,3.93548387096774,-66.00880368015886
2008-01-01,Vanuatu,VUT,5.60099182147214,4.84171322160149,Historical,World Bank API,5.60099182147214,4.84171322160149,94.75666196965827
2009-01-01,Vanuatu,VUT,3.03730354099602,4.29706572955357,Historical,World Bank API,3.03730354099602,4.29706572955357,-45.77204113471266
2010-01-01,Vanuatu,VUT,1.25886720329326,2.76269469477348,Historical,World Bank API,1.25886720329326,2.76269469477348,-58.55313154244568
2011-01-01,Vanuatu,VUT,3.13980290023412,0.8737931047811,Historical,World Bank API,3.13980290023412,0.8737931047811,149.41494162531504
2012-01-01,Vanuatu,VUT,1.01004768692042,1.34740362877658,Historical,World Bank API,1.01004768692042,1.34740362877658,-67.83085693547497
2013-01-01,Vanuatu,VUT,0.463390415135095,1.45893371757921,Historical,World Bank API,0.463390415135095,1.45893371757921,-54.121927000501636
2014-01-01,Vanuatu,VUT,2.5750403162878,0.798863838097023,Historical,World Bank API,2.5750403162878,0.798863838097023,455.69563637544877
2015-01-01,Vanuatu,VUT,3.96591946444873,2.48326875660439,Historical,World Bank API,3.96591946444873,2.48326875660439,54.0138785153482
2016-01-01,Vanuatu,VUT,3.47154471544715,0.842069084035061,Historical,World Bank API,3.47154471544715,0.842069084035061,-12.465577111014259
2017-01-01,Vanuatu,VUT,4.41266598569969,3.08452624403546,Historical,World Bank API,4.41266598569969,3.08452624403546,27.109582257860087
2018-01-01,Vanuatu,VUT,2.90023027256446,2.33096379566866,Historical,World Bank API,2.90023027256446,2.33096379566866,-34.27487414720814
2019-01-01,Vanuatu,VUT,3.24118765540442,2.76252019386111,Historical,World Bank API,3.24118765540442,2.76252019386111,11.756217637797306
2020-01-01,Vanuatu,VUT,-4.99249142889525,5.32935073101715,Historical,World Bank API,-4.99249142889525,5.32935073101715,-254.03277932922742
2021-01-01,Vanuatu,VUT,-1.55229489129462,2.34328358208953,Historical,World Bank API,-1.55229489129462,2.34328358208953,-68.90740998952269
2022-01-01,Vanuatu,VUT,5.18622862422562,6.67930581887121,Historical,World Bank API,5.18622862422562,6.67930581887121,-434.1007339076073
2023-01-01,Vanuatu,VUT,2.093743250054,11.1825017088175,Historical,World Bank API,2.093743250054,11.1825017088175,-59.62878997902592
2024-01-01,Vanuatu,VUT,0.942185362275907,,Historical,World Bank API,0.942185362275907,6.747787530076212,-54.99995702665038
2000-01-01,"Venezuela, RB",VEN,3.6869441668769,,Historical,World Bank API,3.6869441668769,6.747787530076212,
2001-01-01,"Venezuela, RB",VEN,3.39423610779077,,Historical,World Bank API,3.39423610779077,6.747787530076212,-7.939042356968329
2002-01-01,"Venezuela, RB",VEN,-8.85564735286771,,Historical,World Bank API,-8.85564735286771,6.747787530076212,-360.90251448746875
2003-01-01,"Venezuela, RB",VEN,-7.75530004959877,,Historical,World Bank API,-7.75530004959877,6.747787530076212,-12.425373994963973
2004-01-01,"Venezuela, RB",VEN,18.2866066891244,,Historical,World Bank API,18.2866066891244,6.747787530076212,-335.79496050666
2005-01-01,"Venezuela, RB",VEN,10.3179138043147,,Historical,World Bank API,10.3179138043147,6.747787530076212,-43.57666252836796
2006-01-01,"Venezuela, RB",VEN,9.87214910851037,,Historical,World Bank API,9.87214910851037,6.747787530076212,-4.3202986985404035
2007-01-01,"Venezuela, RB",VEN,8.75357880785845,,Historical,World Bank API,8.75357880785845,6.747787530076212,-11.33056529391
2008-01-01,"Venezuela, RB",VEN,5.27785412398785,,Historical,World Bank API,5.27785412398785,6.747787530076212,-39.706327665095074
2009-01-01,"Venezuela, RB",VEN,-3.20230265749002,27.080941446613,Historical,World Bank API,-3.20230265749002,27.080941446613,-160.6743305567229
2010-01-01,"Venezuela, RB",VEN,-1.48879125078356,28.1874647092039,Historical,World Bank API,-1.48879125078356,28.1874647092039,-53.50872762443755
2011-01-01,"Venezuela, RB",VEN,4.17642535923936,26.0902123160959,Historical,World Bank API,4.17642535923936,26.0902123160959,-380.52457703800195
2012-01-01,"Venezuela, RB",VEN,5.62595697508632,21.0689956331876,Historical,World Bank API,5.62595697508632,21.0689956331876,34.707470891110525
2013-01-01,"Venezuela, RB",VEN,1.34309403607486,40.6394275161589,Historical,World Bank API,1.34309403607486,40.6394275161589,-76.12683420753937
2014-01-01,"Venezuela, RB",VEN,-3.89438647450667,62.1686499794829,Historical,World Bank API,-3.89438647450667,62.1686499794829,-389.9563522661349
2015-01-01,"Venezuela, RB",VEN,-6.22137102671199,121.738085297503,Historical,World Bank API,-6.22137102671199,121.738085297503,59.752275934557744
2016-01-01,"Venezuela, RB",VEN,-17.0403345996548,254.948534781816,Historical,World Bank API,-17.0403345996548,254.948534781816,173.89998967254422
2017-01-01,"Venezuela, RB",VEN,-15.6714088720003,,Historical,World Bank API,-15.6714088720003,6.747787530076212,-8.033443942363839
2018-01-01,"Venezuela, RB",VEN,-19.6553415972227,,Historical,World Bank API,-19.6553415972227,6.747787530076212,25.421662836839065
2019-01-01,"Venezuela, RB",VEN,-27.6579678662627,,Historical,World Bank API,-27.6579678662627,6.747787530076212,40.71476565012113
2020-01-01,"Venezuela, RB",VEN,-29.9985699155957,,Historical,World Bank API,-29.9985699155957,6.747787530076212,8.462668192582834
2021-01-01,"Venezuela, RB",VEN,0.955433428579269,,Historical,World Bank API,0.955433428579269,6.747787530076212,-103.18492991921777
2022-01-01,"Venezuela, RB",VEN,8.00091310654791,,Historical,World Bank API,8.00091310654791,6.747787530076212,737.4118873405216
2023-01-01,"Venezuela, RB",VEN,4.00168591128376,,Historical,World Bank API,4.00168591128376,6.747787530076212,-49.98463477863797
2024-01-01,"Venezuela, RB",VEN,5.29999999999984,,Historical,World Bank API,5.29999999999984,6.747787530076212,32.44417771657584
2000-01-01,Viet Nam,VNM,6.78731640463151,-1.71033727851109,Historical,World Bank API,6.78731640463151,-1.71033727851109,
2001-01-01,Viet Nam,VNM,6.19289331233377,-0.43154451172818,Historical,World Bank API,6.19289331233377,-0.43154451172818,-8.757851510975968
2002-01-01,Viet Nam,VNM,6.32082099160833,3.83082838168467,Historical,World Bank API,6.32082099160833,3.83082838168467,2.065717473604445
2003-01-01,Viet Nam,VNM,6.89906349055258,3.23464817293927,Historical,World Bank API,6.89906349055258,3.23464817293927,9.14821824114207
2004-01-01,Viet Nam,VNM,7.53641060890386,7.75494748709601,Historical,World Bank API,7.53641060890386,7.75494748709601,9.238168618451592
2005-01-01,Viet Nam,VNM,7.54724772895918,8.28457243128677,Historical,World Bank API,7.54724772895918,8.28457243128677,0.14379683668663823
2006-01-01,Viet Nam,VNM,6.97795481056711,7.41801715108463,Historical,World Bank API,6.97795481056711,7.41801715108463,-7.54305329355579
2007-01-01,Viet Nam,VNM,7.12950448605439,8.34444889773837,Historical,World Bank API,7.12950448605439,8.34444889773837,2.171835152296775
2008-01-01,Viet Nam,VNM,5.66177120891362,23.1154483474477,Historical,World Bank API,5.66177120891362,23.1154483474477,-20.586750173335588
2009-01-01,Viet Nam,VNM,5.39789754014181,6.71698269988629,Historical,World Bank API,5.39789754014181,6.71698269988629,-4.660620484917866
2010-01-01,Viet Nam,VNM,6.42324482239482,9.20746648778413,Historical,World Bank API,6.42324482239482,9.20746648778413,18.995308351593376
2011-01-01,Viet Nam,VNM,6.41316889681683,18.6777322770707,Historical,World Bank API,6.41316889681683,18.6777322770707,-0.15686659712642603
2012-01-01,Viet Nam,VNM,5.5045447041189,9.09470339557192,Historical,World Bank API,5.5045447041189,9.09470339557192,-14.16810015948473
2013-01-01,Viet Nam,VNM,5.55351081026072,6.59267475899192,Historical,World Bank API,5.55351081026072,6.59267475899192,0.889557788588391
2014-01-01,Viet Nam,VNM,6.42224312118567,4.08455446637617,Historical,World Bank API,6.42224312118567,4.08455446637617,15.642939045330962
2015-01-01,Viet Nam,VNM,6.98715430598611,0.631200905175754,Historical,World Bank API,6.98715430598611,0.631200905175754,8.796166294871522
2016-01-01,Viet Nam,VNM,6.69000892660424,2.66824816969082,Historical,World Bank API,6.69000892660424,2.66824816969082,-4.252738187380456
2017-01-01,Viet Nam,VNM,6.94019037359206,3.52025688811617,Historical,World Bank API,6.94019037359206,3.52025688811617,3.73962799949219
2018-01-01,Viet Nam,VNM,7.46500685572751,3.53962805942641,Historical,World Bank API,7.46500685572751,3.53962805942641,7.561989713314143
2019-01-01,Viet Nam,VNM,7.35926270105006,2.7958236745225,Historical,World Bank API,7.35926270105006,2.7958236745225,-1.4165312466701607
2020-01-01,Viet Nam,VNM,2.86541320912272,3.22093436652514,Historical,World Bank API,2.86541320912272,3.22093436652514,-61.06385482456188
2021-01-01,Viet Nam,VNM,2.55372852648131,1.83471554810444,Historical,World Bank API,2.55372852648131,1.83471554810444,-10.87747769323768
2022-01-01,Viet Nam,VNM,8.53750046755788,3.15650749963129,Historical,World Bank API,8.53750046755788,3.15650749963129,234.31511529228177
2023-01-01,Viet Nam,VNM,5.06502391455075,3.25289282667662,Historical,World Bank API,5.06502391455075,3.25289282667662,-40.67322240511009
2024-01-01,Viet Nam,VNM,7.09118746633975,3.62109273885843,Historical,World Bank API,7.09118746633975,3.62109273885843,40.00304018246108
2003-01-01,Virgin Islands (U.S.),VIR,-0.396080883885759,,Historical,World Bank API,-0.396080883885759,6.747787530076212,
2004-01-01,Virgin Islands (U.S.),VIR,3.28589367936377,,Historical,World Bank API,3.28589367936377,6.747787530076212,-929.601683153059
2005-01-01,Virgin Islands (U.S.),VIR,3.4853090172239,,Historical,World Bank API,3.4853090172239,6.747787530076212,6.068831110163675
2006-01-01,Virgin Islands (U.S.),VIR,3.50499314666143,,Historical,World Bank API,3.50499314666143,6.747787530076212,0.5647742951988999
2007-01-01,Virgin Islands (U.S.),VIR,4.01059402194477,,Historical,World Bank API,4.01059402194477,6.747787530076212,14.42516016800015
2008-01-01,Virgin Islands (U.S.),VIR,1.21862495452891,,Historical,World Bank API,1.21862495452891,6.747787530076212,-69.61485136962358
2009-01-01,Virgin Islands (U.S.),VIR,-6.59478885893981,,Historical,World Bank API,-6.59478885893981,6.747787530076212,-641.1664051709158
2010-01-01,Virgin Islands (U.S.),VIR,0.596383224317051,,Historical,World Bank API,0.596383224317051,6.747787530076212,-109.04324970933075
2011-01-01,Virgin Islands (U.S.),VIR,-8.20424555364315,,Historical,World Bank API,-8.20424555364315,6.747787530076212,-1475.6667221882794
2012-01-01,Virgin Islands (U.S.),VIR,-14.8125,,Historical,World Bank API,-14.8125,6.747787530076212,80.54676573426562
2013-01-01,Virgin Islands (U.S.),VIR,-6.28515529469308,,Historical,World Bank API,-6.28515529469308,6.747787530076212,-57.5685718501733
2014-01-01,Virgin Islands (U.S.),VIR,-1.77453027139875,,Historical,World Bank API,-1.77453027139875,6.747787530076212,-71.76632575972963
2015-01-01,Virgin Islands (U.S.),VIR,-0.425079702444208,,Historical,World Bank API,-0.425079702444208,6.747787530076212,-76.04550853284996
2016-01-01,Virgin Islands (U.S.),VIR,1.6008537886873,,Historical,World Bank API,1.6008537886873,6.747787530076212,-476.6008537886876
2017-01-01,Virgin Islands (U.S.),VIR,-0.735294117647058,,Historical,World Bank API,-0.735294117647058,6.747787530076212,-145.93137254901956
2018-01-01,Virgin Islands (U.S.),VIR,1.87830687830687,,Historical,World Bank API,1.87830687830687,6.747787530076212,-355.4497354497346
2019-01-01,Virgin Islands (U.S.),VIR,2.90833549727343,,Historical,World Bank API,2.90833549727343,6.747787530076212,54.838143375966396
2020-01-01,Virgin Islands (U.S.),VIR,-1.61493817814787,,Historical,World Bank API,-1.61493817814787,6.747787530076212,-155.52791896470944
2021-01-01,Virgin Islands (U.S.),VIR,3.66760707873814,,Historical,World Bank API,3.66760707873814,6.747787530076212,-327.10510707873794
2022-01-01,Virgin Islands (U.S.),VIR,-1.31123206333498,,Historical,World Bank API,-1.31123206333498,6.747787530076212,-135.751704999602
2000-01-01,West Bank and Gaza,PSE,-8.5555726838292,2.79819892435758,Historical,World Bank API,-8.5555726838292,2.79819892435758,
2001-01-01,West Bank and Gaza,PSE,-9.31108114182962,1.22278475878898,Historical,World Bank API,-9.31108114182962,1.22278475878898,8.830600661349063
2002-01-01,West Bank and Gaza,PSE,-12.4883821798129,5.70951585976626,Historical,World Bank API,-12.4883821798129,5.70951585976626,34.12386799755611
2003-01-01,West Bank and Gaza,PSE,14.0156476793996,4.40303221730888,Historical,World Bank API,14.0156476793996,4.40303221730888,-212.2294903983278
2004-01-01,West Bank and Gaza,PSE,21.9244861205987,3.00417498638593,Historical,World Bank API,21.9244861205987,3.00417498638593,56.428633354016355
2005-01-01,West Bank and Gaza,PSE,11.2906511829271,4.10725070715931,Historical,World Bank API,11.2906511829271,4.10725070715931,-48.50209432129312
2006-01-01,West Bank and Gaza,PSE,-0.996556103477076,3.84234125624782,Historical,World Bank API,-0.996556103477076,3.84234125624782,-108.82638288377906
2007-01-01,West Bank and Gaza,PSE,3.78828152085981,1.85974379351111,Historical,World Bank API,3.78828152085981,1.85974379351111,-480.13730563107754
2008-01-01,West Bank and Gaza,PSE,7.42918225547835,9.88999788691849,Historical,World Bank API,7.42918225547835,9.88999788691849,96.10956088058052
2009-01-01,West Bank and Gaza,PSE,8.59349087893864,2.75393485083151,Historical,World Bank API,8.59349087893864,2.75393485083151,15.672096651037437
2010-01-01,West Bank and Gaza,PSE,5.77736205629419,3.74915727597096,Historical,World Bank API,5.77736205629419,3.74915727597096,-32.77048713167731
2011-01-01,West Bank and Gaza,PSE,9.60080848913594,2.8772435849594,Historical,World Bank API,9.60080848913594,2.8772435849594,66.17979616971152
2012-01-01,West Bank and Gaza,PSE,6.09645656326154,2.77908768282492,Historical,World Bank API,6.09645656326154,2.77908768282492,-36.500591901607514
2013-01-01,West Bank and Gaza,PSE,4.69856986552234,1.72439933626931,Historical,World Bank API,4.69856986552234,1.72439933626931,-22.929494916163982
2014-01-01,West Bank and Gaza,PSE,-0.157866650855297,1.73298510037447,Historical,World Bank API,-0.157866650855297,1.73298510037447,-103.35988727152292
2015-01-01,West Bank and Gaza,PSE,3.72129967114788,1.43161145810476,Historical,World Bank API,3.72129967114788,1.43161145810476,-2457.2424264317106
2016-01-01,West Bank and Gaza,PSE,8.86461881995935,-0.219106604907316,Historical,World Bank API,8.86461881995935,-0.219106604907316,138.21297942460387
2017-01-01,West Bank and Gaza,PSE,1.41936756294787,0.212570934228881,Historical,World Bank API,1.41936756294787,0.212570934228881,-83.9883971124392
2018-01-01,West Bank and Gaza,PSE,1.22707737782703,-0.195107773730735,Historical,World Bank API,1.22707737782703,-0.195107773730735,-13.547596136512684
2019-01-01,West Bank and Gaza,PSE,1.36268746558062,1.58018333639455,Historical,World Bank API,1.36268746558062,1.58018333639455,11.051469956502258
2020-01-01,West Bank and Gaza,PSE,-11.3184661065134,-0.735332001092191,Historical,World Bank API,-11.3184661065134,-0.735332001092191,-930.598827126569
2021-01-01,West Bank and Gaza,PSE,7.01198227592003,1.23748102831369,Historical,World Bank API,7.01198227592003,1.23748102831369,-161.9517009631267
2022-01-01,West Bank and Gaza,PSE,4.08276027347105,3.74122391852077,Historical,World Bank API,4.08276027347105,3.74122391852077,-41.77452091555154
2023-01-01,West Bank and Gaza,PSE,-4.55580428525744,5.87110177678988,Historical,World Bank API,-4.55580428525744,5.87110177678988,-211.58637735504914
2024-01-01,West Bank and Gaza,PSE,-26.5575264529877,53.6691458303782,Historical,World Bank API,-26.5575264529877,53.6691458303782,482.93826490588555
2000-01-01,"Yemen, Rep.",YEM,6.1819155928913,4.58999999999981,Historical,World Bank API,6.1819155928913,4.58999999999981,
2001-01-01,"Yemen, Rep.",YEM,3.80364587188127,11.9115912929855,Historical,World Bank API,3.80364587188127,11.9115912929855,-38.471403972982856
2002-01-01,"Yemen, Rep.",YEM,3.9352315052778,12.2385339389711,Historical,World Bank API,3.9352315052778,12.2385339389711,3.459460681376436
2003-01-01,"Yemen, Rep.",YEM,3.74739818489111,10.8323607023242,Historical,World Bank API,3.74739818489111,10.8323607023242,-4.773119958375361
2004-01-01,"Yemen, Rep.",YEM,3.972696401183,12.5150951495207,Historical,World Bank API,3.972696401183,12.5150951495207,6.012123750293075
2005-01-01,"Yemen, Rep.",YEM,5.59174807563268,11.8112639374949,Historical,World Bank API,5.59174807563268,11.8112639374949,40.7544778394733
2006-01-01,"Yemen, Rep.",YEM,3.17040935922364,10.8447986914257,Historical,World Bank API,3.17040935922364,10.8447986914257,-43.30199936868716
2007-01-01,"Yemen, Rep.",YEM,3.33842795605096,7.9051177898873,Historical,World Bank API,3.33842795605096,7.9051177898873,5.299586829016434
2008-01-01,"Yemen, Rep.",YEM,3.64756947012633,18.9762574318076,Historical,World Bank API,3.64756947012633,18.9762574318076,9.260092419099397
2009-01-01,"Yemen, Rep.",YEM,3.86622951587742,5.40776098077522,Historical,World Bank API,3.86622951587742,5.40776098077522,5.99467803264393
2010-01-01,"Yemen, Rep.",YEM,7.70128607527964,11.1748338605044,Historical,World Bank API,7.70128607527964,11.1748338605044,99.19371169385617
2011-01-01,"Yemen, Rep.",YEM,-12.7148969035133,19.5435617131144,Historical,World Bank API,-12.7148969035133,19.5435617131144,-265.1009555965834
2012-01-01,"Yemen, Rep.",YEM,2.39299021364694,9.88538714484871,Historical,World Bank API,2.39299021364694,9.88538714484871,-118.82036662826361
2013-01-01,"Yemen, Rep.",YEM,4.82351908493912,10.9684421500198,Historical,World Bank API,4.82351908493912,10.9684421500198,101.5686924848736
2014-01-01,"Yemen, Rep.",YEM,-0.188690241954504,8.10472583623915,Historical,World Bank API,-0.188690241954504,8.10472583623915,-103.91187924483741
2015-01-01,"Yemen, Rep.",YEM,-27.9945462502541,,Historical,World Bank API,-27.9945462502541,6.747787530076212,14736.244821289696
2016-01-01,"Yemen, Rep.",YEM,-9.37512379736752,,Historical,World Bank API,-9.37512379736752,6.747787530076212,-66.51089210891416
2017-01-01,"Yemen, Rep.",YEM,-5.07179568062152,,Historical,World Bank API,-5.07179568062152,6.747787530076212,-45.90156044610685
2018-01-01,"Yemen, Rep.",YEM,0.752447592962554,,Historical,World Bank API,0.752447592962554,6.747787530076212,-114.83592085220486
2000-01-01,Zambia,ZMB,3.89732294341896,26.0304117888121,Historical,World Bank API,3.89732294341896,26.0304117888121,
2001-01-01,Zambia,ZMB,5.31686827418419,21.3937821792546,Historical,World Bank API,5.31686827418419,21.3937821792546,36.423600285993295
2002-01-01,Zambia,ZMB,4.50601428032604,22.2333446430947,Historical,World Bank API,4.50601428032604,22.2333446430947,-15.250593997132011
2003-01-01,Zambia,ZMB,6.94497398221223,21.4015783901995,Historical,World Bank API,6.94497398221223,21.4015783901995,54.12676370190541
2004-01-01,Zambia,ZMB,7.03239511515218,17.9677891087286,Historical,World Bank API,7.03239511515218,17.9677891087286,1.2587683289218665
2005-01-01,Zambia,ZMB,7.23559900655543,18.324439701174,Historical,World Bank API,7.23559900655543,18.324439701174,2.8895403070487546
2006-01-01,Zambia,ZMB,7.90369444480079,9.01957247226486,Historical,World Bank API,7.90369444480079,9.01957247226486,9.23345030093663
2007-01-01,Zambia,ZMB,8.35243624447406,10.6573496000153,Historical,World Bank API,8.35243624447406,10.6573496000153,5.677620798820993
2008-01-01,Zambia,ZMB,7.77389581542363,12.4455793463192,Historical,World Bank API,7.77389581542363,12.4455793463192,-6.926606945766145
2009-01-01,Zambia,ZMB,9.2203484058663,13.3952546325895,Historical,World Bank API,9.2203484058663,13.3952546325895,18.60653428841774
2010-01-01,Zambia,ZMB,10.2982233241213,8.50176133365265,Historical,World Bank API,10.2982233241213,8.50176133365265,11.690175585655949
2011-01-01,Zambia,ZMB,5.56925219263019,6.4293968107234,Historical,World Bank API,5.56925219263019,6.4293968107234,-45.92026199717913
2012-01-01,Zambia,ZMB,7.59738104901994,6.57589970757698,Historical,World Bank API,7.59738104901994,6.57589970757698,36.41653827552611
2013-01-01,Zambia,ZMB,5.05753695047252,6.97767605490307,Historical,World Bank API,5.05753695047252,6.97767605490307,-33.43052141467958
2014-01-01,Zambia,ZMB,4.69328316376705,7.80687553566333,Historical,World Bank API,4.69328316376705,7.80687553566333,-7.2021972409205715
2015-01-01,Zambia,ZMB,2.92037511217961,10.1105928909618,Historical,World Bank API,2.92037511217961,10.1105928909618,-37.77543331019517
2016-01-01,Zambia,ZMB,3.75510031678988,17.8697300795268,Historical,World Bank API,3.75510031678988,17.8697300795268,28.58280777455593
2017-01-01,Zambia,ZMB,3.52586277149926,6.57731154205644,Historical,World Bank API,3.52586277149926,6.57731154205644,-6.104698302350231
2018-01-01,Zambia,ZMB,4.03449389667165,7.4945719272852,Historical,World Bank API,4.03449389667165,7.4945719272852,14.425720969171785
2019-01-01,Zambia,ZMB,1.44130602603785,9.15031644316296,Historical,World Bank API,1.44130602603785,9.15031644316296,-64.27541934747035
2020-01-01,Zambia,ZMB,-2.78505506545167,15.7330604721369,Historical,World Bank API,-2.78505506545167,15.7330604721369,-293.2313481757782
2021-01-01,Zambia,ZMB,6.23492204726448,22.0207676245777,Historical,World Bank API,6.23492204726448,22.0207676245777,-323.87069198767614
2022-01-01,Zambia,ZMB,5.21122360356247,10.9932039209136,Historical,World Bank API,5.21122360356247,10.9932039209136,-16.418784965421494
2023-01-01,Zambia,ZMB,5.36794285493059,10.884531691282,Historical,World Bank API,5.36794285493059,10.884531691282,3.007340756995802
2024-01-01,Zambia,ZMB,3.82004825518591,14.9856262747939,Historical,World Bank API,3.82004825518591,14.9856262747939,-28.83589936735075
2000-01-01,Zimbabwe,ZWE,-3.05911780575599,,Historical,World Bank API,-3.05911780575599,6.747787530076212,
2001-01-01,Zimbabwe,ZWE,1.43951727721958,,Historical,World Bank API,1.43951727721958,6.747787530076212,-147.05661463939066
2002-01-01,Zimbabwe,ZWE,-8.89401285792752,,Historical,World Bank API,-8.89401285792752,6.747787530076212,-717.8468990039673
2003-01-01,Zimbabwe,ZWE,-16.9950733355763,,Historical,World Bank API,-16.9950733355763,6.747787530076212,91.08442507397598
2004-01-01,Zimbabwe,ZWE,-5.80753964196205,,Historical,World Bank API,-5.80753964196205,6.747787530076212,-65.82809895968526
2005-01-01,Zimbabwe,ZWE,-5.71112541241364,,Historical,World Bank API,-5.71112541241364,6.747787530076212,-1.6601562019787908
2006-01-01,Zimbabwe,ZWE,-3.46140290336963,,Historical,World Bank API,-3.46140290336963,6.747787530076212,-39.391929726390494
2007-01-01,Zimbabwe,ZWE,-3.653250914872,,Historical,World Bank API,-3.653250914872,6.747787530076212,5.542492938791055
2008-01-01,Zimbabwe,ZWE,-17.6689987958491,,Historical,World Bank API,-17.6689987958491,6.747787530076212,383.6513890661182
2009-01-01,Zimbabwe,ZWE,13.2720546167979,,Historical,World Bank API,13.2720546167979,6.747787530076212,-175.11492173464774
2010-01-01,Zimbabwe,ZWE,19.6754077019323,3.02267002518892,Historical,World Bank API,19.6754077019323,3.02267002518892,48.24688618316817
2011-01-01,Zimbabwe,ZWE,14.1939156801139,3.4661297281749,Historical,World Bank API,14.1939156801139,3.4661297281749,-27.859610864785633
2012-01-01,Zimbabwe,ZWE,16.6654290410337,3.72532666110646,Historical,World Bank API,16.6654290410337,3.72532666110646,17.4124844519294
2013-01-01,Zimbabwe,ZWE,1.98948554025198,1.63495041543822,Historical,World Bank API,1.98948554025198,1.63495041543822,-88.06220028687255
2014-01-01,Zimbabwe,ZWE,2.37698561663417,-0.19778481012661,Historical,World Bank API,2.37698561663417,-0.19778481012661,19.477400993480497
2015-01-01,Zimbabwe,ZWE,1.77985356392176,-2.43096842383404,Historical,World Bank API,1.77985356392176,-2.43096842383404,-25.121399495801466
2016-01-01,Zimbabwe,ZWE,0.75579405855224,-1.54366960054161,Historical,World Bank API,0.75579405855224,-1.54366960054161,-57.53616624016471
2017-01-01,Zimbabwe,ZWE,4.73441117758482,0.893962316050027,Historical,World Bank API,4.73441117758482,0.893962316050027,526.4155061834983
2018-01-01,Zimbabwe,ZWE,5.00992154297603,10.6188658669575,Historical,World Bank API,5.00992154297603,10.6188658669575,5.819316385015716
2019-01-01,Zimbabwe,ZWE,-6.33244976028571,255.304990757856,Historical,World Bank API,-6.33244976028571,255.304990757856,-226.39818220634376
2020-01-01,Zimbabwe,ZWE,-7.81695060188729,557.201817362051,Historical,World Bank API,-7.81695060188729,557.201817362051,23.44275750771374
2021-01-01,Zimbabwe,ZWE,8.46801676808001,98.5461050920624,Historical,World Bank API,8.46801676808001,98.5461050920624,-208.3289021429345
2022-01-01,Zimbabwe,ZWE,6.13926327570213,104.705170628667,Historical,World Bank API,6.13926327570213,104.705170628667,-27.500577244438883
2023-01-01,Zimbabwe,ZWE,5.3508687909833,,Historical,World Bank API,5.3508687909833,6.747787530076212,-12.841841916751218
2024-01-01,Zimbabwe,ZWE,1.74239524880791,,Historical,World Bank API,1.74239524880791,6.747787530076212,-67.43715241637014
